"UserID","day_nr","Gender","Alc_Freq","condition"
17,NA,NA,NA,"NA/NA"
43,NA,NA,NA,"NA/NA"
44,NA,NA,NA,"NA/NA"
52,NA,NA,NA,"NA/NA"
93,NA,NA,NA,"NA/NA"
94,NA,NA,NA,"NA/NA"
95,NA,NA,NA,"NA/NA"
96,NA,NA,NA,"NA/NA"
97,NA,NA,NA,"NA/NA"
98,NA,NA,NA,"NA/NA"
99,NA,NA,NA,"NA/NA"
100,NA,NA,NA,"NA/NA"
101,NA,NA,NA,"NA/NA"
102,NA,NA,NA,"NA/NA"
104,NA,NA,NA,"NA/NA"
105,NA,NA,NA,"NA/NA"
106,1,"1",NA,"Negative/Social"
106,2,"1",NA,"Negative/Social"
106,3,"1",NA,"Negative/Social"
106,4,"1",NA,"Negative/Social"
106,5,"1",1,"Negative/Social"
106,6,"1",6,"Negative/Social"
106,9,"1",3,"Negative/Social"
106,10,"1",NA,"Negative/Social"
106,11,"1",NA,"Negative/Social"
106,11,"1",NA,"Negative/Social"
106,12,"1",3,"Negative/Social"
106,12,"1",3,"Negative/Social"
106,13,"1",NA,"Negative/Social"
106,14,"1",NA,"Negative/Social"
106,15,"1",NA,"Negative/Social"
106,16,"1",NA,"Negative/Social"
106,17,"1",NA,"Negative/Social"
106,18,"1",9,"Negative/Social"
106,19,"1",NA,"Negative/Social"
106,20,"1",NA,"Negative/Social"
106,21,"1",NA,"Negative/Social"
106,22,"1",NA,"Negative/Social"
106,23,"1",NA,"Negative/Social"
106,24,"1",NA,"Negative/Social"
106,25,"1",NA,"Negative/Social"
106,26,"1",NA,"Negative/Social"
106,29,"1",NA,"Negative/Social"
106,30,"1",NA,"Negative/Social"
106,31,"1",NA,"Negative/Social"
106,33,"1",NA,"Negative/Social"
106,34,"1",NA,"Negative/Social"
106,35,"1",NA,"Negative/Social"
106,36,"1",NA,"Negative/Social"
106,37,"1",NA,"Negative/Social"
106,38,"1",5,"Negative/Social"
106,39,"1",1,"Negative/Social"
106,40,"1",1,"Negative/Social"
106,41,"1",5,"Negative/Social"
106,42,"1",NA,"Negative/Social"
106,43,"1",NA,"Negative/Social"
107,1,"1",NA,"Negative/Social"
107,2,"1",10,"Negative/Social"
107,3,"1",NA,"Negative/Social"
107,4,"1",1,"Negative/Social"
107,5,"1",2,"Negative/Social"
107,6,"1",2,"Negative/Social"
107,7,"1",NA,"Negative/Social"
107,8,"1",10,"Negative/Social"
107,9,"1",NA,"Negative/Social"
107,10,"1",NA,"Negative/Social"
107,10,"1",10,"Negative/Social"
107,11,"1",7,"Negative/Social"
107,12,"1",1,"Negative/Social"
107,13,"1",1,"Negative/Social"
107,13,"1",1,"Negative/Social"
107,14,"1",NA,"Negative/Social"
107,15,"1",2,"Negative/Social"
107,16,"1",NA,"Negative/Social"
107,17,"1",10,"Negative/Social"
107,18,"1",4,"Negative/Social"
107,19,"1",2,"Negative/Social"
107,20,"1",2,"Negative/Social"
107,21,"1",NA,"Negative/Social"
107,22,"1",NA,"Negative/Social"
107,23,"1",NA,"Negative/Social"
107,24,"1",2,"Negative/Social"
107,25,"1",1,"Negative/Social"
107,26,"1",NA,"Negative/Social"
107,27,"1",NA,"Negative/Social"
107,28,"1",5,"Negative/Social"
107,30,"1",NA,"Negative/Social"
107,31,"1",1,"Negative/Social"
107,32,"1",3,"Negative/Social"
107,33,"1",0,"Negative/Social"
107,34,"1",4,"Negative/Social"
107,35,"1",1,"Negative/Social"
107,36,"1",6,"Negative/Social"
107,37,"1",2,"Negative/Social"
107,38,"1",6,"Negative/Social"
107,39,"1",12,"Negative/Social"
107,39,"1",12,"Negative/Social"
107,40,"1",1,"Negative/Social"
107,41,"1",7,"Negative/Social"
107,42,"1",14,"Negative/Social"
107,43,"1",2,"Negative/Social"
108,1,"1",NA,"Negative/Social"
108,2,"1",10,"Negative/Social"
108,3,"1",NA,"Negative/Social"
108,4,"1",12,"Negative/Social"
108,5,"1",8,"Negative/Social"
108,6,"1",1,"Negative/Social"
108,7,"1",1,"Negative/Social"
108,8,"1",6,"Negative/Social"
108,9,"1",NA,"Negative/Social"
108,10,"1",NA,"Negative/Social"
108,11,"1",10,"Negative/Social"
108,12,"1",NA,"Negative/Social"
108,13,"1",NA,"Negative/Social"
108,14,"1",NA,"Negative/Social"
108,15,"1",NA,"Negative/Social"
108,16,"1",NA,"Negative/Social"
108,17,"1",NA,"Negative/Social"
108,18,"1",NA,"Negative/Social"
108,19,"1",NA,"Negative/Social"
108,20,"1",1,"Negative/Social"
108,21,"1",1,"Negative/Social"
108,22,"1",NA,"Negative/Social"
108,23,"1",3,"Negative/Social"
108,24,"1",4,"Negative/Social"
108,25,"1",1,"Negative/Social"
108,26,"1",2,"Negative/Social"
108,27,"1",2,"Negative/Social"
108,28,"1",NA,"Negative/Social"
108,29,"1",2,"Negative/Social"
108,30,"1",NA,"Negative/Social"
108,31,"1",3,"Negative/Social"
108,32,"1",3,"Negative/Social"
108,33,"1",2,"Negative/Social"
108,34,"1",NA,"Negative/Social"
108,35,"1",5,"Negative/Social"
108,35,"1",4,"Negative/Social"
108,36,"1",8,"Negative/Social"
108,38,"1",8,"Negative/Social"
108,39,"1",NA,"Negative/Social"
108,40,"1",1,"Negative/Social"
108,41,"1",NA,"Negative/Social"
108,42,"1",NA,"Negative/Social"
108,43,"1",NA,"Negative/Social"
110,1,"1",NA,"Negative/Social"
110,2,"1",NA,"Negative/Social"
110,3,"1",NA,"Negative/Social"
110,4,"1",NA,"Negative/Social"
110,5,"1",NA,"Negative/Social"
110,6,"1",NA,"Negative/Social"
110,7,"1",NA,"Negative/Social"
110,8,"1",NA,"Negative/Social"
110,9,"1",NA,"Negative/Social"
110,10,"1",NA,"Negative/Social"
110,11,"1",3,"Negative/Social"
110,12,"1",NA,"Negative/Social"
110,13,"1",NA,"Negative/Social"
110,14,"1",NA,"Negative/Social"
110,15,"1",NA,"Negative/Social"
110,16,"1",NA,"Negative/Social"
110,17,"1",NA,"Negative/Social"
110,18,"1",NA,"Negative/Social"
110,19,"1",NA,"Negative/Social"
110,20,"1",NA,"Negative/Social"
110,22,"1",NA,"Negative/Social"
110,23,"1",3,"Negative/Social"
110,24,"1",NA,"Negative/Social"
110,25,"1",6,"Negative/Social"
110,26,"1",NA,"Negative/Social"
110,27,"1",NA,"Negative/Social"
110,28,"1",NA,"Negative/Social"
110,29,"1",NA,"Negative/Social"
110,30,"1",NA,"Negative/Social"
110,31,"1",NA,"Negative/Social"
110,32,"1",NA,"Negative/Social"
110,33,"1",NA,"Negative/Social"
110,34,"1",NA,"Negative/Social"
110,35,"1",NA,"Negative/Social"
110,36,"1",NA,"Negative/Social"
110,37,"1",2,"Negative/Social"
110,38,"1",1,"Negative/Social"
110,38,"1",NA,"Negative/Social"
110,39,"1",NA,"Negative/Social"
110,40,"1",NA,"Negative/Social"
110,41,"1",NA,"Negative/Social"
110,42,"1",NA,"Negative/Social"
110,43,"1",NA,"Negative/Social"
111,1,"1",NA,"Negative/Social"
111,2,"1",NA,"Negative/Social"
111,3,"1",3,"Negative/Social"
111,4,"1",7,"Negative/Social"
111,5,"1",15,"Negative/Social"
111,6,"1",5,"Negative/Social"
111,7,"1",NA,"Negative/Social"
111,8,"1",5,"Negative/Social"
111,9,"1",NA,"Negative/Social"
111,10,"1",2,"Negative/Social"
111,11,"1",5,"Negative/Social"
111,12,"1",2,"Negative/Social"
111,13,"1",NA,"Negative/Social"
111,14,"1",NA,"Negative/Social"
111,15,"1",NA,"Negative/Social"
111,16,"1",2,"Negative/Social"
111,17,"1",15,"Negative/Social"
111,18,"1",8,"Negative/Social"
111,19,"1",2,"Negative/Social"
111,20,"1",6,"Negative/Social"
111,21,"1",NA,"Negative/Social"
111,22,"1",NA,"Negative/Social"
111,23,"1",NA,"Negative/Social"
111,25,"1",4,"Negative/Social"
111,26,"1",20,"Negative/Social"
111,27,"1",NA,"Negative/Social"
111,28,"1",NA,"Negative/Social"
111,31,"1",2,"Negative/Social"
111,32,"1",6,"Negative/Social"
111,33,"1",10,"Negative/Social"
111,33,"1",NA,"Negative/Social"
111,36,"1",NA,"Negative/Social"
111,37,"1",1,"Negative/Social"
111,38,"1",10,"Negative/Social"
111,39,"1",3,"Negative/Social"
111,41,"1",5,"Negative/Social"
111,43,"1",1,"Negative/Social"
112,1,"2",5,"Negative/Non-Social"
112,2,"2",6,"Negative/Non-Social"
112,3,"2",10,"Negative/Non-Social"
112,4,"2",8,"Negative/Non-Social"
112,5,"2",NA,"Negative/Non-Social"
112,7,"2",3,"Negative/Non-Social"
112,8,"2",4,"Negative/Non-Social"
112,9,"2",4,"Negative/Non-Social"
112,10,"2",NA,"Negative/Non-Social"
112,11,"2",NA,"Negative/Non-Social"
112,12,"2",5,"Negative/Non-Social"
112,13,"2",NA,"Negative/Non-Social"
112,14,"2",5,"Negative/Non-Social"
112,15,"2",NA,"Negative/Non-Social"
112,16,"2",NA,"Negative/Non-Social"
112,18,"2",7,"Negative/Non-Social"
112,21,"2",NA,"Negative/Non-Social"
112,22,"2",NA,"Negative/Non-Social"
112,24,"2",10,"Negative/Non-Social"
112,26,"2",2,"Negative/Non-Social"
112,29,"2",4,"Negative/Non-Social"
112,30,"2",3,"Negative/Non-Social"
112,31,"2",NA,"Negative/Non-Social"
112,32,"2",NA,"Negative/Non-Social"
112,33,"2",3,"Negative/Non-Social"
112,35,"2",3,"Negative/Non-Social"
112,36,"2",NA,"Negative/Non-Social"
112,38,"2",NA,"Negative/Non-Social"
112,39,"2",3,"Negative/Non-Social"
112,40,"2",4,"Negative/Non-Social"
112,41,"2",NA,"Negative/Non-Social"
112,43,"2",NA,"Negative/Non-Social"
114,1,"2",NA,"Negative/Non-Social"
114,2,"2",NA,"Negative/Non-Social"
114,3,"2",NA,"Negative/Non-Social"
114,4,"2",NA,"Negative/Non-Social"
114,6,"2",NA,"Negative/Non-Social"
114,8,"2",NA,"Negative/Non-Social"
114,9,"2",NA,"Negative/Non-Social"
114,10,"2",3,"Negative/Non-Social"
114,11,"2",NA,"Negative/Non-Social"
114,12,"2",NA,"Negative/Non-Social"
114,13,"2",NA,"Negative/Non-Social"
114,14,"2",NA,"Negative/Non-Social"
114,15,"2",NA,"Negative/Non-Social"
114,16,"2",NA,"Negative/Non-Social"
114,17,"2",9,"Negative/Non-Social"
114,18,"2",8,"Negative/Non-Social"
114,20,"2",NA,"Negative/Non-Social"
114,21,"2",NA,"Negative/Non-Social"
114,22,"2",NA,"Negative/Non-Social"
114,23,"2",NA,"Negative/Non-Social"
114,24,"2",NA,"Negative/Non-Social"
114,26,"2",6,"Negative/Non-Social"
114,27,"2",NA,"Negative/Non-Social"
114,28,"2",NA,"Negative/Non-Social"
114,29,"2",NA,"Negative/Non-Social"
114,30,"2",NA,"Negative/Non-Social"
114,31,"2",NA,"Negative/Non-Social"
114,32,"2",NA,"Negative/Non-Social"
114,34,"2",NA,"Negative/Non-Social"
114,35,"2",NA,"Negative/Non-Social"
114,36,"2",NA,"Negative/Non-Social"
114,37,"2",NA,"Negative/Non-Social"
114,38,"2",NA,"Negative/Non-Social"
114,39,"2",1,"Negative/Non-Social"
114,40,"2",8,"Negative/Non-Social"
114,42,"2",NA,"Negative/Non-Social"
114,43,"2",NA,"Negative/Non-Social"
115,1,"2",NA,"Negative/Non-Social"
115,1,"2",NA,"Negative/Non-Social"
115,2,"2",NA,"Negative/Non-Social"
115,3,"2",NA,"Negative/Non-Social"
115,4,"2",NA,"Negative/Non-Social"
115,5,"2",NA,"Negative/Non-Social"
115,6,"2",NA,"Negative/Non-Social"
115,7,"2",NA,"Negative/Non-Social"
115,7,"2",1,"Negative/Non-Social"
115,9,"2",NA,"Negative/Non-Social"
115,9,"2",NA,"Negative/Non-Social"
115,10,"2",NA,"Negative/Non-Social"
115,10,"2",NA,"Negative/Non-Social"
115,11,"2",NA,"Negative/Non-Social"
115,11,"2",NA,"Negative/Non-Social"
115,12,"2",2,"Negative/Non-Social"
115,12,"2",NA,"Negative/Non-Social"
115,13,"2",NA,"Negative/Non-Social"
115,15,"2",NA,"Negative/Non-Social"
115,15,"2",NA,"Negative/Non-Social"
115,16,"2",NA,"Negative/Non-Social"
115,17,"2",NA,"Negative/Non-Social"
115,18,"2",NA,"Negative/Non-Social"
115,19,"2",1,"Negative/Non-Social"
115,20,"2",1,"Negative/Non-Social"
115,20,"2",NA,"Negative/Non-Social"
115,21,"2",NA,"Negative/Non-Social"
115,22,"2",NA,"Negative/Non-Social"
115,23,"2",NA,"Negative/Non-Social"
115,24,"2",NA,"Negative/Non-Social"
115,25,"2",NA,"Negative/Non-Social"
115,26,"2",4,"Negative/Non-Social"
115,27,"2",NA,"Negative/Non-Social"
115,27,"2",NA,"Negative/Non-Social"
115,28,"2",NA,"Negative/Non-Social"
115,29,"2",NA,"Negative/Non-Social"
115,31,"2",NA,"Negative/Non-Social"
115,32,"2",NA,"Negative/Non-Social"
115,33,"2",NA,"Negative/Non-Social"
115,34,"2",NA,"Negative/Non-Social"
115,35,"2",NA,"Negative/Non-Social"
115,37,"2",NA,"Negative/Non-Social"
115,39,"2",NA,"Negative/Non-Social"
115,41,"2",NA,"Negative/Non-Social"
115,42,"2",NA,"Negative/Non-Social"
115,42,"2",NA,"Negative/Non-Social"
115,43,"2",NA,"Negative/Non-Social"
116,1,"2",NA,"Positive/Non-Social"
116,2,"2",NA,"Positive/Non-Social"
116,3,"2",NA,"Positive/Non-Social"
116,4,"2",NA,"Positive/Non-Social"
116,5,"2",NA,"Positive/Non-Social"
116,6,"2",NA,"Positive/Non-Social"
116,7,"2",NA,"Positive/Non-Social"
116,8,"2",NA,"Positive/Non-Social"
116,9,"2",NA,"Positive/Non-Social"
116,10,"2",NA,"Positive/Non-Social"
116,11,"2",NA,"Positive/Non-Social"
116,12,"2",7,"Positive/Non-Social"
116,13,"2",NA,"Positive/Non-Social"
116,14,"2",NA,"Positive/Non-Social"
116,15,"2",NA,"Positive/Non-Social"
116,16,"2",NA,"Positive/Non-Social"
116,17,"2",NA,"Positive/Non-Social"
116,18,"2",NA,"Positive/Non-Social"
116,19,"2",1,"Positive/Non-Social"
116,20,"2",1,"Positive/Non-Social"
116,21,"2",NA,"Positive/Non-Social"
116,22,"2",NA,"Positive/Non-Social"
116,23,"2",NA,"Positive/Non-Social"
116,24,"2",NA,"Positive/Non-Social"
116,25,"2",5,"Positive/Non-Social"
116,26,"2",NA,"Positive/Non-Social"
116,27,"2",NA,"Positive/Non-Social"
116,28,"2",NA,"Positive/Non-Social"
116,29,"2",NA,"Positive/Non-Social"
116,30,"2",NA,"Positive/Non-Social"
116,31,"2",NA,"Positive/Non-Social"
116,32,"2",1,"Positive/Non-Social"
116,33,"2",NA,"Positive/Non-Social"
116,34,"2",NA,"Positive/Non-Social"
116,36,"2",1,"Positive/Non-Social"
116,37,"2",3,"Positive/Non-Social"
116,38,"2",2,"Positive/Non-Social"
116,39,"2",NA,"Positive/Non-Social"
116,40,"2",NA,"Positive/Non-Social"
116,41,"2",NA,"Positive/Non-Social"
116,42,"2",1,"Positive/Non-Social"
116,43,"2",1,"Positive/Non-Social"
117,1,"2",NA,"Positive/Non-Social"
117,2,"2",NA,"Positive/Non-Social"
117,3,"2",NA,"Positive/Non-Social"
117,4,"2",NA,"Positive/Non-Social"
117,5,"2",1,"Positive/Non-Social"
117,6,"2",NA,"Positive/Non-Social"
117,7,"2",NA,"Positive/Non-Social"
117,8,"2",NA,"Positive/Non-Social"
117,9,"2",NA,"Positive/Non-Social"
117,10,"2",NA,"Positive/Non-Social"
117,11,"2",NA,"Positive/Non-Social"
117,12,"2",NA,"Positive/Non-Social"
117,13,"2",NA,"Positive/Non-Social"
117,14,"2",NA,"Positive/Non-Social"
117,15,"2",NA,"Positive/Non-Social"
117,16,"2",NA,"Positive/Non-Social"
117,17,"2",NA,"Positive/Non-Social"
117,18,"2",NA,"Positive/Non-Social"
117,19,"2",NA,"Positive/Non-Social"
117,20,"2",NA,"Positive/Non-Social"
117,21,"2",NA,"Positive/Non-Social"
117,22,"2",NA,"Positive/Non-Social"
117,24,"2",NA,"Positive/Non-Social"
117,25,"2",3,"Positive/Non-Social"
117,26,"2",NA,"Positive/Non-Social"
117,28,"2",NA,"Positive/Non-Social"
117,29,"2",NA,"Positive/Non-Social"
117,30,"2",NA,"Positive/Non-Social"
117,31,"2",NA,"Positive/Non-Social"
117,32,"2",NA,"Positive/Non-Social"
117,33,"2",1,"Positive/Non-Social"
117,34,"2",NA,"Positive/Non-Social"
117,35,"2",NA,"Positive/Non-Social"
117,36,"2",NA,"Positive/Non-Social"
117,37,"2",4,"Positive/Non-Social"
117,38,"2",NA,"Positive/Non-Social"
117,39,"2",NA,"Positive/Non-Social"
117,40,"2",NA,"Positive/Non-Social"
117,41,"2",NA,"Positive/Non-Social"
117,42,"2",1,"Positive/Non-Social"
117,43,"2",1,"Positive/Non-Social"
119,1,"1",NA,"Positive/Non-Social"
119,2,"1",NA,"Positive/Non-Social"
119,3,"1",NA,"Positive/Non-Social"
119,4,"1",NA,"Positive/Non-Social"
119,6,"1",NA,"Positive/Non-Social"
119,7,"1",NA,"Positive/Non-Social"
119,8,"1",NA,"Positive/Non-Social"
119,9,"1",NA,"Positive/Non-Social"
119,10,"1",NA,"Positive/Non-Social"
119,11,"1",NA,"Positive/Non-Social"
119,12,"1",NA,"Positive/Non-Social"
119,14,"1",NA,"Positive/Non-Social"
119,15,"1",NA,"Positive/Non-Social"
119,16,"1",NA,"Positive/Non-Social"
119,18,"1",NA,"Positive/Non-Social"
119,19,"1",NA,"Positive/Non-Social"
119,20,"1",NA,"Positive/Non-Social"
119,21,"1",NA,"Positive/Non-Social"
119,22,"1",6,"Positive/Non-Social"
119,23,"1",NA,"Positive/Non-Social"
119,24,"1",NA,"Positive/Non-Social"
119,25,"1",NA,"Positive/Non-Social"
119,26,"1",NA,"Positive/Non-Social"
119,27,"1",NA,"Positive/Non-Social"
119,28,"1",NA,"Positive/Non-Social"
119,29,"1",NA,"Positive/Non-Social"
119,30,"1",NA,"Positive/Non-Social"
119,31,"1",NA,"Positive/Non-Social"
119,32,"1",NA,"Positive/Non-Social"
119,33,"1",NA,"Positive/Non-Social"
119,34,"1",NA,"Positive/Non-Social"
119,35,"1",NA,"Positive/Non-Social"
119,36,"1",NA,"Positive/Non-Social"
119,37,"1",NA,"Positive/Non-Social"
119,38,"1",7,"Positive/Non-Social"
119,39,"1",NA,"Positive/Non-Social"
119,40,"1",NA,"Positive/Non-Social"
119,41,"1",NA,"Positive/Non-Social"
119,42,"1",NA,"Positive/Non-Social"
119,43,"1",NA,"Positive/Non-Social"
120,1,"2",4,"Negative/Non-Social"
120,2,"2",15,"Negative/Non-Social"
120,3,"2",NA,"Negative/Non-Social"
120,4,"2",7,"Negative/Non-Social"
120,5,"2",NA,"Negative/Non-Social"
120,6,"2",NA,"Negative/Non-Social"
120,7,"2",3,"Negative/Non-Social"
120,8,"2",NA,"Negative/Non-Social"
120,9,"2",10,"Negative/Non-Social"
120,10,"2",1,"Negative/Non-Social"
120,11,"2",10,"Negative/Non-Social"
120,12,"2",NA,"Negative/Non-Social"
120,13,"2",NA,"Negative/Non-Social"
120,14,"2",NA,"Negative/Non-Social"
120,15,"2",4,"Negative/Non-Social"
120,16,"2",NA,"Negative/Non-Social"
120,17,"2",NA,"Negative/Non-Social"
120,18,"2",NA,"Negative/Non-Social"
120,19,"2",8,"Negative/Non-Social"
120,20,"2",NA,"Negative/Non-Social"
120,21,"2",NA,"Negative/Non-Social"
120,22,"2",2,"Negative/Non-Social"
120,23,"2",8,"Negative/Non-Social"
120,24,"2",NA,"Negative/Non-Social"
120,25,"2",10,"Negative/Non-Social"
120,26,"2",NA,"Negative/Non-Social"
120,27,"2",NA,"Negative/Non-Social"
120,28,"2",1,"Negative/Non-Social"
120,29,"2",NA,"Negative/Non-Social"
120,30,"2",12,"Negative/Non-Social"
120,31,"2",2,"Negative/Non-Social"
120,33,"2",NA,"Negative/Non-Social"
120,34,"2",NA,"Negative/Non-Social"
120,36,"2",NA,"Negative/Non-Social"
120,37,"2",10,"Negative/Non-Social"
120,39,"2",10,"Negative/Non-Social"
120,40,"2",NA,"Negative/Non-Social"
120,42,"2",NA,"Negative/Non-Social"
120,43,"2",3,"Negative/Non-Social"
121,1,"2",NA,"Negative/Non-Social"
121,2,"2",6,"Negative/Non-Social"
121,3,"2",NA,"Negative/Non-Social"
121,4,"2",1,"Negative/Non-Social"
121,5,"2",NA,"Negative/Non-Social"
121,6,"2",1,"Negative/Non-Social"
121,7,"2",NA,"Negative/Non-Social"
121,8,"2",1,"Negative/Non-Social"
121,9,"2",4,"Negative/Non-Social"
121,10,"2",6,"Negative/Non-Social"
121,11,"2",NA,"Negative/Non-Social"
121,12,"2",NA,"Negative/Non-Social"
121,13,"2",NA,"Negative/Non-Social"
121,14,"2",NA,"Negative/Non-Social"
121,15,"2",NA,"Negative/Non-Social"
121,16,"2",4,"Negative/Non-Social"
121,20,"2",6,"Negative/Non-Social"
121,21,"2",NA,"Negative/Non-Social"
121,22,"2",NA,"Negative/Non-Social"
121,23,"2",NA,"Negative/Non-Social"
121,25,"2",3,"Negative/Non-Social"
121,26,"2",NA,"Negative/Non-Social"
121,27,"2",NA,"Negative/Non-Social"
121,28,"2",NA,"Negative/Non-Social"
121,29,"2",NA,"Negative/Non-Social"
121,30,"2",6,"Negative/Non-Social"
121,31,"2",2,"Negative/Non-Social"
121,32,"2",NA,"Negative/Non-Social"
121,33,"2",NA,"Negative/Non-Social"
121,34,"2",NA,"Negative/Non-Social"
121,35,"2",2,"Negative/Non-Social"
121,37,"2",7,"Negative/Non-Social"
121,38,"2",5,"Negative/Non-Social"
121,39,"2",5,"Negative/Non-Social"
121,40,"2",NA,"Negative/Non-Social"
121,41,"2",NA,"Negative/Non-Social"
121,42,"2",NA,"Negative/Non-Social"
121,43,"2",NA,"Negative/Non-Social"
122,4,"2",NA,"Negative/Non-Social"
122,5,"2",NA,"Negative/Non-Social"
122,6,"2",NA,"Negative/Non-Social"
122,13,"2",NA,"Negative/Non-Social"
122,14,"2",NA,"Negative/Non-Social"
122,16,"2",NA,"Negative/Non-Social"
122,17,"2",NA,"Negative/Non-Social"
122,19,"2",NA,"Negative/Non-Social"
122,21,"2",NA,"Negative/Non-Social"
122,22,"2",NA,"Negative/Non-Social"
122,28,"2",NA,"Negative/Non-Social"
122,29,"2",2,"Negative/Non-Social"
122,32,"2",NA,"Negative/Non-Social"
122,34,"2",5,"Negative/Non-Social"
122,41,"2",1,"Negative/Non-Social"
122,42,"2",NA,"Negative/Non-Social"
122,43,"2",NA,"Negative/Non-Social"
123,1,"2",3,"Negative/Non-Social"
123,2,"2",15,"Negative/Non-Social"
123,3,"2",1,"Negative/Non-Social"
123,4,"2",NA,"Negative/Non-Social"
123,5,"2",3,"Negative/Non-Social"
123,6,"2",3,"Negative/Non-Social"
123,7,"2",10,"Negative/Non-Social"
123,8,"2",NA,"Negative/Non-Social"
123,9,"2",8,"Negative/Non-Social"
123,10,"2",NA,"Negative/Non-Social"
123,11,"2",NA,"Negative/Non-Social"
123,12,"2",NA,"Negative/Non-Social"
123,13,"2",2,"Negative/Non-Social"
123,14,"2",NA,"Negative/Non-Social"
123,15,"2",1,"Negative/Non-Social"
123,16,"2",1,"Negative/Non-Social"
123,17,"2",8,"Negative/Non-Social"
123,18,"2",NA,"Negative/Non-Social"
123,19,"2",NA,"Negative/Non-Social"
123,20,"2",2,"Negative/Non-Social"
123,21,"2",NA,"Negative/Non-Social"
123,22,"2",NA,"Negative/Non-Social"
123,23,"2",1,"Negative/Non-Social"
123,24,"2",NA,"Negative/Non-Social"
123,25,"2",9,"Negative/Non-Social"
123,26,"2",NA,"Negative/Non-Social"
123,27,"2",2,"Negative/Non-Social"
123,29,"2",NA,"Negative/Non-Social"
123,30,"2",10,"Negative/Non-Social"
123,31,"2",15,"Negative/Non-Social"
123,32,"2",3,"Negative/Non-Social"
123,33,"2",1,"Negative/Non-Social"
123,34,"2",3,"Negative/Non-Social"
123,35,"2",4,"Negative/Non-Social"
123,36,"2",2,"Negative/Non-Social"
123,37,"2",8,"Negative/Non-Social"
123,38,"2",7,"Negative/Non-Social"
123,40,"2",NA,"Negative/Non-Social"
123,41,"2",2,"Negative/Non-Social"
123,42,"2",NA,"Negative/Non-Social"
123,43,"2",NA,"Negative/Non-Social"
124,1,"2",NA,"Negative/Non-Social"
124,1,"2",10,"Negative/Non-Social"
124,3,"2",NA,"Negative/Non-Social"
124,4,"2",1,"Negative/Non-Social"
124,5,"2",NA,"Negative/Non-Social"
124,6,"2",NA,"Negative/Non-Social"
124,8,"2",NA,"Negative/Non-Social"
124,9,"2",8,"Negative/Non-Social"
124,10,"2",NA,"Negative/Non-Social"
124,11,"2",10,"Negative/Non-Social"
124,12,"2",NA,"Negative/Non-Social"
124,13,"2",NA,"Negative/Non-Social"
124,14,"2",NA,"Negative/Non-Social"
124,15,"2",1,"Negative/Non-Social"
124,16,"2",10,"Negative/Non-Social"
124,17,"2",NA,"Negative/Non-Social"
124,18,"2",3,"Negative/Non-Social"
124,19,"2",8,"Negative/Non-Social"
124,20,"2",NA,"Negative/Non-Social"
124,21,"2",2,"Negative/Non-Social"
124,22,"2",NA,"Negative/Non-Social"
124,23,"2",NA,"Negative/Non-Social"
124,24,"2",NA,"Negative/Non-Social"
124,25,"2",3,"Negative/Non-Social"
124,26,"2",NA,"Negative/Non-Social"
124,27,"2",NA,"Negative/Non-Social"
124,28,"2",3,"Negative/Non-Social"
124,28,"2",NA,"Negative/Non-Social"
124,29,"2",4,"Negative/Non-Social"
124,30,"2",10,"Negative/Non-Social"
124,31,"2",NA,"Negative/Non-Social"
124,33,"2",NA,"Negative/Non-Social"
124,34,"2",NA,"Negative/Non-Social"
124,35,"2",6,"Negative/Non-Social"
124,36,"2",NA,"Negative/Non-Social"
124,37,"2",7,"Negative/Non-Social"
124,38,"2",2,"Negative/Non-Social"
124,39,"2",7,"Negative/Non-Social"
124,40,"2",NA,"Negative/Non-Social"
124,41,"2",NA,"Negative/Non-Social"
124,42,"2",NA,"Negative/Non-Social"
124,43,"2",NA,"Negative/Non-Social"
125,1,"2",NA,"Negative/Non-Social"
125,2,"2",10,"Negative/Non-Social"
125,3,"2",NA,"Negative/Non-Social"
125,4,"2",NA,"Negative/Non-Social"
125,5,"2",NA,"Negative/Non-Social"
125,6,"2",NA,"Negative/Non-Social"
125,7,"2",NA,"Negative/Non-Social"
125,8,"2",2,"Negative/Non-Social"
125,9,"2",10,"Negative/Non-Social"
125,10,"2",NA,"Negative/Non-Social"
125,11,"2",5,"Negative/Non-Social"
125,12,"2",3,"Negative/Non-Social"
125,13,"2",NA,"Negative/Non-Social"
125,14,"2",NA,"Negative/Non-Social"
125,15,"2",NA,"Negative/Non-Social"
125,16,"2",1,"Negative/Non-Social"
125,17,"2",NA,"Negative/Non-Social"
125,18,"2",1,"Negative/Non-Social"
125,19,"2",1,"Negative/Non-Social"
125,20,"2",1,"Negative/Non-Social"
125,21,"2",NA,"Negative/Non-Social"
125,22,"2",2,"Negative/Non-Social"
125,23,"2",8,"Negative/Non-Social"
125,24,"2",2,"Negative/Non-Social"
125,25,"2",NA,"Negative/Non-Social"
125,26,"2",2,"Negative/Non-Social"
125,27,"2",NA,"Negative/Non-Social"
125,28,"2",NA,"Negative/Non-Social"
125,29,"2",NA,"Negative/Non-Social"
125,30,"2",8,"Negative/Non-Social"
125,31,"2",NA,"Negative/Non-Social"
125,32,"2",2,"Negative/Non-Social"
125,33,"2",NA,"Negative/Non-Social"
125,34,"2",NA,"Negative/Non-Social"
125,35,"2",NA,"Negative/Non-Social"
125,36,"2",NA,"Negative/Non-Social"
125,37,"2",NA,"Negative/Non-Social"
125,38,"2",3,"Negative/Non-Social"
125,39,"2",3,"Negative/Non-Social"
125,40,"2",NA,"Negative/Non-Social"
125,41,"2",7,"Negative/Non-Social"
125,42,"2",NA,"Negative/Non-Social"
125,43,"2",NA,"Negative/Non-Social"
126,1,"2",NA,"Negative/Non-Social"
126,2,"2",15,"Negative/Non-Social"
126,3,"2",6,"Negative/Non-Social"
126,4,"2",NA,"Negative/Non-Social"
126,7,"2",NA,"Negative/Non-Social"
126,8,"2",NA,"Negative/Non-Social"
126,9,"2",1,"Negative/Non-Social"
126,10,"2",NA,"Negative/Non-Social"
126,11,"2",9,"Negative/Non-Social"
126,12,"2",1,"Negative/Non-Social"
126,13,"2",2,"Negative/Non-Social"
126,14,"2",NA,"Negative/Non-Social"
126,15,"2",NA,"Negative/Non-Social"
126,16,"2",7,"Negative/Non-Social"
126,17,"2",3,"Negative/Non-Social"
126,18,"2",8,"Negative/Non-Social"
126,19,"2",5,"Negative/Non-Social"
126,20,"2",16,"Negative/Non-Social"
126,21,"2",NA,"Negative/Non-Social"
126,22,"2",5,"Negative/Non-Social"
126,23,"2",5,"Negative/Non-Social"
126,24,"2",NA,"Negative/Non-Social"
126,25,"2",NA,"Negative/Non-Social"
126,26,"2",NA,"Negative/Non-Social"
126,28,"2",NA,"Negative/Non-Social"
126,29,"2",NA,"Negative/Non-Social"
126,30,"2",6,"Negative/Non-Social"
126,32,"2",7,"Negative/Non-Social"
126,33,"2",NA,"Negative/Non-Social"
126,34,"2",1,"Negative/Non-Social"
126,35,"2",NA,"Negative/Non-Social"
126,36,"2",NA,"Negative/Non-Social"
126,37,"2",NA,"Negative/Non-Social"
126,38,"2",10,"Negative/Non-Social"
126,39,"2",5,"Negative/Non-Social"
126,41,"2",1,"Negative/Non-Social"
126,42,"2",NA,"Negative/Non-Social"
126,43,"2",NA,"Negative/Non-Social"
127,NA,"2",NA,"Negative/Non-Social"
128,1,"2",NA,"Negative/Non-Social"
128,3,"2",NA,"Negative/Non-Social"
128,4,"2",NA,"Negative/Non-Social"
128,7,"2",NA,"Negative/Non-Social"
128,8,"2",NA,"Negative/Non-Social"
128,11,"2",NA,"Negative/Non-Social"
128,15,"2",NA,"Negative/Non-Social"
128,16,"2",NA,"Negative/Non-Social"
128,18,"2",15,"Negative/Non-Social"
128,19,"2",NA,"Negative/Non-Social"
128,21,"2",2,"Negative/Non-Social"
128,22,"2",NA,"Negative/Non-Social"
128,24,"2",NA,"Negative/Non-Social"
128,30,"2",NA,"Negative/Non-Social"
128,32,"2",NA,"Negative/Non-Social"
128,34,"2",15,"Negative/Non-Social"
128,35,"2",NA,"Negative/Non-Social"
128,38,"2",NA,"Negative/Non-Social"
128,39,"2",3,"Negative/Non-Social"
128,42,"2",NA,"Negative/Non-Social"
128,43,"2",NA,"Negative/Non-Social"
129,1,"2",NA,"Negative/Non-Social"
129,2,"2",8,"Negative/Non-Social"
129,4,"2",NA,"Negative/Non-Social"
129,5,"2",NA,"Negative/Non-Social"
129,6,"2",NA,"Negative/Non-Social"
129,7,"2",NA,"Negative/Non-Social"
129,8,"2",NA,"Negative/Non-Social"
129,9,"2",15,"Negative/Non-Social"
129,10,"2",NA,"Negative/Non-Social"
129,11,"2",15,"Negative/Non-Social"
129,12,"2",NA,"Negative/Non-Social"
129,13,"2",NA,"Negative/Non-Social"
129,14,"2",NA,"Negative/Non-Social"
129,15,"2",NA,"Negative/Non-Social"
129,16,"2",7,"Negative/Non-Social"
129,17,"2",NA,"Negative/Non-Social"
129,18,"2",NA,"Negative/Non-Social"
129,19,"2",NA,"Negative/Non-Social"
129,20,"2",NA,"Negative/Non-Social"
129,22,"2",NA,"Negative/Non-Social"
129,23,"2",NA,"Negative/Non-Social"
129,24,"2",NA,"Negative/Non-Social"
129,25,"2",NA,"Negative/Non-Social"
129,26,"2",NA,"Negative/Non-Social"
129,27,"2",NA,"Negative/Non-Social"
129,28,"2",NA,"Negative/Non-Social"
129,29,"2",NA,"Negative/Non-Social"
129,30,"2",8,"Negative/Non-Social"
129,32,"2",18,"Negative/Non-Social"
129,33,"2",NA,"Negative/Non-Social"
129,34,"2",NA,"Negative/Non-Social"
129,35,"2",NA,"Negative/Non-Social"
129,36,"2",NA,"Negative/Non-Social"
129,38,"2",NA,"Negative/Non-Social"
129,39,"2",8,"Negative/Non-Social"
129,40,"2",NA,"Negative/Non-Social"
129,41,"2",NA,"Negative/Non-Social"
129,42,"2",NA,"Negative/Non-Social"
129,43,"2",NA,"Negative/Non-Social"
130,1,"2",NA,"Negative/Non-Social"
130,2,"2",8,"Negative/Non-Social"
130,3,"2",1,"Negative/Non-Social"
130,4,"2",NA,"Negative/Non-Social"
130,5,"2",NA,"Negative/Non-Social"
130,7,"2",9,"Negative/Non-Social"
130,8,"2",NA,"Negative/Non-Social"
130,9,"2",10,"Negative/Non-Social"
130,10,"2",NA,"Negative/Non-Social"
130,11,"2",NA,"Negative/Non-Social"
130,12,"2",NA,"Negative/Non-Social"
130,13,"2",NA,"Negative/Non-Social"
130,14,"2",NA,"Negative/Non-Social"
130,15,"2",NA,"Negative/Non-Social"
130,16,"2",NA,"Negative/Non-Social"
130,17,"2",NA,"Negative/Non-Social"
130,20,"2",4,"Negative/Non-Social"
130,21,"2",NA,"Negative/Non-Social"
130,21,"2",NA,"Negative/Non-Social"
130,22,"2",NA,"Negative/Non-Social"
130,23,"2",NA,"Negative/Non-Social"
130,24,"2",NA,"Negative/Non-Social"
130,26,"2",6,"Negative/Non-Social"
130,28,"2",NA,"Negative/Non-Social"
130,30,"2",NA,"Negative/Non-Social"
130,32,"2",4,"Negative/Non-Social"
130,34,"2",NA,"Negative/Non-Social"
130,35,"2",NA,"Negative/Non-Social"
130,39,"2",5,"Negative/Non-Social"
130,40,"2",5,"Negative/Non-Social"
130,41,"2",NA,"Negative/Non-Social"
130,42,"2",NA,"Negative/Non-Social"
130,43,"2",NA,"Negative/Non-Social"
131,1,"2",NA,"Negative/Non-Social"
131,1,"2",NA,"Negative/Non-Social"
131,2,"2",9,"Negative/Non-Social"
131,3,"2",NA,"Negative/Non-Social"
131,4,"2",NA,"Negative/Non-Social"
131,5,"2",2,"Negative/Non-Social"
131,6,"2",NA,"Negative/Non-Social"
131,7,"2",NA,"Negative/Non-Social"
131,9,"2",12,"Negative/Non-Social"
131,10,"2",NA,"Negative/Non-Social"
131,11,"2",10,"Negative/Non-Social"
131,12,"2",NA,"Negative/Non-Social"
131,13,"2",1,"Negative/Non-Social"
131,14,"2",2,"Negative/Non-Social"
131,14,"2",3,"Negative/Non-Social"
131,15,"2",NA,"Negative/Non-Social"
131,17,"2",NA,"Negative/Non-Social"
131,19,"2",12,"Negative/Non-Social"
131,20,"2",5,"Negative/Non-Social"
131,21,"2",NA,"Negative/Non-Social"
131,22,"2",NA,"Negative/Non-Social"
131,23,"2",8,"Negative/Non-Social"
131,26,"2",NA,"Negative/Non-Social"
131,28,"2",NA,"Negative/Non-Social"
131,29,"2",NA,"Negative/Non-Social"
131,30,"2",8,"Negative/Non-Social"
131,31,"2",NA,"Negative/Non-Social"
131,33,"2",NA,"Negative/Non-Social"
131,34,"2",4,"Negative/Non-Social"
131,35,"2",10,"Negative/Non-Social"
131,36,"2",NA,"Negative/Non-Social"
131,37,"2",10,"Negative/Non-Social"
131,38,"2",2,"Negative/Non-Social"
131,39,"2",4,"Negative/Non-Social"
131,40,"2",NA,"Negative/Non-Social"
131,42,"2",NA,"Negative/Non-Social"
131,43,"2",NA,"Negative/Non-Social"
132,1,"2",NA,"Negative/Non-Social"
132,2,"2",15,"Negative/Non-Social"
132,3,"2",2,"Negative/Non-Social"
132,4,"2",NA,"Negative/Non-Social"
132,5,"2",2,"Negative/Non-Social"
132,6,"2",1,"Negative/Non-Social"
132,7,"2",3,"Negative/Non-Social"
132,8,"2",NA,"Negative/Non-Social"
132,9,"2",18,"Negative/Non-Social"
132,10,"2",NA,"Negative/Non-Social"
132,11,"2",12,"Negative/Non-Social"
132,12,"2",NA,"Negative/Non-Social"
132,13,"2",1,"Negative/Non-Social"
132,14,"2",NA,"Negative/Non-Social"
132,15,"2",5,"Negative/Non-Social"
132,16,"2",11,"Negative/Non-Social"
132,17,"2",1,"Negative/Non-Social"
132,18,"2",8,"Negative/Non-Social"
132,20,"2",2,"Negative/Non-Social"
132,22,"2",3,"Negative/Non-Social"
132,23,"2",13,"Negative/Non-Social"
132,24,"2",NA,"Negative/Non-Social"
132,25,"2",10,"Negative/Non-Social"
132,27,"2",8,"Negative/Non-Social"
132,28,"2",1,"Negative/Non-Social"
132,30,"2",15,"Negative/Non-Social"
132,32,"2",13,"Negative/Non-Social"
132,33,"2",14,"Negative/Non-Social"
132,35,"2",13,"Negative/Non-Social"
132,39,"2",4,"Negative/Non-Social"
132,40,"2",15,"Negative/Non-Social"
132,41,"2",NA,"Negative/Non-Social"
132,42,"2",NA,"Negative/Non-Social"
132,43,"2",NA,"Negative/Non-Social"
134,1,"2",NA,"Negative/Non-Social"
134,2,"2",10,"Negative/Non-Social"
134,3,"2",NA,"Negative/Non-Social"
134,4,"2",2,"Negative/Non-Social"
134,5,"2",3,"Negative/Non-Social"
134,6,"2",NA,"Negative/Non-Social"
134,7,"2",NA,"Negative/Non-Social"
134,8,"2",NA,"Negative/Non-Social"
134,9,"2",10,"Negative/Non-Social"
134,10,"2",NA,"Negative/Non-Social"
134,11,"2",10,"Negative/Non-Social"
134,12,"2",NA,"Negative/Non-Social"
134,13,"2",NA,"Negative/Non-Social"
134,14,"2",NA,"Negative/Non-Social"
134,15,"2",NA,"Negative/Non-Social"
134,15,"2",NA,"Negative/Non-Social"
134,16,"2",1,"Negative/Non-Social"
134,17,"2",NA,"Negative/Non-Social"
134,18,"2",NA,"Negative/Non-Social"
134,19,"2",10,"Negative/Non-Social"
134,20,"2",NA,"Negative/Non-Social"
134,21,"2",NA,"Negative/Non-Social"
134,22,"2",NA,"Negative/Non-Social"
134,24,"2",NA,"Negative/Non-Social"
134,24,"2",6,"Negative/Non-Social"
134,25,"2",NA,"Negative/Non-Social"
134,26,"2",5,"Negative/Non-Social"
134,26,"2",3,"Negative/Non-Social"
134,27,"2",2,"Negative/Non-Social"
134,28,"2",NA,"Negative/Non-Social"
134,29,"2",NA,"Negative/Non-Social"
134,30,"2",NA,"Negative/Non-Social"
134,31,"2",NA,"Negative/Non-Social"
134,32,"2",NA,"Negative/Non-Social"
134,33,"2",4,"Negative/Non-Social"
134,34,"2",2,"Negative/Non-Social"
134,35,"2",NA,"Negative/Non-Social"
134,36,"2",NA,"Negative/Non-Social"
134,37,"2",4,"Negative/Non-Social"
134,38,"2",NA,"Negative/Non-Social"
134,39,"2",5,"Negative/Non-Social"
134,40,"2",1,"Negative/Non-Social"
134,41,"2",NA,"Negative/Non-Social"
134,42,"2",NA,"Negative/Non-Social"
135,1,"2",NA,"Negative/Non-Social"
135,2,"2",10,"Negative/Non-Social"
135,3,"2",NA,"Negative/Non-Social"
135,4,"2",NA,"Negative/Non-Social"
135,5,"2",NA,"Negative/Non-Social"
135,6,"2",NA,"Negative/Non-Social"
135,7,"2",NA,"Negative/Non-Social"
135,8,"2",NA,"Negative/Non-Social"
135,9,"2",10,"Negative/Non-Social"
135,11,"2",NA,"Negative/Non-Social"
135,11,"2",10,"Negative/Non-Social"
135,12,"2",3,"Negative/Non-Social"
135,13,"2",NA,"Negative/Non-Social"
135,14,"2",1,"Negative/Non-Social"
135,15,"2",NA,"Negative/Non-Social"
135,16,"2",2,"Negative/Non-Social"
135,17,"2",NA,"Negative/Non-Social"
135,18,"2",NA,"Negative/Non-Social"
135,19,"2",NA,"Negative/Non-Social"
135,20,"2",NA,"Negative/Non-Social"
135,21,"2",NA,"Negative/Non-Social"
135,22,"2",5,"Negative/Non-Social"
135,23,"2",10,"Negative/Non-Social"
135,24,"2",1,"Negative/Non-Social"
135,25,"2",8,"Negative/Non-Social"
135,26,"2",NA,"Negative/Non-Social"
135,27,"2",NA,"Negative/Non-Social"
135,28,"2",NA,"Negative/Non-Social"
135,29,"2",2,"Negative/Non-Social"
135,30,"2",8,"Negative/Non-Social"
135,31,"2",NA,"Negative/Non-Social"
135,32,"2",NA,"Negative/Non-Social"
135,33,"2",12,"Negative/Non-Social"
135,34,"2",NA,"Negative/Non-Social"
135,35,"2",8,"Negative/Non-Social"
135,36,"2",NA,"Negative/Non-Social"
135,37,"2",10,"Negative/Non-Social"
135,38,"2",NA,"Negative/Non-Social"
135,39,"2",7,"Negative/Non-Social"
135,40,"2",5,"Negative/Non-Social"
135,41,"2",7,"Negative/Non-Social"
135,42,"2",NA,"Negative/Non-Social"
135,43,"2",NA,"Negative/Non-Social"
136,1,"2",NA,"Negative/Non-Social"
136,2,"2",NA,"Negative/Non-Social"
136,3,"2",NA,"Negative/Non-Social"
136,4,"2",NA,"Negative/Non-Social"
136,5,"2",2,"Negative/Non-Social"
136,7,"2",8,"Negative/Non-Social"
136,8,"2",NA,"Negative/Non-Social"
136,9,"2",16,"Negative/Non-Social"
136,10,"2",NA,"Negative/Non-Social"
136,11,"2",NA,"Negative/Non-Social"
136,12,"2",NA,"Negative/Non-Social"
136,13,"2",NA,"Negative/Non-Social"
136,14,"2",NA,"Negative/Non-Social"
136,15,"2",NA,"Negative/Non-Social"
136,16,"2",9,"Negative/Non-Social"
136,17,"2",NA,"Negative/Non-Social"
136,18,"2",NA,"Negative/Non-Social"
136,19,"2",6,"Negative/Non-Social"
136,20,"2",2,"Negative/Non-Social"
136,21,"2",3,"Negative/Non-Social"
136,22,"2",NA,"Negative/Non-Social"
136,23,"2",NA,"Negative/Non-Social"
136,25,"2",NA,"Negative/Non-Social"
136,26,"2",NA,"Negative/Non-Social"
136,27,"2",2,"Negative/Non-Social"
136,28,"2",NA,"Negative/Non-Social"
136,29,"2",7,"Negative/Non-Social"
136,30,"2",10,"Negative/Non-Social"
136,31,"2",NA,"Negative/Non-Social"
136,32,"2",NA,"Negative/Non-Social"
136,33,"2",NA,"Negative/Non-Social"
136,34,"2",NA,"Negative/Non-Social"
136,35,"2",2,"Negative/Non-Social"
136,36,"2",NA,"Negative/Non-Social"
136,37,"2",12,"Negative/Non-Social"
136,38,"2",NA,"Negative/Non-Social"
136,39,"2",10,"Negative/Non-Social"
136,40,"2",NA,"Negative/Non-Social"
136,43,"2",NA,"Negative/Non-Social"
137,7,"2",NA,"Negative/Non-Social"
137,8,"2",NA,"Negative/Non-Social"
137,10,"2",6,"Negative/Non-Social"
137,11,"2",7,"Negative/Non-Social"
137,12,"2",NA,"Negative/Non-Social"
137,13,"2",NA,"Negative/Non-Social"
137,15,"2",NA,"Negative/Non-Social"
137,16,"2",3,"Negative/Non-Social"
137,18,"2",NA,"Negative/Non-Social"
137,19,"2",NA,"Negative/Non-Social"
137,20,"2",NA,"Negative/Non-Social"
137,21,"2",NA,"Negative/Non-Social"
137,27,"2",1,"Negative/Non-Social"
137,28,"2",NA,"Negative/Non-Social"
137,29,"2",NA,"Negative/Non-Social"
137,30,"2",NA,"Negative/Non-Social"
137,32,"2",NA,"Negative/Non-Social"
137,32,"2",NA,"Negative/Non-Social"
137,33,"2",NA,"Negative/Non-Social"
137,34,"2",7,"Negative/Non-Social"
137,37,"2",7,"Negative/Non-Social"
137,38,"2",NA,"Negative/Non-Social"
137,39,"2",5,"Negative/Non-Social"
137,40,"2",6,"Negative/Non-Social"
137,41,"2",NA,"Negative/Non-Social"
137,42,"2",NA,"Negative/Non-Social"
137,43,"2",NA,"Negative/Non-Social"
138,5,"2",NA,"Negative/Non-Social"
138,6,"2",NA,"Negative/Non-Social"
138,7,"2",2,"Negative/Non-Social"
138,8,"2",NA,"Negative/Non-Social"
138,9,"2",15,"Negative/Non-Social"
138,10,"2",NA,"Negative/Non-Social"
138,13,"2",NA,"Negative/Non-Social"
138,14,"2",2,"Negative/Non-Social"
138,15,"2",NA,"Negative/Non-Social"
138,16,"2",NA,"Negative/Non-Social"
138,17,"2",10,"Negative/Non-Social"
138,19,"2",NA,"Negative/Non-Social"
138,20,"2",8,"Negative/Non-Social"
138,21,"2",NA,"Negative/Non-Social"
138,22,"2",NA,"Negative/Non-Social"
138,24,"2",NA,"Negative/Non-Social"
138,28,"2",NA,"Negative/Non-Social"
138,29,"2",NA,"Negative/Non-Social"
138,30,"2",10,"Negative/Non-Social"
138,31,"2",NA,"Negative/Non-Social"
138,34,"2",NA,"Negative/Non-Social"
138,35,"2",NA,"Negative/Non-Social"
138,37,"2",NA,"Negative/Non-Social"
138,38,"2",2,"Negative/Non-Social"
138,39,"2",5,"Negative/Non-Social"
138,40,"2",1,"Negative/Non-Social"
138,41,"2",NA,"Negative/Non-Social"
138,42,"2",NA,"Negative/Non-Social"
138,43,"2",NA,"Negative/Non-Social"
139,1,"2",8,"Negative/Non-Social"
139,3,"2",NA,"Negative/Non-Social"
139,4,"2",NA,"Negative/Non-Social"
139,5,"2",NA,"Negative/Non-Social"
139,6,"2",NA,"Negative/Non-Social"
139,7,"2",0.5,"Negative/Non-Social"
139,8,"2",NA,"Negative/Non-Social"
139,9,"2",10,"Negative/Non-Social"
139,10,"2",NA,"Negative/Non-Social"
139,11,"2",2,"Negative/Non-Social"
139,12,"2",NA,"Negative/Non-Social"
139,13,"2",NA,"Negative/Non-Social"
139,14,"2",2,"Negative/Non-Social"
139,15,"2",NA,"Negative/Non-Social"
139,16,"2",4,"Negative/Non-Social"
139,17,"2",NA,"Negative/Non-Social"
139,18,"2",NA,"Negative/Non-Social"
139,19,"2",8,"Negative/Non-Social"
139,20,"2",NA,"Negative/Non-Social"
139,21,"2",NA,"Negative/Non-Social"
139,22,"2",NA,"Negative/Non-Social"
139,23,"2",4,"Negative/Non-Social"
139,24,"2",NA,"Negative/Non-Social"
139,25,"2",6,"Negative/Non-Social"
139,26,"2",3,"Negative/Non-Social"
139,27,"2",NA,"Negative/Non-Social"
139,28,"2",NA,"Negative/Non-Social"
139,29,"2",2,"Negative/Non-Social"
139,30,"2",8,"Negative/Non-Social"
139,31,"2",NA,"Negative/Non-Social"
139,32,"2",NA,"Negative/Non-Social"
139,33,"2",NA,"Negative/Non-Social"
139,34,"2",2,"Negative/Non-Social"
139,35,"2",2,"Negative/Non-Social"
139,36,"2",NA,"Negative/Non-Social"
139,37,"2",6,"Negative/Non-Social"
139,38,"2",NA,"Negative/Non-Social"
139,39,"2",10,"Negative/Non-Social"
139,40,"2",NA,"Negative/Non-Social"
139,41,"2",NA,"Negative/Non-Social"
139,42,"2",NA,"Negative/Non-Social"
139,43,"2",NA,"Negative/Non-Social"
140,1,"1",4,"Negative/Social"
140,2,"1",6,"Negative/Social"
140,3,"1",5,"Negative/Social"
140,4,"1",5,"Negative/Social"
140,5,"1",4,"Negative/Social"
140,6,"1",2,"Negative/Social"
140,7,"1",3,"Negative/Social"
140,8,"1",4,"Negative/Social"
140,10,"1",4,"Negative/Social"
140,11,"1",4,"Negative/Social"
140,12,"1",NA,"Negative/Social"
140,13,"1",1,"Negative/Social"
140,14,"1",NA,"Negative/Social"
140,15,"1",NA,"Negative/Social"
140,16,"1",NA,"Negative/Social"
140,17,"1",8,"Negative/Social"
140,18,"1",4,"Negative/Social"
140,19,"1",1,"Negative/Social"
140,20,"1",3,"Negative/Social"
140,21,"1",3,"Negative/Social"
140,22,"1",2,"Negative/Social"
140,23,"1",NA,"Negative/Social"
140,24,"1",5,"Negative/Social"
140,25,"1",10,"Negative/Social"
140,26,"1",14,"Negative/Social"
140,27,"1",2,"Negative/Social"
140,28,"1",NA,"Negative/Social"
140,29,"1",5,"Negative/Social"
140,30,"1",NA,"Negative/Social"
140,31,"1",NA,"Negative/Social"
140,32,"1",2,"Negative/Social"
140,34,"1",1,"Negative/Social"
140,35,"1",5,"Negative/Social"
140,36,"1",9,"Negative/Social"
140,37,"1",2,"Negative/Social"
140,38,"1",6,"Negative/Social"
140,39,"1",15,"Negative/Social"
140,40,"1",4,"Negative/Social"
140,41,"1",6,"Negative/Social"
140,42,"1",NA,"Negative/Social"
140,43,"1",1,"Negative/Social"
141,1,"1",NA,"Negative/Social"
141,2,"1",NA,"Negative/Social"
141,3,"1",3,"Negative/Social"
141,5,"1",5,"Negative/Social"
141,6,"1",3,"Negative/Social"
141,7,"1",NA,"Negative/Social"
141,8,"1",NA,"Negative/Social"
141,9,"1",NA,"Negative/Social"
141,10,"1",2,"Negative/Social"
141,11,"1",5,"Negative/Social"
141,12,"1",3,"Negative/Social"
141,13,"1",2,"Negative/Social"
141,14,"1",NA,"Negative/Social"
141,15,"1",1,"Negative/Social"
141,16,"1",1,"Negative/Social"
141,17,"1",2,"Negative/Social"
141,18,"1",2,"Negative/Social"
141,19,"1",3,"Negative/Social"
141,20,"1",3,"Negative/Social"
141,21,"1",NA,"Negative/Social"
141,22,"1",NA,"Negative/Social"
141,23,"1",1,"Negative/Social"
141,24,"1",1,"Negative/Social"
142,1,"1",1,"Negative/Social"
142,3,"1",2,"Negative/Social"
142,4,"1",4,"Negative/Social"
142,5,"1",2,"Negative/Social"
142,7,"1",NA,"Negative/Social"
142,9,"1",NA,"Negative/Social"
142,10,"1",NA,"Negative/Social"
142,11,"1",NA,"Negative/Social"
142,12,"1",NA,"Negative/Social"
142,14,"1",1,"Negative/Social"
142,16,"1",NA,"Negative/Social"
142,17,"1",15,"Negative/Social"
142,18,"1",NA,"Negative/Social"
142,19,"1",4,"Negative/Social"
142,20,"1",1,"Negative/Social"
142,21,"1",NA,"Negative/Social"
142,22,"1",4,"Negative/Social"
142,28,"1",NA,"Negative/Social"
142,29,"1",NA,"Negative/Social"
142,30,"1",15,"Negative/Social"
142,31,"1",10,"Negative/Social"
142,33,"1",15,"Negative/Social"
142,34,"1",NA,"Negative/Social"
142,36,"1",NA,"Negative/Social"
142,37,"1",NA,"Negative/Social"
142,38,"1",5,"Negative/Social"
143,1,"1",NA,"Negative/Social"
143,2,"1",NA,"Negative/Social"
143,3,"1",4,"Negative/Social"
143,4,"1",6,"Negative/Social"
143,5,"1",5,"Negative/Social"
143,6,"1",0,"Negative/Social"
143,7,"1",8,"Negative/Social"
143,8,"1",NA,"Negative/Social"
143,9,"1",NA,"Negative/Social"
143,10,"1",1,"Negative/Social"
143,11,"1",12,"Negative/Social"
143,12,"1",NA,"Negative/Social"
143,13,"1",NA,"Negative/Social"
143,14,"1",NA,"Negative/Social"
143,15,"1",NA,"Negative/Social"
143,16,"1",NA,"Negative/Social"
143,17,"1",2,"Negative/Social"
143,18,"1",15,"Negative/Social"
143,19,"1",NA,"Negative/Social"
143,20,"1",2,"Negative/Social"
143,21,"1",NA,"Negative/Social"
143,22,"1",NA,"Negative/Social"
143,23,"1",1,"Negative/Social"
143,24,"1",NA,"Negative/Social"
143,25,"1",25,"Negative/Social"
143,26,"1",20,"Negative/Social"
143,27,"1",NA,"Negative/Social"
143,29,"1",NA,"Negative/Social"
143,30,"1",NA,"Negative/Social"
143,31,"1",5,"Negative/Social"
143,32,"1",8,"Negative/Social"
143,33,"1",12,"Negative/Social"
143,34,"1",NA,"Negative/Social"
143,35,"1",3,"Negative/Social"
143,36,"1",NA,"Negative/Social"
143,37,"1",6,"Negative/Social"
143,38,"1",4,"Negative/Social"
143,39,"1",4,"Negative/Social"
143,40,"1",1,"Negative/Social"
143,41,"1",NA,"Negative/Social"
143,42,"1",NA,"Negative/Social"
143,43,"1",NA,"Negative/Social"
144,2,"1",NA,"Negative/Social"
144,3,"1",8,"Negative/Social"
144,5,"1",NA,"Negative/Social"
144,6,"1",2,"Negative/Social"
144,7,"1",1,"Negative/Social"
144,9,"1",NA,"Negative/Social"
144,10,"1",2,"Negative/Social"
145,1,"1",4,"Negative/Social"
145,2,"1",NA,"Negative/Social"
145,3,"1",10,"Negative/Social"
145,4,"1",5,"Negative/Social"
145,5,"1",6,"Negative/Social"
145,7,"1",NA,"Negative/Social"
145,9,"1",NA,"Negative/Social"
145,10,"1",15,"Negative/Social"
145,14,"1",NA,"Negative/Social"
145,15,"1",NA,"Negative/Social"
145,16,"1",NA,"Negative/Social"
145,18,"1",15,"Negative/Social"
145,20,"1",NA,"Negative/Social"
145,22,"1",NA,"Negative/Social"
145,28,"1",NA,"Negative/Social"
145,29,"1",NA,"Negative/Social"
145,30,"1",NA,"Negative/Social"
145,31,"1",NA,"Negative/Social"
145,33,"1",NA,"Negative/Social"
145,34,"1",NA,"Negative/Social"
145,35,"1",NA,"Negative/Social"
145,36,"1",10,"Negative/Social"
145,37,"1",NA,"Negative/Social"
145,38,"1",15,"Negative/Social"
145,42,"1",NA,"Negative/Social"
145,43,"1",15,"Negative/Social"
146,NA,"1",NA,"Negative/Social"
148,1,"1",1,"Negative/Social"
148,2,"1",NA,"Negative/Social"
148,3,"1",2,"Negative/Social"
148,4,"1",9,"Negative/Social"
148,5,"1",8,"Negative/Social"
148,6,"1",2,"Negative/Social"
148,7,"1",8,"Negative/Social"
148,9,"1",NA,"Negative/Social"
148,10,"1",2,"Negative/Social"
148,11,"1",12,"Negative/Social"
148,12,"1",NA,"Negative/Social"
148,13,"1",NA,"Negative/Social"
148,14,"1",4,"Negative/Social"
148,15,"1",NA,"Negative/Social"
149,1,"2",NA,"Negative/Non-Social"
149,3,"2",4,"Negative/Non-Social"
149,4,"2",2,"Negative/Non-Social"
149,5,"2",5,"Negative/Non-Social"
149,6,"2",NA,"Negative/Non-Social"
149,7,"2",NA,"Negative/Non-Social"
149,8,"2",NA,"Negative/Non-Social"
149,9,"2",1,"Negative/Non-Social"
149,10,"2",2,"Negative/Non-Social"
149,11,"2",6,"Negative/Non-Social"
149,12,"2",2,"Negative/Non-Social"
149,13,"2",1,"Negative/Non-Social"
149,14,"2",3,"Negative/Non-Social"
149,15,"2",1,"Negative/Non-Social"
149,17,"2",2,"Negative/Non-Social"
149,18,"2",5,"Negative/Non-Social"
149,19,"2",2,"Negative/Non-Social"
149,20,"2",3,"Negative/Non-Social"
149,21,"2",NA,"Negative/Non-Social"
149,22,"2",NA,"Negative/Non-Social"
149,23,"2",NA,"Negative/Non-Social"
149,24,"2",3,"Negative/Non-Social"
149,25,"2",4,"Negative/Non-Social"
149,32,"2",5,"Negative/Non-Social"
149,34,"2",NA,"Negative/Non-Social"
149,35,"2",NA,"Negative/Non-Social"
149,36,"2",6,"Negative/Non-Social"
149,37,"2",3,"Negative/Non-Social"
149,38,"2",2,"Negative/Non-Social"
149,41,"2",4,"Negative/Non-Social"
149,42,"2",1,"Negative/Non-Social"
149,43,"2",NA,"Negative/Non-Social"
150,1,"2",NA,"Negative/Non-Social"
150,2,"2",4,"Negative/Non-Social"
150,3,"2",NA,"Negative/Non-Social"
150,4,"2",10,"Negative/Non-Social"
150,5,"2",NA,"Negative/Non-Social"
150,6,"2",15,"Negative/Non-Social"
150,7,"2",NA,"Negative/Non-Social"
150,8,"2",NA,"Negative/Non-Social"
150,9,"2",20,"Negative/Non-Social"
150,10,"2",2,"Negative/Non-Social"
150,11,"2",13,"Negative/Non-Social"
150,12,"2",1,"Negative/Non-Social"
150,13,"2",9,"Negative/Non-Social"
150,14,"2",NA,"Negative/Non-Social"
150,14,"2",NA,"Negative/Non-Social"
150,15,"2",18,"Negative/Non-Social"
150,16,"2",4,"Negative/Non-Social"
150,17,"2",2,"Negative/Non-Social"
150,18,"2",18,"Negative/Non-Social"
150,19,"2",18,"Negative/Non-Social"
150,20,"2",25,"Negative/Non-Social"
150,21,"2",1,"Negative/Non-Social"
150,22,"2",3,"Negative/Non-Social"
150,24,"2",4,"Negative/Non-Social"
150,26,"2",4,"Negative/Non-Social"
150,27,"2",20,"Negative/Non-Social"
150,28,"2",NA,"Negative/Non-Social"
150,29,"2",2,"Negative/Non-Social"
150,30,"2",2,"Negative/Non-Social"
150,31,"2",5,"Negative/Non-Social"
150,32,"2",6,"Negative/Non-Social"
150,33,"2",20,"Negative/Non-Social"
150,34,"2",20,"Negative/Non-Social"
150,35,"2",6,"Negative/Non-Social"
150,35,"2",6,"Negative/Non-Social"
150,36,"2",5,"Negative/Non-Social"
150,37,"2",8,"Negative/Non-Social"
150,38,"2",2,"Negative/Non-Social"
150,39,"2",20,"Negative/Non-Social"
150,40,"2",5,"Negative/Non-Social"
150,40,"2",2,"Negative/Non-Social"
150,41,"2",NA,"Negative/Non-Social"
150,42,"2",7,"Negative/Non-Social"
150,43,"2",8,"Negative/Non-Social"
151,1,"2",3,"Negative/Non-Social"
151,2,"2",2,"Negative/Non-Social"
151,2,"2",NA,"Negative/Non-Social"
151,3,"2",NA,"Negative/Non-Social"
151,4,"2",10,"Negative/Non-Social"
151,5,"2",2,"Negative/Non-Social"
151,6,"2",1,"Negative/Non-Social"
151,7,"2",NA,"Negative/Non-Social"
151,8,"2",NA,"Negative/Non-Social"
151,9,"2",NA,"Negative/Non-Social"
151,10,"2",NA,"Negative/Non-Social"
151,11,"2",6,"Negative/Non-Social"
151,12,"2",NA,"Negative/Non-Social"
151,13,"2",2,"Negative/Non-Social"
151,14,"2",NA,"Negative/Non-Social"
151,15,"2",NA,"Negative/Non-Social"
151,16,"2",2,"Negative/Non-Social"
151,17,"2",1,"Negative/Non-Social"
151,18,"2",2,"Negative/Non-Social"
151,19,"2",10,"Negative/Non-Social"
151,20,"2",5,"Negative/Non-Social"
151,21,"2",NA,"Negative/Non-Social"
151,22,"2",NA,"Negative/Non-Social"
151,23,"2",NA,"Negative/Non-Social"
151,23,"2",1,"Negative/Non-Social"
151,25,"2",10,"Negative/Non-Social"
151,26,"2",4,"Negative/Non-Social"
151,27,"2",3,"Negative/Non-Social"
151,28,"2",NA,"Negative/Non-Social"
151,29,"2",NA,"Negative/Non-Social"
151,30,"2",1,"Negative/Non-Social"
151,31,"2",12,"Negative/Non-Social"
151,32,"2",1,"Negative/Non-Social"
151,33,"2",10,"Negative/Non-Social"
151,34,"2",NA,"Negative/Non-Social"
151,35,"2",NA,"Negative/Non-Social"
151,36,"2",1,"Negative/Non-Social"
151,37,"2",6,"Negative/Non-Social"
151,38,"2",3,"Negative/Non-Social"
151,39,"2",8,"Negative/Non-Social"
151,40,"2",2,"Negative/Non-Social"
151,41,"2",3,"Negative/Non-Social"
151,42,"2",5,"Negative/Non-Social"
151,43,"2",NA,"Negative/Non-Social"
152,6,"1",4,"Negative/Non-Social"
152,7,"1",NA,"Negative/Non-Social"
152,8,"1",1,"Negative/Non-Social"
152,10,"1",4,"Negative/Non-Social"
152,14,"1",NA,"Negative/Non-Social"
154,6,"1",NA,"Positive/Non-Social"
154,7,"1",6,"Positive/Non-Social"
154,8,"1",NA,"Positive/Non-Social"
154,9,"1",1,"Positive/Non-Social"
154,10,"1",2,"Positive/Non-Social"
154,11,"1",NA,"Positive/Non-Social"
154,12,"1",2,"Positive/Non-Social"
154,13,"1",NA,"Positive/Non-Social"
154,14,"1",NA,"Positive/Non-Social"
154,15,"1",NA,"Positive/Non-Social"
154,16,"1",7,"Positive/Non-Social"
154,17,"1",20,"Positive/Non-Social"
154,19,"1",2,"Positive/Non-Social"
154,21,"1",3,"Positive/Non-Social"
154,23,"1",6,"Positive/Non-Social"
154,24,"1",20,"Positive/Non-Social"
154,25,"1",3,"Positive/Non-Social"
154,26,"1",1,"Positive/Non-Social"
154,35,"1",5,"Positive/Non-Social"
154,41,"1",2,"Positive/Non-Social"
154,42,"1",NA,"Positive/Non-Social"
154,43,"1",2,"Positive/Non-Social"
156,1,"1",NA,"Positive/Non-Social"
156,2,"1",NA,"Positive/Non-Social"
156,3,"1",1,"Positive/Non-Social"
156,4,"1",NA,"Positive/Non-Social"
156,5,"1",12,"Positive/Non-Social"
156,6,"1",NA,"Positive/Non-Social"
156,7,"1",NA,"Positive/Non-Social"
156,10,"1",NA,"Positive/Non-Social"
156,10,"1",NA,"Positive/Non-Social"
156,11,"1",NA,"Positive/Non-Social"
156,12,"1",10,"Positive/Non-Social"
156,13,"1",NA,"Positive/Non-Social"
156,14,"1",NA,"Positive/Non-Social"
156,15,"1",NA,"Positive/Non-Social"
156,16,"1",6,"Positive/Non-Social"
156,18,"1",10,"Positive/Non-Social"
156,19,"1",15,"Positive/Non-Social"
156,20,"1",10,"Positive/Non-Social"
156,21,"1",3,"Positive/Non-Social"
156,22,"1",NA,"Positive/Non-Social"
156,24,"1",4,"Positive/Non-Social"
156,25,"1",6,"Positive/Non-Social"
156,26,"1",8,"Positive/Non-Social"
156,27,"1",NA,"Positive/Non-Social"
156,28,"1",6,"Positive/Non-Social"
156,29,"1",NA,"Positive/Non-Social"
156,31,"1",NA,"Positive/Non-Social"
156,32,"1",3,"Positive/Non-Social"
156,33,"1",5,"Positive/Non-Social"
156,34,"1",NA,"Positive/Non-Social"
156,36,"1",NA,"Positive/Non-Social"
156,37,"1",5,"Positive/Non-Social"
156,38,"1",NA,"Positive/Non-Social"
156,39,"1",5,"Positive/Non-Social"
156,40,"1",12,"Positive/Non-Social"
156,42,"1",5,"Positive/Non-Social"
156,43,"1",NA,"Positive/Non-Social"
157,1,"1",NA,"Positive/Non-Social"
157,2,"1",NA,"Positive/Non-Social"
157,3,"1",5,"Positive/Non-Social"
157,5,"1",NA,"Positive/Non-Social"
157,6,"1",NA,"Positive/Non-Social"
157,7,"1",NA,"Positive/Non-Social"
157,8,"1",NA,"Positive/Non-Social"
157,9,"1",NA,"Positive/Non-Social"
157,11,"1",10,"Positive/Non-Social"
157,14,"1",NA,"Positive/Non-Social"
157,15,"1",NA,"Positive/Non-Social"
157,18,"1",10,"Positive/Non-Social"
157,19,"1",10,"Positive/Non-Social"
157,20,"1",4,"Positive/Non-Social"
157,21,"1",NA,"Positive/Non-Social"
157,22,"1",NA,"Positive/Non-Social"
157,23,"1",6,"Positive/Non-Social"
157,23,"1",NA,"Positive/Non-Social"
157,24,"1",NA,"Positive/Non-Social"
157,25,"1",2,"Positive/Non-Social"
157,26,"1",NA,"Positive/Non-Social"
157,28,"1",NA,"Positive/Non-Social"
157,31,"1",NA,"Positive/Non-Social"
157,32,"1",NA,"Positive/Non-Social"
157,33,"1",NA,"Positive/Non-Social"
157,34,"1",NA,"Positive/Non-Social"
157,35,"1",NA,"Positive/Non-Social"
157,36,"1",NA,"Positive/Non-Social"
157,37,"1",NA,"Positive/Non-Social"
157,38,"1",NA,"Positive/Non-Social"
157,39,"1",NA,"Positive/Non-Social"
157,40,"1",8,"Positive/Non-Social"
157,41,"1",5,"Positive/Non-Social"
157,42,"1",NA,"Positive/Non-Social"
157,43,"1",NA,"Positive/Non-Social"
158,1,"1",NA,"Positive/Non-Social"
158,2,"1",20,"Positive/Non-Social"
158,3,"1",4,"Positive/Non-Social"
158,4,"1",10,"Positive/Non-Social"
158,5,"1",8,"Positive/Non-Social"
158,6,"1",3,"Positive/Non-Social"
158,7,"1",NA,"Positive/Non-Social"
158,8,"1",NA,"Positive/Non-Social"
158,9,"1",NA,"Positive/Non-Social"
158,11,"1",15,"Positive/Non-Social"
158,14,"1",NA,"Positive/Non-Social"
158,15,"1",NA,"Positive/Non-Social"
158,16,"1",8,"Positive/Non-Social"
158,17,"1",6,"Positive/Non-Social"
158,21,"1",NA,"Positive/Non-Social"
158,22,"1",10,"Positive/Non-Social"
158,25,"1",NA,"Positive/Non-Social"
158,27,"1",1,"Positive/Non-Social"
158,28,"1",NA,"Positive/Non-Social"
158,29,"1",NA,"Positive/Non-Social"
158,30,"1",NA,"Positive/Non-Social"
158,31,"1",20,"Positive/Non-Social"
158,32,"1",15,"Positive/Non-Social"
158,33,"1",5,"Positive/Non-Social"
158,34,"1",2,"Positive/Non-Social"
158,35,"1",4,"Positive/Non-Social"
158,36,"1",NA,"Positive/Non-Social"
158,40,"1",12,"Positive/Non-Social"
158,41,"1",8,"Positive/Non-Social"
158,42,"1",NA,"Positive/Non-Social"
158,43,"1",NA,"Positive/Non-Social"
159,1,"1",NA,"Positive/Non-Social"
159,2,"1",1,"Positive/Non-Social"
159,4,"1",NA,"Positive/Non-Social"
159,5,"1",NA,"Positive/Non-Social"
159,6,"1",NA,"Positive/Non-Social"
159,7,"1",NA,"Positive/Non-Social"
159,8,"1",NA,"Positive/Non-Social"
159,9,"1",NA,"Positive/Non-Social"
159,10,"1",5,"Positive/Non-Social"
159,11,"1",5,"Positive/Non-Social"
159,12,"1",NA,"Positive/Non-Social"
159,13,"1",NA,"Positive/Non-Social"
159,14,"1",NA,"Positive/Non-Social"
159,15,"1",1,"Positive/Non-Social"
159,16,"1",3,"Positive/Non-Social"
159,17,"1",8,"Positive/Non-Social"
159,18,"1",1,"Positive/Non-Social"
159,19,"1",NA,"Positive/Non-Social"
159,20,"1",1,"Positive/Non-Social"
159,21,"1",NA,"Positive/Non-Social"
159,22,"1",3,"Positive/Non-Social"
159,23,"1",2,"Positive/Non-Social"
159,24,"1",1,"Positive/Non-Social"
159,25,"1",10,"Positive/Non-Social"
159,26,"1",10,"Positive/Non-Social"
159,27,"1",NA,"Positive/Non-Social"
159,28,"1",NA,"Positive/Non-Social"
159,29,"1",NA,"Positive/Non-Social"
159,30,"1",3,"Positive/Non-Social"
159,31,"1",NA,"Positive/Non-Social"
159,32,"1",6,"Positive/Non-Social"
159,33,"1",5,"Positive/Non-Social"
159,34,"1",1,"Positive/Non-Social"
159,35,"1",NA,"Positive/Non-Social"
159,37,"1",4,"Positive/Non-Social"
159,38,"1",10,"Positive/Non-Social"
159,39,"1",NA,"Positive/Non-Social"
159,40,"1",NA,"Positive/Non-Social"
159,41,"1",NA,"Positive/Non-Social"
159,42,"1",NA,"Positive/Non-Social"
159,43,"1",NA,"Positive/Non-Social"
163,1,"1",NA,"Positive/Non-Social"
163,2,"1",NA,"Positive/Non-Social"
163,3,"1",NA,"Positive/Non-Social"
163,4,"1",1,"Positive/Non-Social"
163,5,"1",4,"Positive/Non-Social"
163,6,"1",NA,"Positive/Non-Social"
163,7,"1",NA,"Positive/Non-Social"
163,8,"1",NA,"Positive/Non-Social"
163,9,"1",NA,"Positive/Non-Social"
163,10,"1",NA,"Positive/Non-Social"
163,11,"1",15,"Positive/Non-Social"
163,12,"1",2,"Positive/Non-Social"
163,13,"1",NA,"Positive/Non-Social"
163,14,"1",NA,"Positive/Non-Social"
163,15,"1",NA,"Positive/Non-Social"
163,16,"1",6,"Positive/Non-Social"
163,17,"1",NA,"Positive/Non-Social"
163,18,"1",8,"Positive/Non-Social"
163,19,"1",4,"Positive/Non-Social"
163,20,"1",10,"Positive/Non-Social"
163,21,"1",NA,"Positive/Non-Social"
163,22,"1",NA,"Positive/Non-Social"
163,23,"1",NA,"Positive/Non-Social"
163,24,"1",NA,"Positive/Non-Social"
163,25,"1",20,"Positive/Non-Social"
163,26,"1",6,"Positive/Non-Social"
163,27,"1",3,"Positive/Non-Social"
163,28,"1",NA,"Positive/Non-Social"
163,29,"1",NA,"Positive/Non-Social"
163,30,"1",NA,"Positive/Non-Social"
163,31,"1",NA,"Positive/Non-Social"
163,32,"1",8,"Positive/Non-Social"
163,33,"1",8,"Positive/Non-Social"
163,34,"1",NA,"Positive/Non-Social"
163,35,"1",NA,"Positive/Non-Social"
163,37,"1",1,"Positive/Non-Social"
163,38,"1",NA,"Positive/Non-Social"
163,39,"1",8,"Positive/Non-Social"
163,40,"1",NA,"Positive/Non-Social"
163,41,"1",NA,"Positive/Non-Social"
163,42,"1",NA,"Positive/Non-Social"
163,43,"1",NA,"Positive/Non-Social"
164,1,"2",NA,"Negative/Social"
164,2,"2",NA,"Negative/Social"
164,3,"2",NA,"Negative/Social"
164,4,"2",NA,"Negative/Social"
164,5,"2",10,"Negative/Social"
164,6,"2",NA,"Negative/Social"
164,7,"2",NA,"Negative/Social"
164,8,"2",NA,"Negative/Social"
164,9,"2",NA,"Negative/Social"
164,10,"2",NA,"Negative/Social"
164,11,"2",2,"Negative/Social"
164,12,"2",NA,"Negative/Social"
164,13,"2",NA,"Negative/Social"
164,14,"2",NA,"Negative/Social"
164,15,"2",NA,"Negative/Social"
164,16,"2",NA,"Negative/Social"
164,17,"2",7,"Negative/Social"
164,18,"2",1,"Negative/Social"
164,19,"2",NA,"Negative/Social"
164,20,"2",6,"Negative/Social"
164,21,"2",NA,"Negative/Social"
164,22,"2",NA,"Negative/Social"
164,23,"2",NA,"Negative/Social"
164,24,"2",NA,"Negative/Social"
164,25,"2",NA,"Negative/Social"
164,26,"2",7,"Negative/Social"
164,27,"2",NA,"Negative/Social"
164,28,"2",NA,"Negative/Social"
164,29,"2",2,"Negative/Social"
164,30,"2",NA,"Negative/Social"
164,31,"2",7,"Negative/Social"
164,32,"2",NA,"Negative/Social"
164,33,"2",7,"Negative/Social"
164,34,"2",NA,"Negative/Social"
164,35,"2",NA,"Negative/Social"
164,36,"2",NA,"Negative/Social"
164,37,"2",6,"Negative/Social"
164,38,"2",3,"Negative/Social"
164,39,"2",NA,"Negative/Social"
164,40,"2",2,"Negative/Social"
164,41,"2",NA,"Negative/Social"
164,42,"2",NA,"Negative/Social"
164,43,"2",NA,"Negative/Social"
166,1,"1",NA,"Negative/Social"
166,2,"1",NA,"Negative/Social"
166,3,"1",NA,"Negative/Social"
166,4,"1",NA,"Negative/Social"
166,5,"1",7,"Negative/Social"
166,6,"1",NA,"Negative/Social"
166,7,"1",NA,"Negative/Social"
166,8,"1",NA,"Negative/Social"
166,9,"1",NA,"Negative/Social"
166,10,"1",NA,"Negative/Social"
166,11,"1",8,"Negative/Social"
166,12,"1",NA,"Negative/Social"
166,13,"1",NA,"Negative/Social"
166,14,"1",NA,"Negative/Social"
166,15,"1",NA,"Negative/Social"
166,16,"1",NA,"Negative/Social"
166,17,"1",9,"Negative/Social"
166,18,"1",NA,"Negative/Social"
166,19,"1",3,"Negative/Social"
166,20,"1",2,"Negative/Social"
166,21,"1",NA,"Negative/Social"
166,22,"1",NA,"Negative/Social"
166,24,"1",NA,"Negative/Social"
166,25,"1",12,"Negative/Social"
166,26,"1",3,"Negative/Social"
166,27,"1",NA,"Negative/Social"
166,28,"1",NA,"Negative/Social"
166,28,"1",NA,"Negative/Social"
166,29,"1",NA,"Negative/Social"
166,30,"1",NA,"Negative/Social"
166,31,"1",NA,"Negative/Social"
166,32,"1",9,"Negative/Social"
166,33,"1",3,"Negative/Social"
166,34,"1",NA,"Negative/Social"
166,35,"1",NA,"Negative/Social"
166,36,"1",NA,"Negative/Social"
166,37,"1",NA,"Negative/Social"
166,38,"1",2,"Negative/Social"
166,39,"1",8,"Negative/Social"
166,40,"1",4,"Negative/Social"
166,41,"1",NA,"Negative/Social"
166,42,"1",NA,"Negative/Social"
166,43,"1",NA,"Negative/Social"
167,1,"1",1,"Negative/Social"
167,2,"1",3,"Negative/Social"
167,3,"1",1,"Negative/Social"
167,4,"1",8,"Negative/Social"
167,5,"1",NA,"Negative/Social"
167,6,"1",NA,"Negative/Social"
167,7,"1",NA,"Negative/Social"
167,8,"1",NA,"Negative/Social"
167,9,"1",NA,"Negative/Social"
167,10,"1",NA,"Negative/Social"
167,11,"1",NA,"Negative/Social"
167,12,"1",5,"Negative/Social"
167,13,"1",NA,"Negative/Social"
167,14,"1",2,"Negative/Social"
167,15,"1",NA,"Negative/Social"
167,16,"1",NA,"Negative/Social"
167,17,"1",8,"Negative/Social"
167,18,"1",3,"Negative/Social"
167,19,"1",2,"Negative/Social"
167,20,"1",NA,"Negative/Social"
167,21,"1",NA,"Negative/Social"
167,22,"1",6,"Negative/Social"
167,23,"1",NA,"Negative/Social"
167,23,"1",NA,"Negative/Social"
167,24,"1",NA,"Negative/Social"
167,25,"1",8,"Negative/Social"
167,26,"1",NA,"Negative/Social"
167,27,"1",1,"Negative/Social"
167,28,"1",NA,"Negative/Social"
167,29,"1",NA,"Negative/Social"
167,30,"1",NA,"Negative/Social"
167,31,"1",2,"Negative/Social"
167,32,"1",9,"Negative/Social"
167,33,"1",5,"Negative/Social"
167,34,"1",1,"Negative/Social"
167,35,"1",NA,"Negative/Social"
167,36,"1",NA,"Negative/Social"
167,37,"1",NA,"Negative/Social"
167,38,"1",5,"Negative/Social"
167,39,"1",NA,"Negative/Social"
167,40,"1",1,"Negative/Social"
167,41,"1",NA,"Negative/Social"
167,42,"1",NA,"Negative/Social"
167,43,"1",NA,"Negative/Social"
168,6,"2",NA,"Positive/Social"
168,7,"2",NA,"Positive/Social"
168,9,"2",1,"Positive/Social"
168,10,"2",NA,"Positive/Social"
168,11,"2",2,"Positive/Social"
168,12,"2",NA,"Positive/Social"
169,1,"1",20,"Positive/Social"
169,2,"1",20,"Positive/Social"
169,3,"1",15,"Positive/Social"
169,4,"1",5,"Positive/Social"
169,5,"1",3,"Positive/Social"
169,6,"1",8,"Positive/Social"
169,7,"1",3,"Positive/Social"
169,8,"1",3,"Positive/Social"
169,9,"1",17,"Positive/Social"
169,11,"1",20,"Positive/Social"
169,12,"1",23,"Positive/Social"
169,13,"1",NA,"Positive/Social"
169,14,"1",2,"Positive/Social"
169,16,"1",2,"Positive/Social"
170,5,"1",NA,"Positive/Social"
170,6,"1",NA,"Positive/Social"
170,7,"1",NA,"Positive/Social"
170,8,"1",NA,"Positive/Social"
170,9,"1",NA,"Positive/Social"
170,10,"1",NA,"Positive/Social"
170,11,"1",NA,"Positive/Social"
170,12,"1",2,"Positive/Social"
170,13,"1",NA,"Positive/Social"
170,14,"1",1,"Positive/Social"
170,15,"1",NA,"Positive/Social"
170,16,"1",NA,"Positive/Social"
170,17,"1",NA,"Positive/Social"
170,18,"1",15,"Positive/Social"
170,19,"1",15,"Positive/Social"
170,20,"1",NA,"Positive/Social"
170,22,"1",NA,"Positive/Social"
170,23,"1",9,"Positive/Social"
170,24,"1",NA,"Positive/Social"
170,25,"1",3,"Positive/Social"
170,26,"1",4,"Positive/Social"
170,27,"1",10,"Positive/Social"
170,28,"1",NA,"Positive/Social"
170,29,"1",2,"Positive/Social"
170,30,"1",1,"Positive/Social"
170,31,"1",5,"Positive/Social"
170,32,"1",7,"Positive/Social"
170,33,"1",10,"Positive/Social"
170,36,"1",NA,"Positive/Social"
170,37,"1",2,"Positive/Social"
170,38,"1",12,"Positive/Social"
170,39,"1",6,"Positive/Social"
170,42,"1",1,"Positive/Social"
170,43,"1",NA,"Positive/Social"
171,1,"2",9,"Positive/Social"
171,2,"2",15,"Positive/Social"
171,3,"2",15,"Positive/Social"
171,4,"2",NA,"Positive/Social"
171,5,"2",NA,"Positive/Social"
171,6,"2",NA,"Positive/Social"
171,7,"2",NA,"Positive/Social"
171,8,"2",2,"Positive/Social"
171,9,"2",NA,"Positive/Social"
171,10,"2",NA,"Positive/Social"
171,11,"2",NA,"Positive/Social"
171,12,"2",9,"Positive/Social"
171,13,"2",NA,"Positive/Social"
171,14,"2",NA,"Positive/Social"
171,15,"2",NA,"Positive/Social"
171,16,"2",NA,"Positive/Social"
171,16,"2",NA,"Positive/Social"
171,18,"2",10,"Positive/Social"
171,19,"2",NA,"Positive/Social"
171,20,"2",NA,"Positive/Social"
171,21,"2",NA,"Positive/Social"
171,22,"2",NA,"Positive/Social"
171,23,"2",2,"Positive/Social"
171,24,"2",NA,"Positive/Social"
171,25,"2",NA,"Positive/Social"
171,26,"2",13,"Positive/Social"
171,27,"2",NA,"Positive/Social"
171,28,"2",NA,"Positive/Social"
171,29,"2",NA,"Positive/Social"
171,30,"2",NA,"Positive/Social"
171,31,"2",NA,"Positive/Social"
171,32,"2",NA,"Positive/Social"
171,33,"2",14,"Positive/Social"
171,34,"2",NA,"Positive/Social"
171,35,"2",NA,"Positive/Social"
171,36,"2",NA,"Positive/Social"
171,37,"2",NA,"Positive/Social"
171,38,"2",NA,"Positive/Social"
171,39,"2",8,"Positive/Social"
171,40,"2",9,"Positive/Social"
171,41,"2",NA,"Positive/Social"
171,42,"2",NA,"Positive/Social"
171,43,"2",NA,"Positive/Social"
172,1,"2",8,"Positive/Social"
172,2,"2",5,"Positive/Social"
172,4,"2",1,"Positive/Social"
172,5,"2",NA,"Positive/Social"
172,6,"2",NA,"Positive/Social"
172,7,"2",NA,"Positive/Social"
172,8,"2",NA,"Positive/Social"
172,9,"2",NA,"Positive/Social"
172,10,"2",3,"Positive/Social"
172,11,"2",7,"Positive/Social"
172,12,"2",NA,"Positive/Social"
172,13,"2",1,"Positive/Social"
172,14,"2",NA,"Positive/Social"
172,15,"2",1,"Positive/Social"
172,16,"2",1,"Positive/Social"
172,17,"2",NA,"Positive/Social"
172,19,"2",10,"Positive/Social"
172,20,"2",NA,"Positive/Social"
172,21,"2",2,"Positive/Social"
172,22,"2",NA,"Positive/Social"
172,23,"2",NA,"Positive/Social"
172,24,"2",5,"Positive/Social"
172,25,"2",9,"Positive/Social"
172,26,"2",8,"Positive/Social"
172,28,"2",NA,"Positive/Social"
172,29,"2",2,"Positive/Social"
172,30,"2",2,"Positive/Social"
172,31,"2",NA,"Positive/Social"
172,32,"2",10,"Positive/Social"
172,34,"2",4,"Positive/Social"
172,35,"2",NA,"Positive/Social"
172,36,"2",NA,"Positive/Social"
172,37,"2",2,"Positive/Social"
172,38,"2",NA,"Positive/Social"
172,39,"2",5,"Positive/Social"
172,40,"2",10,"Positive/Social"
172,41,"2",18,"Positive/Social"
172,42,"2",2,"Positive/Social"
172,43,"2",NA,"Positive/Social"
173,1,"1",12,"Positive/Social"
173,2,"1",18,"Positive/Social"
173,3,"1",8,"Positive/Social"
173,5,"1",NA,"Positive/Social"
173,7,"1",12,"Positive/Social"
173,8,"1",2,"Positive/Social"
173,11,"1",10,"Positive/Social"
173,14,"1",10,"Positive/Social"
173,15,"1",2,"Positive/Social"
173,19,"1",4,"Positive/Social"
173,20,"1",1,"Positive/Social"
173,21,"1",NA,"Positive/Social"
173,22,"1",4,"Positive/Social"
173,24,"1",NA,"Positive/Social"
173,25,"1",10,"Positive/Social"
173,27,"1",10,"Positive/Social"
173,28,"1",4,"Positive/Social"
173,29,"1",2,"Positive/Social"
173,30,"1",12,"Positive/Social"
173,31,"1",10,"Positive/Social"
173,32,"1",NA,"Positive/Social"
173,34,"1",1,"Positive/Social"
173,36,"1",14,"Positive/Social"
173,37,"1",NA,"Positive/Social"
173,38,"1",NA,"Positive/Social"
173,39,"1",NA,"Positive/Social"
173,41,"1",NA,"Positive/Social"
173,42,"1",12,"Positive/Social"
173,43,"1",NA,"Positive/Social"
175,1,"2",15,"Positive/Social"
175,7,"2",NA,"Positive/Social"
175,8,"2",NA,"Positive/Social"
175,9,"2",NA,"Positive/Social"
175,10,"2",NA,"Positive/Social"
175,11,"2",NA,"Positive/Social"
175,12,"2",NA,"Positive/Social"
175,13,"2",NA,"Positive/Social"
175,14,"2",NA,"Positive/Social"
175,15,"2",NA,"Positive/Social"
175,16,"2",NA,"Positive/Social"
175,18,"2",15,"Positive/Social"
175,19,"2",2,"Positive/Social"
175,20,"2",10,"Positive/Social"
175,22,"2",NA,"Positive/Social"
175,23,"2",2,"Positive/Social"
175,25,"2",15,"Positive/Social"
175,26,"2",NA,"Positive/Social"
175,28,"2",NA,"Positive/Social"
175,29,"2",NA,"Positive/Social"
175,30,"2",NA,"Positive/Social"
175,31,"2",NA,"Positive/Social"
175,32,"2",6,"Positive/Social"
175,33,"2",NA,"Positive/Social"
175,34,"2",NA,"Positive/Social"
175,35,"2",NA,"Positive/Social"
175,36,"2",NA,"Positive/Social"
175,37,"2",NA,"Positive/Social"
175,38,"2",12,"Positive/Social"
175,39,"2",NA,"Positive/Social"
175,41,"2",8,"Positive/Social"
175,42,"2",NA,"Positive/Social"
175,43,"2",NA,"Positive/Social"
176,4,"1",NA,"Positive/Social"
176,5,"1",1,"Positive/Social"
176,6,"1",1,"Positive/Social"
176,7,"1",1,"Positive/Social"
176,9,"1",2,"Positive/Social"
176,11,"1",1,"Positive/Social"
176,12,"1",15,"Positive/Social"
176,13,"1",NA,"Positive/Social"
176,14,"1",2,"Positive/Social"
176,15,"1",NA,"Positive/Social"
176,16,"1",NA,"Positive/Social"
176,17,"1",NA,"Positive/Social"
176,18,"1",4,"Positive/Social"
176,20,"1",NA,"Positive/Social"
176,21,"1",NA,"Positive/Social"
176,22,"1",NA,"Positive/Social"
176,23,"1",NA,"Positive/Social"
176,25,"1",2,"Positive/Social"
176,26,"1",10,"Positive/Social"
176,27,"1",NA,"Positive/Social"
176,28,"1",NA,"Positive/Social"
176,30,"1",NA,"Positive/Social"
176,31,"1",NA,"Positive/Social"
176,32,"1",NA,"Positive/Social"
176,34,"1",NA,"Positive/Social"
176,35,"1",NA,"Positive/Social"
176,36,"1",NA,"Positive/Social"
176,37,"1",3,"Positive/Social"
176,38,"1",12,"Positive/Social"
176,39,"1",8,"Positive/Social"
176,40,"1",5,"Positive/Social"
176,41,"1",NA,"Positive/Social"
177,1,"2",NA,"Positive/Social"
177,2,"2",7,"Positive/Social"
177,3,"2",8,"Positive/Social"
177,4,"2",6,"Positive/Social"
177,5,"2",NA,"Positive/Social"
177,6,"2",NA,"Positive/Social"
177,7,"2",NA,"Positive/Social"
177,8,"2",NA,"Positive/Social"
177,9,"2",2,"Positive/Social"
177,12,"2",NA,"Positive/Social"
177,14,"2",1,"Positive/Social"
177,15,"2",NA,"Positive/Social"
177,17,"2",3,"Positive/Social"
177,18,"2",10,"Positive/Social"
177,20,"2",1,"Positive/Social"
177,22,"2",2,"Positive/Social"
177,23,"2",8,"Positive/Social"
177,25,"2",4,"Positive/Social"
177,27,"2",2,"Positive/Social"
177,28,"2",NA,"Positive/Social"
177,29,"2",NA,"Positive/Social"
177,31,"2",NA,"Positive/Social"
177,32,"2",10,"Positive/Social"
177,33,"2",5,"Positive/Social"
177,34,"2",2,"Positive/Social"
177,35,"2",NA,"Positive/Social"
177,37,"2",1,"Positive/Social"
177,38,"2",1,"Positive/Social"
177,41,"2",10,"Positive/Social"
177,42,"2",NA,"Positive/Social"
177,43,"2",NA,"Positive/Social"
178,1,"2",1,"Positive/Social"
178,2,"2",NA,"Positive/Social"
178,3,"2",NA,"Positive/Social"
178,4,"2",1,"Positive/Social"
178,5,"2",NA,"Positive/Social"
178,6,"2",4,"Positive/Social"
178,7,"2",NA,"Positive/Social"
178,8,"2",NA,"Positive/Social"
178,9,"2",NA,"Positive/Social"
178,10,"2",NA,"Positive/Social"
178,11,"2",3,"Positive/Social"
178,12,"2",4,"Positive/Social"
178,13,"2",1,"Positive/Social"
178,14,"2",NA,"Positive/Social"
178,15,"2",NA,"Positive/Social"
178,16,"2",NA,"Positive/Social"
178,17,"2",NA,"Positive/Social"
178,18,"2",NA,"Positive/Social"
178,19,"2",3,"Positive/Social"
178,20,"2",3,"Positive/Social"
178,20,"2",NA,"Positive/Social"
178,21,"2",1,"Positive/Social"
178,22,"2",NA,"Positive/Social"
178,23,"2",NA,"Positive/Social"
178,24,"2",2,"Positive/Social"
178,25,"2",NA,"Positive/Social"
178,26,"2",1,"Positive/Social"
178,27,"2",NA,"Positive/Social"
178,28,"2",NA,"Positive/Social"
178,29,"2",1,"Positive/Social"
178,30,"2",7,"Positive/Social"
178,31,"2",NA,"Positive/Social"
178,32,"2",1,"Positive/Social"
178,33,"2",2,"Positive/Social"
178,34,"2",1,"Positive/Social"
178,35,"2",NA,"Positive/Social"
178,36,"2",NA,"Positive/Social"
178,37,"2",NA,"Positive/Social"
178,38,"2",NA,"Positive/Social"
178,39,"2",1,"Positive/Social"
178,40,"2",10,"Positive/Social"
178,41,"2",1,"Positive/Social"
178,42,"2",NA,"Positive/Social"
178,43,"2",NA,"Positive/Social"
179,1,"2",5,"Positive/Social"
179,2,"2",4,"Positive/Social"
179,3,"2",2,"Positive/Social"
179,4,"2",5,"Positive/Social"
179,5,"2",NA,"Positive/Social"
179,6,"2",NA,"Positive/Social"
179,7,"2",NA,"Positive/Social"
179,8,"2",1,"Positive/Social"
179,9,"2",10,"Positive/Social"
179,10,"2",NA,"Positive/Social"
179,11,"2",15,"Positive/Social"
179,12,"2",NA,"Positive/Social"
179,13,"2",NA,"Positive/Social"
179,14,"2",NA,"Positive/Social"
179,15,"2",NA,"Positive/Social"
179,16,"2",NA,"Positive/Social"
179,17,"2",3,"Positive/Social"
179,18,"2",7,"Positive/Social"
179,19,"2",NA,"Positive/Social"
179,20,"2",2,"Positive/Social"
179,21,"2",4,"Positive/Social"
179,22,"2",NA,"Positive/Social"
179,23,"2",NA,"Positive/Social"
179,24,"2",5,"Positive/Social"
179,26,"2",8,"Positive/Social"
179,27,"2",10,"Positive/Social"
179,28,"2",NA,"Positive/Social"
179,29,"2",NA,"Positive/Social"
179,30,"2",2,"Positive/Social"
179,31,"2",2,"Positive/Social"
179,32,"2",5,"Positive/Social"
179,33,"2",15,"Positive/Social"
179,34,"2",NA,"Positive/Social"
179,36,"2",4,"Positive/Social"
179,37,"2",6,"Positive/Social"
179,38,"2",4,"Positive/Social"
179,39,"2",4,"Positive/Social"
179,40,"2",1,"Positive/Social"
179,41,"2",NA,"Positive/Social"
179,42,"2",NA,"Positive/Social"
179,43,"2",2,"Positive/Social"
180,1,"2",6,"Positive/Social"
180,2,"2",NA,"Positive/Social"
180,3,"2",NA,"Positive/Social"
180,4,"2",NA,"Positive/Social"
180,5,"2",NA,"Positive/Social"
180,6,"2",NA,"Positive/Social"
180,7,"2",NA,"Positive/Social"
180,8,"2",NA,"Positive/Social"
180,9,"2",NA,"Positive/Social"
180,10,"2",NA,"Positive/Social"
180,11,"2",6,"Positive/Social"
180,12,"2",NA,"Positive/Social"
180,13,"2",NA,"Positive/Social"
180,14,"2",NA,"Positive/Social"
180,15,"2",NA,"Positive/Social"
180,16,"2",NA,"Positive/Social"
180,17,"2",5,"Positive/Social"
180,18,"2",NA,"Positive/Social"
180,19,"2",7,"Positive/Social"
180,20,"2",NA,"Positive/Social"
180,21,"2",NA,"Positive/Social"
180,22,"2",NA,"Positive/Social"
180,23,"2",NA,"Positive/Social"
180,24,"2",5,"Positive/Social"
180,25,"2",NA,"Positive/Social"
180,26,"2",2,"Positive/Social"
180,28,"2",NA,"Positive/Social"
180,29,"2",2,"Positive/Social"
180,30,"2",NA,"Positive/Social"
180,31,"2",NA,"Positive/Social"
180,32,"2",7,"Positive/Social"
180,33,"2",NA,"Positive/Social"
180,34,"2",NA,"Positive/Social"
180,35,"2",NA,"Positive/Social"
180,36,"2",NA,"Positive/Social"
180,37,"2",NA,"Positive/Social"
180,38,"2",NA,"Positive/Social"
180,39,"2",1,"Positive/Social"
180,40,"2",6,"Positive/Social"
180,41,"2",1,"Positive/Social"
180,42,"2",NA,"Positive/Social"
180,43,"2",NA,"Positive/Social"
181,1,"2",3,"Positive/Social"
181,2,"2",NA,"Positive/Social"
181,3,"2",NA,"Positive/Social"
181,4,"2",8,"Positive/Social"
181,5,"2",NA,"Positive/Social"
181,6,"2",NA,"Positive/Social"
181,7,"2",NA,"Positive/Social"
181,8,"2",1,"Positive/Social"
181,9,"2",1,"Positive/Social"
181,10,"2",NA,"Positive/Social"
181,11,"2",3,"Positive/Social"
181,12,"2",NA,"Positive/Social"
181,13,"2",2,"Positive/Social"
181,14,"2",1,"Positive/Social"
181,15,"2",NA,"Positive/Social"
181,16,"2",NA,"Positive/Social"
181,18,"2",3,"Positive/Social"
181,19,"2",2,"Positive/Social"
181,20,"2",2,"Positive/Social"
181,21,"2",3,"Positive/Social"
181,22,"2",3,"Positive/Social"
181,23,"2",NA,"Positive/Social"
181,24,"2",4,"Positive/Social"
181,25,"2",1,"Positive/Social"
181,26,"2",NA,"Positive/Social"
181,27,"2",2,"Positive/Social"
181,28,"2",3,"Positive/Social"
181,29,"2",NA,"Positive/Social"
181,30,"2",NA,"Positive/Social"
181,31,"2",2,"Positive/Social"
181,32,"2",2,"Positive/Social"
181,33,"2",10,"Positive/Social"
181,34,"2",NA,"Positive/Social"
181,35,"2",NA,"Positive/Social"
181,36,"2",NA,"Positive/Social"
181,37,"2",1,"Positive/Social"
181,38,"2",3,"Positive/Social"
181,39,"2",NA,"Positive/Social"
181,40,"2",8,"Positive/Social"
181,41,"2",NA,"Positive/Social"
181,42,"2",NA,"Positive/Social"
181,43,"2",NA,"Positive/Social"
182,1,"2",14,"Negative/Non-Social"
182,2,"2",NA,"Negative/Non-Social"
182,3,"2",NA,"Negative/Non-Social"
182,4,"2",25,"Negative/Non-Social"
182,5,"2",5,"Negative/Non-Social"
182,6,"2",NA,"Negative/Non-Social"
183,2,"1",5,"Negative/Non-Social"
183,7,"1",NA,"Negative/Non-Social"
183,10,"1",NA,"Negative/Non-Social"
183,12,"1",NA,"Negative/Non-Social"
183,15,"1",NA,"Negative/Non-Social"
183,18,"1",17,"Negative/Non-Social"
184,NA,"2",NA,"Negative/Non-Social"
185,NA,"1",NA,"Negative/Non-Social"
186,1,"1",1,"Negative/Non-Social"
186,2,"1",NA,"Negative/Non-Social"
186,3,"1",5,"Negative/Non-Social"
186,4,"1",5,"Negative/Non-Social"
186,5,"1",6,"Negative/Non-Social"
186,6,"1",NA,"Negative/Non-Social"
186,8,"1",NA,"Negative/Non-Social"
186,9,"1",NA,"Negative/Non-Social"
186,10,"1",NA,"Negative/Non-Social"
186,11,"1",2,"Negative/Non-Social"
186,12,"1",8,"Negative/Non-Social"
186,13,"1",3,"Negative/Non-Social"
186,14,"1",3,"Negative/Non-Social"
186,15,"1",NA,"Negative/Non-Social"
186,16,"1",NA,"Negative/Non-Social"
186,17,"1",NA,"Negative/Non-Social"
186,18,"1",6,"Negative/Non-Social"
186,19,"1",5,"Negative/Non-Social"
186,20,"1",4,"Negative/Non-Social"
186,23,"1",4,"Negative/Non-Social"
186,24,"1",NA,"Negative/Non-Social"
186,25,"1",13,"Negative/Non-Social"
186,26,"1",13,"Negative/Non-Social"
186,28,"1",5,"Negative/Non-Social"
186,29,"1",NA,"Negative/Non-Social"
186,30,"1",4,"Negative/Non-Social"
186,33,"1",NA,"Negative/Non-Social"
186,34,"1",NA,"Negative/Non-Social"
186,35,"1",NA,"Negative/Non-Social"
186,36,"1",NA,"Negative/Non-Social"
186,37,"1",5,"Negative/Non-Social"
186,38,"1",NA,"Negative/Non-Social"
186,40,"1",7,"Negative/Non-Social"
186,41,"1",NA,"Negative/Non-Social"
186,43,"1",NA,"Negative/Non-Social"
187,NA,"2",NA,"Negative/Non-Social"
188,1,"2",NA,"Negative/Social"
188,2,"2",NA,"Negative/Social"
188,3,"2",NA,"Negative/Social"
188,4,"2",NA,"Negative/Social"
188,5,"2",NA,"Negative/Social"
188,6,"2",NA,"Negative/Social"
188,7,"2",NA,"Negative/Social"
188,8,"2",NA,"Negative/Social"
188,9,"2",NA,"Negative/Social"
188,11,"2",NA,"Negative/Social"
188,12,"2",NA,"Negative/Social"
188,13,"2",NA,"Negative/Social"
188,14,"2",NA,"Negative/Social"
188,15,"2",NA,"Negative/Social"
188,16,"2",NA,"Negative/Social"
188,17,"2",6,"Negative/Social"
188,18,"2",NA,"Negative/Social"
188,19,"2",1,"Negative/Social"
188,20,"2",NA,"Negative/Social"
188,21,"2",NA,"Negative/Social"
188,22,"2",NA,"Negative/Social"
188,23,"2",NA,"Negative/Social"
188,24,"2",NA,"Negative/Social"
188,25,"2",NA,"Negative/Social"
188,26,"2",NA,"Negative/Social"
188,27,"2",NA,"Negative/Social"
188,28,"2",NA,"Negative/Social"
188,30,"2",NA,"Negative/Social"
188,31,"2",4,"Negative/Social"
188,32,"2",NA,"Negative/Social"
188,33,"2",NA,"Negative/Social"
188,34,"2",NA,"Negative/Social"
188,35,"2",NA,"Negative/Social"
188,36,"2",NA,"Negative/Social"
188,37,"2",NA,"Negative/Social"
188,38,"2",NA,"Negative/Social"
188,39,"2",NA,"Negative/Social"
188,40,"2",NA,"Negative/Social"
188,41,"2",NA,"Negative/Social"
188,42,"2",NA,"Negative/Social"
188,43,"2",NA,"Negative/Social"
189,3,"2",7,"Negative/Social"
189,4,"2",12,"Negative/Social"
189,5,"2",NA,"Negative/Social"
189,7,"2",NA,"Negative/Social"
189,8,"2",4,"Negative/Social"
189,9,"2",NA,"Negative/Social"
189,11,"2",10,"Negative/Social"
189,12,"2",3,"Negative/Social"
189,13,"2",NA,"Negative/Social"
189,14,"2",NA,"Negative/Social"
189,15,"2",NA,"Negative/Social"
189,16,"2",NA,"Negative/Social"
189,17,"2",12,"Negative/Social"
189,18,"2",10,"Negative/Social"
189,19,"2",5,"Negative/Social"
189,20,"2",NA,"Negative/Social"
189,21,"2",NA,"Negative/Social"
189,22,"2",9,"Negative/Social"
189,23,"2",NA,"Negative/Social"
189,24,"2",12,"Negative/Social"
189,25,"2",2,"Negative/Social"
189,28,"2",NA,"Negative/Social"
189,31,"2",9,"Negative/Social"
189,34,"2",4,"Negative/Social"
189,36,"2",NA,"Negative/Social"
189,37,"2",NA,"Negative/Social"
189,39,"2",NA,"Negative/Social"
189,40,"2",6,"Negative/Social"
189,41,"2",4,"Negative/Social"
189,42,"2",NA,"Negative/Social"
189,43,"2",5,"Negative/Social"
190,1,"2",NA,"Negative/Social"
190,2,"2",NA,"Negative/Social"
190,3,"2",NA,"Negative/Social"
190,7,"2",NA,"Negative/Social"
190,8,"2",NA,"Negative/Social"
190,9,"2",1,"Negative/Social"
190,10,"2",NA,"Negative/Social"
190,11,"2",1,"Negative/Social"
190,12,"2",NA,"Negative/Social"
190,13,"2",NA,"Negative/Social"
190,15,"2",NA,"Negative/Social"
190,17,"2",6,"Negative/Social"
190,18,"2",NA,"Negative/Social"
190,19,"2",NA,"Negative/Social"
190,21,"2",NA,"Negative/Social"
190,22,"2",NA,"Negative/Social"
190,23,"2",2,"Negative/Social"
190,26,"2",5,"Negative/Social"
190,28,"2",NA,"Negative/Social"
190,29,"2",5,"Negative/Social"
190,30,"2",NA,"Negative/Social"
190,31,"2",NA,"Negative/Social"
190,33,"2",NA,"Negative/Social"
190,34,"2",NA,"Negative/Social"
190,35,"2",NA,"Negative/Social"
190,36,"2",NA,"Negative/Social"
190,37,"2",NA,"Negative/Social"
190,38,"2",1,"Negative/Social"
190,39,"2",NA,"Negative/Social"
190,40,"2",NA,"Negative/Social"
190,41,"2",1,"Negative/Social"
190,42,"2",NA,"Negative/Social"
190,43,"2",NA,"Negative/Social"
191,1,"2",NA,"Negative/Social"
191,2,"2",NA,"Negative/Social"
191,3,"2",NA,"Negative/Social"
191,4,"2",6,"Negative/Social"
191,5,"2",NA,"Negative/Social"
191,6,"2",NA,"Negative/Social"
191,7,"2",NA,"Negative/Social"
191,8,"2",NA,"Negative/Social"
191,9,"2",NA,"Negative/Social"
191,10,"2",NA,"Negative/Social"
191,11,"2",NA,"Negative/Social"
191,12,"2",NA,"Negative/Social"
191,13,"2",NA,"Negative/Social"
191,14,"2",NA,"Negative/Social"
191,15,"2",NA,"Negative/Social"
191,16,"2",NA,"Negative/Social"
191,17,"2",5,"Negative/Social"
191,18,"2",NA,"Negative/Social"
191,19,"2",1,"Negative/Social"
191,20,"2",NA,"Negative/Social"
191,21,"2",NA,"Negative/Social"
191,22,"2",NA,"Negative/Social"
191,23,"2",NA,"Negative/Social"
191,24,"2",NA,"Negative/Social"
191,25,"2",1,"Negative/Social"
191,26,"2",8,"Negative/Social"
191,27,"2",NA,"Negative/Social"
191,28,"2",NA,"Negative/Social"
191,30,"2",3,"Negative/Social"
191,31,"2",3,"Negative/Social"
191,32,"2",NA,"Negative/Social"
191,33,"2",5,"Negative/Social"
191,34,"2",NA,"Negative/Social"
191,35,"2",NA,"Negative/Social"
191,36,"2",1,"Negative/Social"
191,37,"2",NA,"Negative/Social"
191,38,"2",2,"Negative/Social"
191,39,"2",1,"Negative/Social"
191,40,"2",1,"Negative/Social"
191,41,"2",NA,"Negative/Social"
191,42,"2",NA,"Negative/Social"
191,43,"2",NA,"Negative/Social"
192,1,"2",NA,"Negative/Social"
192,2,"2",NA,"Negative/Social"
192,3,"2",NA,"Negative/Social"
192,4,"2",2,"Negative/Social"
192,5,"2",NA,"Negative/Social"
192,6,"2",NA,"Negative/Social"
192,7,"2",NA,"Negative/Social"
192,8,"2",NA,"Negative/Social"
192,9,"2",NA,"Negative/Social"
192,10,"2",NA,"Negative/Social"
192,11,"2",NA,"Negative/Social"
192,12,"2",NA,"Negative/Social"
192,13,"2",NA,"Negative/Social"
192,14,"2",NA,"Negative/Social"
192,17,"2",2,"Negative/Social"
192,18,"2",NA,"Negative/Social"
192,19,"2",NA,"Negative/Social"
192,22,"2",NA,"Negative/Social"
192,23,"2",NA,"Negative/Social"
192,25,"2",NA,"Negative/Social"
192,26,"2",NA,"Negative/Social"
192,28,"2",NA,"Negative/Social"
192,30,"2",NA,"Negative/Social"
192,31,"2",NA,"Negative/Social"
192,32,"2",2,"Negative/Social"
192,34,"2",NA,"Negative/Social"
192,35,"2",NA,"Negative/Social"
192,36,"2",NA,"Negative/Social"
192,38,"2",1,"Negative/Social"
192,39,"2",NA,"Negative/Social"
192,40,"2",NA,"Negative/Social"
192,41,"2",NA,"Negative/Social"
192,42,"2",NA,"Negative/Social"
192,43,"2",NA,"Negative/Social"
193,1,"2",2,"Negative/Social"
193,2,"2",NA,"Negative/Social"
193,3,"2",NA,"Negative/Social"
193,4,"2",5,"Negative/Social"
193,5,"2",NA,"Negative/Social"
193,6,"2",NA,"Negative/Social"
193,7,"2",NA,"Negative/Social"
193,8,"2",NA,"Negative/Social"
193,9,"2",NA,"Negative/Social"
193,10,"2",NA,"Negative/Social"
193,11,"2",NA,"Negative/Social"
193,12,"2",NA,"Negative/Social"
193,13,"2",NA,"Negative/Social"
193,14,"2",NA,"Negative/Social"
193,15,"2",NA,"Negative/Social"
193,16,"2",NA,"Negative/Social"
193,17,"2",6,"Negative/Social"
193,18,"2",NA,"Negative/Social"
193,19,"2",NA,"Negative/Social"
193,20,"2",NA,"Negative/Social"
193,21,"2",NA,"Negative/Social"
193,22,"2",NA,"Negative/Social"
193,23,"2",NA,"Negative/Social"
193,24,"2",NA,"Negative/Social"
193,25,"2",NA,"Negative/Social"
193,26,"2",NA,"Negative/Social"
193,27,"2",NA,"Negative/Social"
193,28,"2",NA,"Negative/Social"
193,29,"2",NA,"Negative/Social"
193,30,"2",NA,"Negative/Social"
193,31,"2",3,"Negative/Social"
193,32,"2",4,"Negative/Social"
193,33,"2",NA,"Negative/Social"
193,34,"2",NA,"Negative/Social"
193,35,"2",NA,"Negative/Social"
193,36,"2",NA,"Negative/Social"
193,37,"2",NA,"Negative/Social"
193,38,"2",NA,"Negative/Social"
193,39,"2",2,"Negative/Social"
193,40,"2",NA,"Negative/Social"
193,41,"2",NA,"Negative/Social"
193,42,"2",NA,"Negative/Social"
193,43,"2",NA,"Negative/Social"
194,1,"2",NA,"Negative/Social"
194,2,"2",NA,"Negative/Social"
194,3,"2",4,"Negative/Social"
194,4,"2",NA,"Negative/Social"
194,5,"2",NA,"Negative/Social"
194,6,"2",NA,"Negative/Social"
194,7,"2",NA,"Negative/Social"
194,8,"2",NA,"Negative/Social"
194,9,"2",NA,"Negative/Social"
194,10,"2",NA,"Negative/Social"
194,11,"2",3,"Negative/Social"
194,12,"2",NA,"Negative/Social"
194,13,"2",NA,"Negative/Social"
194,14,"2",NA,"Negative/Social"
194,15,"2",NA,"Negative/Social"
194,16,"2",NA,"Negative/Social"
194,17,"2",NA,"Negative/Social"
194,18,"2",NA,"Negative/Social"
194,19,"2",3,"Negative/Social"
194,20,"2",4,"Negative/Social"
194,21,"2",1,"Negative/Social"
194,22,"2",1,"Negative/Social"
194,23,"2",NA,"Negative/Social"
194,24,"2",NA,"Negative/Social"
194,25,"2",2,"Negative/Social"
194,26,"2",8,"Negative/Social"
194,27,"2",NA,"Negative/Social"
194,28,"2",NA,"Negative/Social"
194,29,"2",NA,"Negative/Social"
194,30,"2",1,"Negative/Social"
194,31,"2",3,"Negative/Social"
194,32,"2",3,"Negative/Social"
194,33,"2",NA,"Negative/Social"
194,34,"2",NA,"Negative/Social"
194,35,"2",NA,"Negative/Social"
194,36,"2",NA,"Negative/Social"
194,37,"2",NA,"Negative/Social"
194,38,"2",1,"Negative/Social"
194,39,"2",NA,"Negative/Social"
194,40,"2",3,"Negative/Social"
194,41,"2",2,"Negative/Social"
194,42,"2",NA,"Negative/Social"
194,43,"2",NA,"Negative/Social"
195,1,"2",NA,"Negative/Non-Social"
195,2,"2",NA,"Negative/Non-Social"
195,4,"2",4,"Negative/Non-Social"
195,5,"2",5,"Negative/Non-Social"
195,6,"2",NA,"Negative/Non-Social"
195,7,"2",NA,"Negative/Non-Social"
195,8,"2",NA,"Negative/Non-Social"
195,10,"2",NA,"Negative/Non-Social"
195,12,"2",3,"Negative/Non-Social"
195,13,"2",NA,"Negative/Non-Social"
195,14,"2",NA,"Negative/Non-Social"
195,15,"2",NA,"Negative/Non-Social"
195,18,"2",1,"Negative/Non-Social"
195,19,"2",NA,"Negative/Non-Social"
195,20,"2",2,"Negative/Non-Social"
195,21,"2",3,"Negative/Non-Social"
195,23,"2",NA,"Negative/Non-Social"
195,26,"2",5,"Negative/Non-Social"
195,28,"2",NA,"Negative/Non-Social"
195,29,"2",NA,"Negative/Non-Social"
195,33,"2",7,"Negative/Non-Social"
195,34,"2",3,"Negative/Non-Social"
195,37,"2",1,"Negative/Non-Social"
195,38,"2",NA,"Negative/Non-Social"
195,40,"2",3,"Negative/Non-Social"
195,42,"2",2,"Negative/Non-Social"
195,43,"2",1,"Negative/Non-Social"
196,1,"2",NA,"Negative/Non-Social"
196,2,"2",NA,"Negative/Non-Social"
196,3,"2",NA,"Negative/Non-Social"
196,4,"2",NA,"Negative/Non-Social"
196,5,"2",NA,"Negative/Non-Social"
196,6,"2",NA,"Negative/Non-Social"
196,7,"2",NA,"Negative/Non-Social"
196,8,"2",2,"Negative/Non-Social"
196,9,"2",NA,"Negative/Non-Social"
196,10,"2",NA,"Negative/Non-Social"
196,12,"2",5,"Negative/Non-Social"
196,13,"2",NA,"Negative/Non-Social"
196,14,"2",NA,"Negative/Non-Social"
196,15,"2",NA,"Negative/Non-Social"
196,16,"2",NA,"Negative/Non-Social"
196,17,"2",NA,"Negative/Non-Social"
196,18,"2",NA,"Negative/Non-Social"
196,19,"2",NA,"Negative/Non-Social"
196,20,"2",7,"Negative/Non-Social"
196,21,"2",NA,"Negative/Non-Social"
196,22,"2",NA,"Negative/Non-Social"
196,23,"2",NA,"Negative/Non-Social"
196,24,"2",NA,"Negative/Non-Social"
196,25,"2",NA,"Negative/Non-Social"
196,26,"2",6,"Negative/Non-Social"
196,27,"2",NA,"Negative/Non-Social"
196,28,"2",NA,"Negative/Non-Social"
196,29,"2",NA,"Negative/Non-Social"
196,30,"2",NA,"Negative/Non-Social"
196,31,"2",NA,"Negative/Non-Social"
196,32,"2",4,"Negative/Non-Social"
196,33,"2",2,"Negative/Non-Social"
196,35,"2",NA,"Negative/Non-Social"
196,36,"2",NA,"Negative/Non-Social"
196,37,"2",NA,"Negative/Non-Social"
196,37,"2",NA,"Negative/Non-Social"
196,38,"2",NA,"Negative/Non-Social"
196,39,"2",2,"Negative/Non-Social"
196,40,"2",NA,"Negative/Non-Social"
196,41,"2",3,"Negative/Non-Social"
196,42,"2",NA,"Negative/Non-Social"
196,43,"2",NA,"Negative/Non-Social"
197,1,"2",NA,"Negative/Non-Social"
197,2,"2",NA,"Negative/Non-Social"
197,3,"2",NA,"Negative/Non-Social"
197,4,"2",6,"Negative/Non-Social"
197,5,"2",NA,"Negative/Non-Social"
197,6,"2",NA,"Negative/Non-Social"
197,7,"2",NA,"Negative/Non-Social"
197,9,"2",10,"Negative/Non-Social"
197,10,"2",NA,"Negative/Non-Social"
197,14,"2",NA,"Negative/Non-Social"
197,15,"2",NA,"Negative/Non-Social"
197,16,"2",2,"Negative/Non-Social"
197,17,"2",NA,"Negative/Non-Social"
197,18,"2",5,"Negative/Non-Social"
197,19,"2",NA,"Negative/Non-Social"
197,21,"2",NA,"Negative/Non-Social"
197,22,"2",NA,"Negative/Non-Social"
197,23,"2",NA,"Negative/Non-Social"
197,24,"2",NA,"Negative/Non-Social"
197,27,"2",NA,"Negative/Non-Social"
197,28,"2",NA,"Negative/Non-Social"
197,29,"2",NA,"Negative/Non-Social"
197,30,"2",NA,"Negative/Non-Social"
197,31,"2",NA,"Negative/Non-Social"
197,32,"2",15,"Negative/Non-Social"
197,33,"2",NA,"Negative/Non-Social"
197,34,"2",6,"Negative/Non-Social"
197,35,"2",NA,"Negative/Non-Social"
197,36,"2",NA,"Negative/Non-Social"
197,37,"2",NA,"Negative/Non-Social"
197,38,"2",NA,"Negative/Non-Social"
197,39,"2",NA,"Negative/Non-Social"
197,40,"2",NA,"Negative/Non-Social"
197,41,"2",NA,"Negative/Non-Social"
197,42,"2",NA,"Negative/Non-Social"
197,43,"2",NA,"Negative/Non-Social"
199,1,"2",1,"Negative/Non-Social"
199,2,"2",NA,"Negative/Non-Social"
199,3,"2",3,"Negative/Non-Social"
199,4,"2",5,"Negative/Non-Social"
199,5,"2",5,"Negative/Non-Social"
199,6,"2",NA,"Negative/Non-Social"
199,7,"2",1,"Negative/Non-Social"
199,8,"2",NA,"Negative/Non-Social"
199,9,"2",5,"Negative/Non-Social"
199,10,"2",NA,"Negative/Non-Social"
199,11,"2",1,"Negative/Non-Social"
199,12,"2",5,"Negative/Non-Social"
199,13,"2",NA,"Negative/Non-Social"
199,14,"2",2,"Negative/Non-Social"
199,15,"2",NA,"Negative/Non-Social"
199,16,"2",NA,"Negative/Non-Social"
199,18,"2",5,"Negative/Non-Social"
199,19,"2",NA,"Negative/Non-Social"
199,20,"2",5,"Negative/Non-Social"
199,21,"2",1,"Negative/Non-Social"
199,22,"2",NA,"Negative/Non-Social"
199,23,"2",NA,"Negative/Non-Social"
199,24,"2",1,"Negative/Non-Social"
199,25,"2",4,"Negative/Non-Social"
199,26,"2",4,"Negative/Non-Social"
199,27,"2",NA,"Negative/Non-Social"
199,28,"2",NA,"Negative/Non-Social"
199,29,"2",NA,"Negative/Non-Social"
199,30,"2",2,"Negative/Non-Social"
199,31,"2",3,"Negative/Non-Social"
199,32,"2",2,"Negative/Non-Social"
199,33,"2",3,"Negative/Non-Social"
199,34,"2",10,"Negative/Non-Social"
199,35,"2",NA,"Negative/Non-Social"
199,36,"2",NA,"Negative/Non-Social"
199,37,"2",2,"Negative/Non-Social"
199,39,"2",3,"Negative/Non-Social"
199,40,"2",3,"Negative/Non-Social"
199,41,"2",3,"Negative/Non-Social"
199,42,"2",NA,"Negative/Non-Social"
199,43,"2",NA,"Negative/Non-Social"
200,1,"2",NA,"Negative/Non-Social"
200,2,"2",NA,"Negative/Non-Social"
200,3,"2",NA,"Negative/Non-Social"
200,4,"2",NA,"Negative/Non-Social"
200,5,"2",5,"Negative/Non-Social"
200,6,"2",NA,"Negative/Non-Social"
200,7,"2",NA,"Negative/Non-Social"
200,8,"2",NA,"Negative/Non-Social"
200,9,"2",NA,"Negative/Non-Social"
200,10,"2",4,"Negative/Non-Social"
200,11,"2",NA,"Negative/Non-Social"
200,14,"2",NA,"Negative/Non-Social"
200,15,"2",NA,"Negative/Non-Social"
200,16,"2",NA,"Negative/Non-Social"
200,19,"2",3,"Negative/Non-Social"
200,20,"2",NA,"Negative/Non-Social"
200,21,"2",NA,"Negative/Non-Social"
200,22,"2",NA,"Negative/Non-Social"
200,23,"2",NA,"Negative/Non-Social"
200,26,"2",8,"Negative/Non-Social"
200,28,"2",NA,"Negative/Non-Social"
200,29,"2",NA,"Negative/Non-Social"
200,30,"2",2,"Negative/Non-Social"
200,31,"2",NA,"Negative/Non-Social"
200,32,"2",NA,"Negative/Non-Social"
200,33,"2",7,"Negative/Non-Social"
200,34,"2",3,"Negative/Non-Social"
200,35,"2",NA,"Negative/Non-Social"
200,37,"2",7,"Negative/Non-Social"
200,38,"2",NA,"Negative/Non-Social"
200,39,"2",NA,"Negative/Non-Social"
200,40,"2",8,"Negative/Non-Social"
200,41,"2",2,"Negative/Non-Social"
200,42,"2",NA,"Negative/Non-Social"
200,43,"2",NA,"Negative/Non-Social"
201,1,"2",NA,"Negative/Non-Social"
201,3,"2",NA,"Negative/Non-Social"
201,3,"2",2,"Negative/Non-Social"
201,4,"2",NA,"Negative/Non-Social"
201,4,"2",NA,"Negative/Non-Social"
201,6,"2",NA,"Negative/Non-Social"
201,7,"2",NA,"Negative/Non-Social"
201,9,"2",12,"Negative/Non-Social"
201,10,"2",NA,"Negative/Non-Social"
201,11,"2",NA,"Negative/Non-Social"
201,12,"2",6,"Negative/Non-Social"
201,13,"2",NA,"Negative/Non-Social"
201,14,"2",NA,"Negative/Non-Social"
201,15,"2",NA,"Negative/Non-Social"
201,16,"2",NA,"Negative/Non-Social"
201,17,"2",2,"Negative/Non-Social"
201,18,"2",4,"Negative/Non-Social"
201,20,"2",NA,"Negative/Non-Social"
201,21,"2",NA,"Negative/Non-Social"
201,22,"2",NA,"Negative/Non-Social"
201,23,"2",NA,"Negative/Non-Social"
201,25,"2",NA,"Negative/Non-Social"
201,26,"2",NA,"Negative/Non-Social"
201,27,"2",NA,"Negative/Non-Social"
201,28,"2",NA,"Negative/Non-Social"
201,29,"2",NA,"Negative/Non-Social"
201,30,"2",NA,"Negative/Non-Social"
201,34,"2",NA,"Negative/Non-Social"
201,35,"2",NA,"Negative/Non-Social"
201,37,"2",6,"Negative/Non-Social"
201,39,"2",3,"Negative/Non-Social"
201,41,"2",NA,"Negative/Non-Social"
201,42,"2",NA,"Negative/Non-Social"
201,43,"2",NA,"Negative/Non-Social"
202,1,"2",NA,"Negative/Non-Social"
202,2,"2",NA,"Negative/Non-Social"
202,3,"2",NA,"Negative/Non-Social"
202,5,"2",4,"Negative/Non-Social"
202,6,"2",NA,"Negative/Non-Social"
202,7,"2",NA,"Negative/Non-Social"
202,7,"2",NA,"Negative/Non-Social"
202,8,"2",NA,"Negative/Non-Social"
202,9,"2",NA,"Negative/Non-Social"
202,10,"2",NA,"Negative/Non-Social"
202,11,"2",NA,"Negative/Non-Social"
202,12,"2",4,"Negative/Non-Social"
202,13,"2",NA,"Negative/Non-Social"
202,14,"2",NA,"Negative/Non-Social"
202,15,"2",NA,"Negative/Non-Social"
202,15,"2",NA,"Negative/Non-Social"
202,16,"2",NA,"Negative/Non-Social"
202,17,"2",NA,"Negative/Non-Social"
202,18,"2",NA,"Negative/Non-Social"
202,19,"2",6,"Negative/Non-Social"
202,20,"2",NA,"Negative/Non-Social"
202,21,"2",NA,"Negative/Non-Social"
202,22,"2",NA,"Negative/Non-Social"
202,23,"2",NA,"Negative/Non-Social"
202,24,"2",NA,"Negative/Non-Social"
202,27,"2",NA,"Negative/Non-Social"
202,28,"2",NA,"Negative/Non-Social"
202,29,"2",NA,"Negative/Non-Social"
202,30,"2",NA,"Negative/Non-Social"
202,31,"2",NA,"Negative/Non-Social"
202,33,"2",5,"Negative/Non-Social"
202,34,"2",3,"Negative/Non-Social"
202,35,"2",NA,"Negative/Non-Social"
202,36,"2",NA,"Negative/Non-Social"
202,37,"2",NA,"Negative/Non-Social"
202,38,"2",5,"Negative/Non-Social"
202,38,"2",1,"Negative/Non-Social"
202,39,"2",3,"Negative/Non-Social"
202,40,"2",3,"Negative/Non-Social"
202,41,"2",1,"Negative/Non-Social"
202,42,"2",NA,"Negative/Non-Social"
202,43,"2",NA,"Negative/Non-Social"
203,1,"2",NA,"Negative/Non-Social"
203,2,"2",NA,"Negative/Non-Social"
203,3,"2",NA,"Negative/Non-Social"
203,4,"2",7,"Negative/Non-Social"
203,6,"2",1,"Negative/Non-Social"
203,7,"2",NA,"Negative/Non-Social"
203,8,"2",NA,"Negative/Non-Social"
203,10,"2",NA,"Negative/Non-Social"
203,11,"2",NA,"Negative/Non-Social"
203,12,"2",3,"Negative/Non-Social"
203,13,"2",NA,"Negative/Non-Social"
203,14,"2",NA,"Negative/Non-Social"
203,15,"2",NA,"Negative/Non-Social"
203,16,"2",NA,"Negative/Non-Social"
203,18,"2",3,"Negative/Non-Social"
203,20,"2",NA,"Negative/Non-Social"
203,21,"2",2,"Negative/Non-Social"
203,22,"2",1.5,"Negative/Non-Social"
203,23,"2",NA,"Negative/Non-Social"
203,25,"2",1,"Negative/Non-Social"
203,26,"2",NA,"Negative/Non-Social"
203,30,"2",0,"Negative/Non-Social"
203,31,"2",NA,"Negative/Non-Social"
203,32,"2",6,"Negative/Non-Social"
203,34,"2",1,"Negative/Non-Social"
203,35,"2",NA,"Negative/Non-Social"
203,36,"2",2,"Negative/Non-Social"
203,37,"2",NA,"Negative/Non-Social"
203,38,"2",NA,"Negative/Non-Social"
203,39,"2",2,"Negative/Non-Social"
203,40,"2",8,"Negative/Non-Social"
203,41,"2",NA,"Negative/Non-Social"
203,42,"2",NA,"Negative/Non-Social"
203,43,"2",NA,"Negative/Non-Social"
204,1,"2",1,"Negative/Non-Social"
204,2,"2",2,"Negative/Non-Social"
204,3,"2",1,"Negative/Non-Social"
204,4,"2",3,"Negative/Non-Social"
204,5,"2",7,"Negative/Non-Social"
204,6,"2",NA,"Negative/Non-Social"
204,7,"2",NA,"Negative/Non-Social"
204,8,"2",NA,"Negative/Non-Social"
204,10,"2",3,"Negative/Non-Social"
204,12,"2",NA,"Negative/Non-Social"
204,14,"2",NA,"Negative/Non-Social"
204,15,"2",NA,"Negative/Non-Social"
204,16,"2",NA,"Negative/Non-Social"
204,17,"2",NA,"Negative/Non-Social"
204,18,"2",3,"Negative/Non-Social"
204,19,"2",12,"Negative/Non-Social"
204,20,"2",5,"Negative/Non-Social"
204,21,"2",1,"Negative/Non-Social"
204,22,"2",NA,"Negative/Non-Social"
204,23,"2",NA,"Negative/Non-Social"
204,26,"2",6,"Negative/Non-Social"
204,28,"2",2,"Negative/Non-Social"
204,29,"2",NA,"Negative/Non-Social"
204,30,"2",NA,"Negative/Non-Social"
204,32,"2",2,"Negative/Non-Social"
204,33,"2",1,"Negative/Non-Social"
204,35,"2",NA,"Negative/Non-Social"
204,36,"2",3,"Negative/Non-Social"
204,38,"2",1,"Negative/Non-Social"
204,39,"2",2,"Negative/Non-Social"
204,40,"2",3,"Negative/Non-Social"
204,42,"2",NA,"Negative/Non-Social"
204,43,"2",NA,"Negative/Non-Social"
205,1,"2",NA,"Negative/Non-Social"
205,2,"2",NA,"Negative/Non-Social"
205,3,"2",1,"Negative/Non-Social"
205,4,"2",NA,"Negative/Non-Social"
205,4,"2",5,"Negative/Non-Social"
205,6,"2",NA,"Negative/Non-Social"
205,7,"2",NA,"Negative/Non-Social"
205,8,"2",4,"Negative/Non-Social"
205,9,"2",10,"Negative/Non-Social"
205,10,"2",NA,"Negative/Non-Social"
205,11,"2",NA,"Negative/Non-Social"
205,12,"2",NA,"Negative/Non-Social"
205,13,"2",NA,"Negative/Non-Social"
205,14,"2",NA,"Negative/Non-Social"
205,15,"2",NA,"Negative/Non-Social"
205,16,"2",NA,"Negative/Non-Social"
205,17,"2",NA,"Negative/Non-Social"
205,18,"2",NA,"Negative/Non-Social"
205,19,"2",1,"Negative/Non-Social"
205,20,"2",NA,"Negative/Non-Social"
205,21,"2",1,"Negative/Non-Social"
205,22,"2",1,"Negative/Non-Social"
205,23,"2",NA,"Negative/Non-Social"
205,24,"2",6,"Negative/Non-Social"
205,25,"2",4,"Negative/Non-Social"
205,26,"2",NA,"Negative/Non-Social"
205,27,"2",NA,"Negative/Non-Social"
205,28,"2",NA,"Negative/Non-Social"
205,29,"2",NA,"Negative/Non-Social"
205,30,"2",NA,"Negative/Non-Social"
205,30,"2",NA,"Negative/Non-Social"
205,31,"2",NA,"Negative/Non-Social"
205,32,"2",NA,"Negative/Non-Social"
205,33,"2",NA,"Negative/Non-Social"
205,34,"2",NA,"Negative/Non-Social"
205,35,"2",NA,"Negative/Non-Social"
205,36,"2",NA,"Negative/Non-Social"
205,37,"2",NA,"Negative/Non-Social"
205,38,"2",NA,"Negative/Non-Social"
205,39,"2",NA,"Negative/Non-Social"
205,40,"2",NA,"Negative/Non-Social"
205,41,"2",10,"Negative/Non-Social"
205,42,"2",NA,"Negative/Non-Social"
205,43,"2",NA,"Negative/Non-Social"
207,1,"1",NA,"Positive/Social"
207,2,"1",NA,"Positive/Social"
207,3,"1",NA,"Positive/Social"
207,4,"1",NA,"Positive/Social"
207,5,"1",NA,"Positive/Social"
207,6,"1",NA,"Positive/Social"
207,7,"1",NA,"Positive/Social"
207,8,"1",NA,"Positive/Social"
207,9,"1",NA,"Positive/Social"
207,10,"1",NA,"Positive/Social"
207,11,"1",NA,"Positive/Social"
207,12,"1",10,"Positive/Social"
207,13,"1",NA,"Positive/Social"
207,15,"1",NA,"Positive/Social"
207,16,"1",NA,"Positive/Social"
207,17,"1",NA,"Positive/Social"
207,18,"1",NA,"Positive/Social"
207,19,"1",NA,"Positive/Social"
207,20,"1",NA,"Positive/Social"
207,21,"1",NA,"Positive/Social"
207,22,"1",NA,"Positive/Social"
207,23,"1",NA,"Positive/Social"
207,24,"1",NA,"Positive/Social"
207,25,"1",6,"Positive/Social"
207,26,"1",6,"Positive/Social"
207,27,"1",NA,"Positive/Social"
207,28,"1",NA,"Positive/Social"
207,29,"1",NA,"Positive/Social"
207,30,"1",NA,"Positive/Social"
207,31,"1",NA,"Positive/Social"
207,32,"1",3,"Positive/Social"
207,33,"1",NA,"Positive/Social"
207,34,"1",NA,"Positive/Social"
207,35,"1",NA,"Positive/Social"
207,36,"1",NA,"Positive/Social"
207,37,"1",NA,"Positive/Social"
207,37,"1",NA,"Positive/Social"
207,39,"1",NA,"Positive/Social"
207,40,"1",NA,"Positive/Social"
207,41,"1",NA,"Positive/Social"
207,42,"1",NA,"Positive/Social"
207,43,"1",NA,"Positive/Social"
208,1,"1",NA,"Positive/Social"
208,2,"1",NA,"Positive/Social"
208,3,"1",NA,"Positive/Social"
208,4,"1",NA,"Positive/Social"
208,5,"1",7,"Positive/Social"
208,6,"1",NA,"Positive/Social"
208,7,"1",NA,"Positive/Social"
208,8,"1",NA,"Positive/Social"
208,9,"1",NA,"Positive/Social"
208,10,"1",NA,"Positive/Social"
208,11,"1",NA,"Positive/Social"
208,13,"1",7,"Positive/Social"
208,14,"1",4,"Positive/Social"
208,16,"1",1,"Positive/Social"
208,17,"1",NA,"Positive/Social"
208,20,"1",1,"Positive/Social"
208,21,"1",2,"Positive/Social"
208,22,"1",NA,"Positive/Social"
208,23,"1",NA,"Positive/Social"
208,24,"1",NA,"Positive/Social"
208,25,"1",NA,"Positive/Social"
208,27,"1",NA,"Positive/Social"
208,28,"1",NA,"Positive/Social"
208,29,"1",NA,"Positive/Social"
208,30,"1",NA,"Positive/Social"
208,31,"1",NA,"Positive/Social"
208,33,"1",10,"Positive/Social"
208,34,"1",NA,"Positive/Social"
208,35,"1",NA,"Positive/Social"
208,36,"1",NA,"Positive/Social"
208,37,"1",NA,"Positive/Social"
208,38,"1",NA,"Positive/Social"
208,39,"1",2,"Positive/Social"
208,40,"1",1,"Positive/Social"
208,41,"1",NA,"Positive/Social"
208,42,"1",NA,"Positive/Social"
208,43,"1",NA,"Positive/Social"
209,1,"2",NA,"Positive/Social"
209,4,"2",5,"Positive/Social"
209,5,"2",NA,"Positive/Social"
209,6,"2",NA,"Positive/Social"
209,7,"2",NA,"Positive/Social"
209,7,"2",NA,"Positive/Social"
209,8,"2",NA,"Positive/Social"
209,9,"2",NA,"Positive/Social"
209,10,"2",NA,"Positive/Social"
209,11,"2",NA,"Positive/Social"
209,12,"2",4,"Positive/Social"
209,14,"2",NA,"Positive/Social"
209,15,"2",NA,"Positive/Social"
209,16,"2",NA,"Positive/Social"
209,17,"2",NA,"Positive/Social"
209,18,"2",NA,"Positive/Social"
209,19,"2",5,"Positive/Social"
209,20,"2",6,"Positive/Social"
209,21,"2",NA,"Positive/Social"
209,22,"2",NA,"Positive/Social"
209,23,"2",NA,"Positive/Social"
209,24,"2",NA,"Positive/Social"
209,25,"2",NA,"Positive/Social"
209,26,"2",NA,"Positive/Social"
209,27,"2",NA,"Positive/Social"
209,29,"2",NA,"Positive/Social"
209,30,"2",NA,"Positive/Social"
209,31,"2",NA,"Positive/Social"
209,32,"2",NA,"Positive/Social"
209,33,"2",NA,"Positive/Social"
209,34,"2",NA,"Positive/Social"
209,38,"2",NA,"Positive/Social"
209,40,"2",2,"Positive/Social"
209,41,"2",NA,"Positive/Social"
209,42,"2",NA,"Positive/Social"
209,43,"2",NA,"Positive/Social"
210,1,"2",NA,"Positive/Social"
210,2,"2",NA,"Positive/Social"
210,3,"2",3,"Positive/Social"
210,4,"2",1,"Positive/Social"
210,5,"2",8,"Positive/Social"
210,6,"2",NA,"Positive/Social"
210,7,"2",NA,"Positive/Social"
210,8,"2",NA,"Positive/Social"
210,9,"2",NA,"Positive/Social"
210,10,"2",NA,"Positive/Social"
210,11,"2",NA,"Positive/Social"
210,12,"2",NA,"Positive/Social"
210,13,"2",NA,"Positive/Social"
210,14,"2",NA,"Positive/Social"
210,15,"2",NA,"Positive/Social"
210,16,"2",NA,"Positive/Social"
210,17,"2",NA,"Positive/Social"
210,18,"2",1,"Positive/Social"
210,19,"2",NA,"Positive/Social"
210,20,"2",2,"Positive/Social"
210,21,"2",1,"Positive/Social"
210,22,"2",NA,"Positive/Social"
210,23,"2",NA,"Positive/Social"
210,24,"2",9,"Positive/Social"
210,25,"2",NA,"Positive/Social"
210,26,"2",2,"Positive/Social"
210,27,"2",4,"Positive/Social"
210,28,"2",NA,"Positive/Social"
210,29,"2",NA,"Positive/Social"
210,30,"2",1,"Positive/Social"
210,31,"2",NA,"Positive/Social"
210,32,"2",3,"Positive/Social"
210,33,"2",3,"Positive/Social"
210,34,"2",NA,"Positive/Social"
210,35,"2",NA,"Positive/Social"
210,36,"2",NA,"Positive/Social"
210,37,"2",3,"Positive/Social"
210,38,"2",3,"Positive/Social"
210,39,"2",NA,"Positive/Social"
210,40,"2",NA,"Positive/Social"
210,41,"2",NA,"Positive/Social"
210,42,"2",NA,"Positive/Social"
210,43,"2",NA,"Positive/Social"
211,1,"2",NA,"Positive/Non-Social"
211,1,"2",NA,"Positive/Non-Social"
211,1,"2",1,"Positive/Non-Social"
211,3,"2",NA,"Positive/Non-Social"
211,7,"2",NA,"Positive/Non-Social"
211,9,"2",13,"Positive/Non-Social"
211,10,"2",NA,"Positive/Non-Social"
211,11,"2",NA,"Positive/Non-Social"
211,15,"2",NA,"Positive/Non-Social"
211,17,"2",2,"Positive/Non-Social"
211,18,"2",3,"Positive/Non-Social"
211,20,"2",NA,"Positive/Non-Social"
211,22,"2",8,"Positive/Non-Social"
211,27,"2",5,"Positive/Non-Social"
211,28,"2",NA,"Positive/Non-Social"
211,30,"2",8,"Positive/Non-Social"
211,31,"2",NA,"Positive/Non-Social"
211,32,"2",NA,"Positive/Non-Social"
211,34,"2",NA,"Positive/Non-Social"
211,35,"2",NA,"Positive/Non-Social"
211,36,"2",8,"Positive/Non-Social"
211,37,"2",7,"Positive/Non-Social"
211,38,"2",NA,"Positive/Non-Social"
211,39,"2",3,"Positive/Non-Social"
211,40,"2",NA,"Positive/Non-Social"
211,41,"2",NA,"Positive/Non-Social"
211,42,"2",NA,"Positive/Non-Social"
211,43,"2",NA,"Positive/Non-Social"
212,1,"2",NA,"Positive/Non-Social"
212,2,"2",NA,"Positive/Non-Social"
212,3,"2",3,"Positive/Non-Social"
212,4,"2",2,"Positive/Non-Social"
212,5,"2",NA,"Positive/Non-Social"
212,6,"2",1,"Positive/Non-Social"
212,7,"2",NA,"Positive/Non-Social"
212,8,"2",NA,"Positive/Non-Social"
212,9,"2",NA,"Positive/Non-Social"
212,10,"2",NA,"Positive/Non-Social"
212,11,"2",NA,"Positive/Non-Social"
212,13,"2",NA,"Positive/Non-Social"
212,15,"2",NA,"Positive/Non-Social"
212,16,"2",7,"Positive/Non-Social"
212,18,"2",NA,"Positive/Non-Social"
212,19,"2",NA,"Positive/Non-Social"
212,19,"2",NA,"Positive/Non-Social"
212,20,"2",NA,"Positive/Non-Social"
212,21,"2",NA,"Positive/Non-Social"
212,22,"2",NA,"Positive/Non-Social"
212,23,"2",NA,"Positive/Non-Social"
212,25,"2",NA,"Positive/Non-Social"
212,25,"2",NA,"Positive/Non-Social"
212,26,"2",NA,"Positive/Non-Social"
212,27,"2",11,"Positive/Non-Social"
212,27,"2",NA,"Positive/Non-Social"
212,28,"2",NA,"Positive/Non-Social"
212,29,"2",NA,"Positive/Non-Social"
212,30,"2",NA,"Positive/Non-Social"
212,31,"2",NA,"Positive/Non-Social"
212,32,"2",NA,"Positive/Non-Social"
212,33,"2",NA,"Positive/Non-Social"
212,34,"2",NA,"Positive/Non-Social"
212,35,"2",3,"Positive/Non-Social"
212,36,"2",NA,"Positive/Non-Social"
212,37,"2",NA,"Positive/Non-Social"
212,38,"2",8,"Positive/Non-Social"
212,39,"2",NA,"Positive/Non-Social"
212,41,"2",NA,"Positive/Non-Social"
212,42,"2",NA,"Positive/Non-Social"
212,43,"2",NA,"Positive/Non-Social"
214,1,"2",NA,"Positive/Non-Social"
214,2,"2",1,"Positive/Non-Social"
214,3,"2",NA,"Positive/Non-Social"
214,4,"2",NA,"Positive/Non-Social"
214,5,"2",NA,"Positive/Non-Social"
214,6,"2",NA,"Positive/Non-Social"
214,7,"2",4,"Positive/Non-Social"
214,8,"2",NA,"Positive/Non-Social"
214,10,"2",4,"Positive/Non-Social"
214,11,"2",NA,"Positive/Non-Social"
214,12,"2",NA,"Positive/Non-Social"
214,13,"2",NA,"Positive/Non-Social"
214,14,"2",2,"Positive/Non-Social"
214,15,"2",1,"Positive/Non-Social"
214,17,"2",10,"Positive/Non-Social"
214,18,"2",11,"Positive/Non-Social"
214,19,"2",NA,"Positive/Non-Social"
214,20,"2",1,"Positive/Non-Social"
214,22,"2",2,"Positive/Non-Social"
214,23,"2",5,"Positive/Non-Social"
214,24,"2",NA,"Positive/Non-Social"
214,25,"2",NA,"Positive/Non-Social"
214,27,"2",NA,"Positive/Non-Social"
214,28,"2",NA,"Positive/Non-Social"
214,29,"2",NA,"Positive/Non-Social"
214,30,"2",10,"Positive/Non-Social"
214,32,"2",10,"Positive/Non-Social"
214,33,"2",NA,"Positive/Non-Social"
214,34,"2",NA,"Positive/Non-Social"
214,35,"2",NA,"Positive/Non-Social"
214,37,"2",8,"Positive/Non-Social"
214,38,"2",2,"Positive/Non-Social"
214,39,"2",4,"Positive/Non-Social"
214,40,"2",1,"Positive/Non-Social"
214,41,"2",NA,"Positive/Non-Social"
214,42,"2",NA,"Positive/Non-Social"
214,43,"2",NA,"Positive/Non-Social"
215,1,"2",NA,"Positive/Non-Social"
215,2,"2",NA,"Positive/Non-Social"
215,2,"2",NA,"Positive/Non-Social"
215,3,"2",NA,"Positive/Non-Social"
215,4,"2",NA,"Positive/Non-Social"
215,5,"2",NA,"Positive/Non-Social"
215,6,"2",NA,"Positive/Non-Social"
215,7,"2",NA,"Positive/Non-Social"
215,8,"2",NA,"Positive/Non-Social"
215,9,"2",NA,"Positive/Non-Social"
215,10,"2",NA,"Positive/Non-Social"
215,11,"2",1,"Positive/Non-Social"
215,12,"2",1,"Positive/Non-Social"
215,13,"2",NA,"Positive/Non-Social"
215,14,"2",NA,"Positive/Non-Social"
215,15,"2",NA,"Positive/Non-Social"
215,16,"2",NA,"Positive/Non-Social"
215,17,"2",NA,"Positive/Non-Social"
215,18,"2",NA,"Positive/Non-Social"
215,19,"2",1,"Positive/Non-Social"
215,20,"2",NA,"Positive/Non-Social"
215,21,"2",NA,"Positive/Non-Social"
215,22,"2",NA,"Positive/Non-Social"
215,23,"2",NA,"Positive/Non-Social"
215,24,"2",NA,"Positive/Non-Social"
215,25,"2",1,"Positive/Non-Social"
215,26,"2",NA,"Positive/Non-Social"
215,28,"2",NA,"Positive/Non-Social"
215,29,"2",NA,"Positive/Non-Social"
215,30,"2",NA,"Positive/Non-Social"
215,31,"2",NA,"Positive/Non-Social"
215,32,"2",NA,"Positive/Non-Social"
215,33,"2",NA,"Positive/Non-Social"
215,34,"2",NA,"Positive/Non-Social"
215,35,"2",NA,"Positive/Non-Social"
215,36,"2",3,"Positive/Non-Social"
215,37,"2",1,"Positive/Non-Social"
215,39,"2",NA,"Positive/Non-Social"
215,40,"2",NA,"Positive/Non-Social"
215,41,"2",NA,"Positive/Non-Social"
215,42,"2",NA,"Positive/Non-Social"
215,43,"2",NA,"Positive/Non-Social"
216,NA,"2",NA,"Positive/Non-Social"
217,1,"2",NA,"Positive/Non-Social"
217,2,"2",NA,"Positive/Non-Social"
217,3,"2",NA,"Positive/Non-Social"
217,4,"2",NA,"Positive/Non-Social"
217,5,"2",NA,"Positive/Non-Social"
217,6,"2",NA,"Positive/Non-Social"
217,7,"2",NA,"Positive/Non-Social"
217,8,"2",NA,"Positive/Non-Social"
217,9,"2",NA,"Positive/Non-Social"
217,10,"2",NA,"Positive/Non-Social"
217,11,"2",1,"Positive/Non-Social"
217,12,"2",2,"Positive/Non-Social"
217,13,"2",NA,"Positive/Non-Social"
217,14,"2",NA,"Positive/Non-Social"
217,15,"2",NA,"Positive/Non-Social"
217,16,"2",NA,"Positive/Non-Social"
217,17,"2",NA,"Positive/Non-Social"
217,18,"2",NA,"Positive/Non-Social"
217,20,"2",NA,"Positive/Non-Social"
217,21,"2",NA,"Positive/Non-Social"
217,22,"2",NA,"Positive/Non-Social"
217,23,"2",NA,"Positive/Non-Social"
217,24,"2",NA,"Positive/Non-Social"
217,25,"2",1,"Positive/Non-Social"
217,26,"2",NA,"Positive/Non-Social"
217,27,"2",1,"Positive/Non-Social"
217,28,"2",NA,"Positive/Non-Social"
217,29,"2",NA,"Positive/Non-Social"
217,30,"2",NA,"Positive/Non-Social"
217,31,"2",NA,"Positive/Non-Social"
217,32,"2",2,"Positive/Non-Social"
217,33,"2",NA,"Positive/Non-Social"
217,34,"2",NA,"Positive/Non-Social"
217,35,"2",NA,"Positive/Non-Social"
217,36,"2",3,"Positive/Non-Social"
217,37,"2",NA,"Positive/Non-Social"
217,38,"2",NA,"Positive/Non-Social"
217,39,"2",1,"Positive/Non-Social"
217,40,"2",3,"Positive/Non-Social"
217,41,"2",NA,"Positive/Non-Social"
217,42,"2",NA,"Positive/Non-Social"
217,43,"2",NA,"Positive/Non-Social"
218,1,"2",NA,"Positive/Non-Social"
218,2,"2",NA,"Positive/Non-Social"
218,3,"2",NA,"Positive/Non-Social"
218,4,"2",3,"Positive/Non-Social"
218,5,"2",5,"Positive/Non-Social"
218,6,"2",NA,"Positive/Non-Social"
218,8,"2",NA,"Positive/Non-Social"
218,9,"2",NA,"Positive/Non-Social"
218,10,"2",NA,"Positive/Non-Social"
218,11,"2",NA,"Positive/Non-Social"
218,12,"2",NA,"Positive/Non-Social"
218,13,"2",NA,"Positive/Non-Social"
218,14,"2",NA,"Positive/Non-Social"
218,15,"2",NA,"Positive/Non-Social"
218,16,"2",NA,"Positive/Non-Social"
218,17,"2",6,"Positive/Non-Social"
218,19,"2",1,"Positive/Non-Social"
218,20,"2",NA,"Positive/Non-Social"
218,21,"2",NA,"Positive/Non-Social"
218,22,"2",NA,"Positive/Non-Social"
218,23,"2",NA,"Positive/Non-Social"
218,24,"2",NA,"Positive/Non-Social"
218,25,"2",NA,"Positive/Non-Social"
218,26,"2",NA,"Positive/Non-Social"
218,28,"2",NA,"Positive/Non-Social"
218,29,"2",NA,"Positive/Non-Social"
218,30,"2",NA,"Positive/Non-Social"
218,31,"2",4,"Positive/Non-Social"
218,32,"2",NA,"Positive/Non-Social"
218,33,"2",NA,"Positive/Non-Social"
218,34,"2",NA,"Positive/Non-Social"
218,35,"2",NA,"Positive/Non-Social"
218,36,"2",NA,"Positive/Non-Social"
218,37,"2",NA,"Positive/Non-Social"
218,38,"2",2,"Positive/Non-Social"
218,39,"2",4,"Positive/Non-Social"
218,40,"2",1,"Positive/Non-Social"
218,41,"2",NA,"Positive/Non-Social"
218,42,"2",1,"Positive/Non-Social"
218,43,"2",2,"Positive/Non-Social"
219,1,"2",NA,"Negative/Social"
219,2,"2",NA,"Negative/Social"
219,3,"2",NA,"Negative/Social"
219,4,"2",2,"Negative/Social"
219,5,"2",1,"Negative/Social"
219,6,"2",NA,"Negative/Social"
219,7,"2",NA,"Negative/Social"
219,8,"2",NA,"Negative/Social"
219,10,"2",1,"Negative/Social"
219,11,"2",8,"Negative/Social"
219,12,"2",NA,"Negative/Social"
219,13,"2",NA,"Negative/Social"
219,15,"2",NA,"Negative/Social"
219,16,"2",NA,"Negative/Social"
219,17,"2",4,"Negative/Social"
219,19,"2",NA,"Negative/Social"
219,20,"2",NA,"Negative/Social"
219,23,"2",NA,"Negative/Social"
219,24,"2",NA,"Negative/Social"
219,26,"2",1,"Negative/Social"
219,27,"2",NA,"Negative/Social"
219,28,"2",NA,"Negative/Social"
219,29,"2",2,"Negative/Social"
219,30,"2",NA,"Negative/Social"
219,31,"2",3,"Negative/Social"
219,32,"2",7,"Negative/Social"
219,34,"2",1.5,"Negative/Social"
219,35,"2",NA,"Negative/Social"
219,36,"2",2,"Negative/Social"
219,37,"2",NA,"Negative/Social"
219,38,"2",18,"Negative/Social"
219,39,"2",NA,"Negative/Social"
219,40,"2",11,"Negative/Social"
219,41,"2",NA,"Negative/Social"
219,42,"2",1,"Negative/Social"
219,43,"2",1,"Negative/Social"
220,1,"2",NA,"Negative/Social"
220,2,"2",NA,"Negative/Social"
220,3,"2",NA,"Negative/Social"
220,4,"2",NA,"Negative/Social"
220,5,"2",7,"Negative/Social"
220,6,"2",NA,"Negative/Social"
220,7,"2",NA,"Negative/Social"
220,8,"2",NA,"Negative/Social"
220,9,"2",NA,"Negative/Social"
220,10,"2",NA,"Negative/Social"
220,11,"2",NA,"Negative/Social"
220,12,"2",NA,"Negative/Social"
220,13,"2",NA,"Negative/Social"
220,15,"2",NA,"Negative/Social"
220,17,"2",9,"Negative/Social"
220,18,"2",5,"Negative/Social"
220,19,"2",NA,"Negative/Social"
220,20,"2",NA,"Negative/Social"
220,21,"2",NA,"Negative/Social"
220,22,"2",NA,"Negative/Social"
220,23,"2",NA,"Negative/Social"
220,24,"2",NA,"Negative/Social"
220,26,"2",7,"Negative/Social"
220,27,"2",NA,"Negative/Social"
220,27,"2",NA,"Negative/Social"
220,28,"2",NA,"Negative/Social"
220,29,"2",NA,"Negative/Social"
220,30,"2",7,"Negative/Social"
220,31,"2",NA,"Negative/Social"
220,32,"2",NA,"Negative/Social"
220,33,"2",4,"Negative/Social"
220,34,"2",NA,"Negative/Social"
220,35,"2",NA,"Negative/Social"
220,36,"2",NA,"Negative/Social"
220,37,"2",1,"Negative/Social"
220,38,"2",NA,"Negative/Social"
220,39,"2",NA,"Negative/Social"
220,41,"2",NA,"Negative/Social"
220,42,"2",NA,"Negative/Social"
220,43,"2",NA,"Negative/Social"
221,1,"2",NA,"Negative/Social"
221,2,"2",NA,"Negative/Social"
221,4,"2",NA,"Negative/Social"
221,5,"2",1,"Negative/Social"
221,7,"2",NA,"Negative/Social"
221,8,"2",NA,"Negative/Social"
221,9,"2",NA,"Negative/Social"
221,10,"2",NA,"Negative/Social"
221,11,"2",NA,"Negative/Social"
221,12,"2",NA,"Negative/Social"
221,14,"2",NA,"Negative/Social"
221,15,"2",NA,"Negative/Social"
221,17,"2",4,"Negative/Social"
221,18,"2",NA,"Negative/Social"
221,19,"2",9,"Negative/Social"
221,20,"2",3,"Negative/Social"
221,21,"2",1,"Negative/Social"
221,22,"2",NA,"Negative/Social"
221,23,"2",3,"Negative/Social"
221,24,"2",NA,"Negative/Social"
221,25,"2",3,"Negative/Social"
221,26,"2",5,"Negative/Social"
221,27,"2",NA,"Negative/Social"
221,28,"2",NA,"Negative/Social"
221,29,"2",NA,"Negative/Social"
221,34,"2",NA,"Negative/Social"
221,35,"2",NA,"Negative/Social"
221,36,"2",NA,"Negative/Social"
221,37,"2",1,"Negative/Social"
221,38,"2",3,"Negative/Social"
221,39,"2",6,"Negative/Social"
221,40,"2",NA,"Negative/Social"
221,41,"2",NA,"Negative/Social"
221,42,"2",1,"Negative/Social"
221,43,"2",NA,"Negative/Social"
222,1,"2",NA,"Negative/Social"
222,2,"2",NA,"Negative/Social"
222,3,"2",NA,"Negative/Social"
222,5,"2",6,"Negative/Social"
222,6,"2",7,"Negative/Social"
222,7,"2",NA,"Negative/Social"
222,8,"2",NA,"Negative/Social"
222,9,"2",5,"Negative/Social"
222,12,"2",NA,"Negative/Social"
222,12,"2",NA,"Negative/Social"
222,13,"2",NA,"Negative/Social"
222,14,"2",NA,"Negative/Social"
222,15,"2",NA,"Negative/Social"
222,16,"2",NA,"Negative/Social"
222,18,"2",NA,"Negative/Social"
222,19,"2",NA,"Negative/Social"
222,20,"2",NA,"Negative/Social"
222,22,"2",NA,"Negative/Social"
222,23,"2",NA,"Negative/Social"
222,24,"2",NA,"Negative/Social"
222,25,"2",NA,"Negative/Social"
222,28,"2",NA,"Negative/Social"
222,29,"2",NA,"Negative/Social"
222,30,"2",NA,"Negative/Social"
222,31,"2",NA,"Negative/Social"
222,32,"2",NA,"Negative/Social"
222,36,"2",NA,"Negative/Social"
222,37,"2",NA,"Negative/Social"
222,38,"2",NA,"Negative/Social"
222,39,"2",NA,"Negative/Social"
222,40,"2",NA,"Negative/Social"
222,42,"2",NA,"Negative/Social"
222,43,"2",NA,"Negative/Social"
223,1,"2",NA,"Negative/Social"
223,2,"2",NA,"Negative/Social"
223,3,"2",NA,"Negative/Social"
223,4,"2",4,"Negative/Social"
223,5,"2",NA,"Negative/Social"
223,6,"2",NA,"Negative/Social"
223,7,"2",NA,"Negative/Social"
223,8,"2",NA,"Negative/Social"
223,9,"2",NA,"Negative/Social"
223,10,"2",NA,"Negative/Social"
223,11,"2",3,"Negative/Social"
223,12,"2",5,"Negative/Social"
223,13,"2",NA,"Negative/Social"
223,14,"2",NA,"Negative/Social"
223,15,"2",NA,"Negative/Social"
223,16,"2",NA,"Negative/Social"
223,17,"2",8,"Negative/Social"
223,18,"2",6,"Negative/Social"
223,19,"2",NA,"Negative/Social"
223,20,"2",NA,"Negative/Social"
223,21,"2",NA,"Negative/Social"
223,22,"2",NA,"Negative/Social"
223,23,"2",NA,"Negative/Social"
223,24,"2",NA,"Negative/Social"
223,25,"2",7,"Negative/Social"
223,26,"2",2,"Negative/Social"
223,27,"2",4,"Negative/Social"
223,28,"2",NA,"Negative/Social"
223,29,"2",NA,"Negative/Social"
223,30,"2",NA,"Negative/Social"
223,31,"2",NA,"Negative/Social"
223,32,"2",3,"Negative/Social"
223,33,"2",5,"Negative/Social"
223,34,"2",NA,"Negative/Social"
223,35,"2",NA,"Negative/Social"
223,36,"2",NA,"Negative/Social"
223,37,"2",NA,"Negative/Social"
223,39,"2",NA,"Negative/Social"
223,39,"2",NA,"Negative/Social"
223,40,"2",3,"Negative/Social"
223,41,"2",NA,"Negative/Social"
223,42,"2",NA,"Negative/Social"
223,43,"2",NA,"Negative/Social"
224,1,"2",NA,"Negative/Social"
224,2,"2",NA,"Negative/Social"
224,3,"2",NA,"Negative/Social"
224,4,"2",NA,"Negative/Social"
224,5,"2",7,"Negative/Social"
224,6,"2",NA,"Negative/Social"
224,7,"2",NA,"Negative/Social"
224,8,"2",NA,"Negative/Social"
224,9,"2",NA,"Negative/Social"
224,10,"2",NA,"Negative/Social"
224,11,"2",NA,"Negative/Social"
224,12,"2",NA,"Negative/Social"
224,14,"2",NA,"Negative/Social"
224,15,"2",NA,"Negative/Social"
224,16,"2",NA,"Negative/Social"
224,17,"2",NA,"Negative/Social"
224,18,"2",8,"Negative/Social"
224,19,"2",NA,"Negative/Social"
224,20,"2",NA,"Negative/Social"
224,21,"2",NA,"Negative/Social"
224,22,"2",NA,"Negative/Social"
224,24,"2",NA,"Negative/Social"
224,25,"2",NA,"Negative/Social"
224,26,"2",NA,"Negative/Social"
224,27,"2",NA,"Negative/Social"
224,28,"2",NA,"Negative/Social"
224,29,"2",NA,"Negative/Social"
224,30,"2",NA,"Negative/Social"
224,31,"2",NA,"Negative/Social"
224,32,"2",NA,"Negative/Social"
224,33,"2",NA,"Negative/Social"
224,34,"2",NA,"Negative/Social"
224,35,"2",NA,"Negative/Social"
224,36,"2",NA,"Negative/Social"
224,37,"2",1,"Negative/Social"
224,38,"2",1,"Negative/Social"
224,39,"2",1,"Negative/Social"
224,40,"2",NA,"Negative/Social"
224,41,"2",NA,"Negative/Social"
224,42,"2",NA,"Negative/Social"
224,43,"2",NA,"Negative/Social"
225,1,"2",NA,"Negative/Non-Social"
225,2,"2",NA,"Negative/Non-Social"
225,3,"2",NA,"Negative/Non-Social"
225,4,"2",NA,"Negative/Non-Social"
225,5,"2",NA,"Negative/Non-Social"
225,6,"2",NA,"Negative/Non-Social"
225,7,"2",NA,"Negative/Non-Social"
225,8,"2",NA,"Negative/Non-Social"
225,9,"2",NA,"Negative/Non-Social"
225,10,"2",NA,"Negative/Non-Social"
225,11,"2",1,"Negative/Non-Social"
225,12,"2",NA,"Negative/Non-Social"
225,14,"2",NA,"Negative/Non-Social"
225,15,"2",2,"Negative/Non-Social"
225,16,"2",NA,"Negative/Non-Social"
225,17,"2",NA,"Negative/Non-Social"
225,18,"2",NA,"Negative/Non-Social"
225,19,"2",NA,"Negative/Non-Social"
225,20,"2",NA,"Negative/Non-Social"
225,21,"2",NA,"Negative/Non-Social"
225,22,"2",NA,"Negative/Non-Social"
225,23,"2",NA,"Negative/Non-Social"
225,25,"2",NA,"Negative/Non-Social"
225,26,"2",NA,"Negative/Non-Social"
225,27,"2",NA,"Negative/Non-Social"
225,28,"2",NA,"Negative/Non-Social"
225,29,"2",NA,"Negative/Non-Social"
225,30,"2",NA,"Negative/Non-Social"
225,31,"2",NA,"Negative/Non-Social"
225,33,"2",NA,"Negative/Non-Social"
225,34,"2",NA,"Negative/Non-Social"
225,35,"2",NA,"Negative/Non-Social"
225,36,"2",NA,"Negative/Non-Social"
225,37,"2",NA,"Negative/Non-Social"
225,37,"2",NA,"Negative/Non-Social"
225,39,"2",NA,"Negative/Non-Social"
225,40,"2",NA,"Negative/Non-Social"
225,41,"2",NA,"Negative/Non-Social"
225,42,"2",NA,"Negative/Non-Social"
225,43,"2",NA,"Negative/Non-Social"
226,1,"2",NA,"Negative/Non-Social"
226,2,"2",NA,"Negative/Non-Social"
226,3,"2",NA,"Negative/Non-Social"
226,5,"2",3,"Negative/Non-Social"
226,6,"2",NA,"Negative/Non-Social"
226,7,"2",NA,"Negative/Non-Social"
226,8,"2",NA,"Negative/Non-Social"
226,9,"2",NA,"Negative/Non-Social"
226,10,"2",NA,"Negative/Non-Social"
226,12,"2",NA,"Negative/Non-Social"
226,13,"2",NA,"Negative/Non-Social"
226,14,"2",NA,"Negative/Non-Social"
226,22,"2",NA,"Negative/Non-Social"
226,23,"2",NA,"Negative/Non-Social"
226,24,"2",NA,"Negative/Non-Social"
226,25,"2",6,"Negative/Non-Social"
226,26,"2",6,"Negative/Non-Social"
226,28,"2",NA,"Negative/Non-Social"
226,29,"2",NA,"Negative/Non-Social"
226,30,"2",NA,"Negative/Non-Social"
226,31,"2",NA,"Negative/Non-Social"
226,32,"2",5,"Negative/Non-Social"
226,33,"2",1,"Negative/Non-Social"
226,34,"2",NA,"Negative/Non-Social"
226,35,"2",NA,"Negative/Non-Social"
226,36,"2",NA,"Negative/Non-Social"
226,37,"2",NA,"Negative/Non-Social"
226,39,"2",2,"Negative/Non-Social"
226,40,"2",2,"Negative/Non-Social"
226,41,"2",2,"Negative/Non-Social"
226,42,"2",5,"Negative/Non-Social"
226,43,"2",NA,"Negative/Non-Social"
227,1,"2",6,"Negative/Non-Social"
227,2,"2",9,"Negative/Non-Social"
227,3,"2",NA,"Negative/Non-Social"
227,5,"2",2,"Negative/Non-Social"
227,6,"2",NA,"Negative/Non-Social"
227,7,"2",NA,"Negative/Non-Social"
227,8,"2",2,"Negative/Non-Social"
227,9,"2",NA,"Negative/Non-Social"
227,10,"2",NA,"Negative/Non-Social"
227,11,"2",8,"Negative/Non-Social"
227,12,"2",NA,"Negative/Non-Social"
227,13,"2",NA,"Negative/Non-Social"
227,14,"2",NA,"Negative/Non-Social"
227,15,"2",NA,"Negative/Non-Social"
227,16,"2",NA,"Negative/Non-Social"
227,17,"2",NA,"Negative/Non-Social"
227,18,"2",5,"Negative/Non-Social"
227,19,"2",2,"Negative/Non-Social"
227,20,"2",2,"Negative/Non-Social"
227,21,"2",NA,"Negative/Non-Social"
227,22,"2",NA,"Negative/Non-Social"
227,23,"2",NA,"Negative/Non-Social"
227,24,"2",4,"Negative/Non-Social"
227,25,"2",3,"Negative/Non-Social"
227,26,"2",6,"Negative/Non-Social"
227,27,"2",NA,"Negative/Non-Social"
227,28,"2",NA,"Negative/Non-Social"
227,29,"2",2,"Negative/Non-Social"
227,30,"2",NA,"Negative/Non-Social"
227,31,"2",5,"Negative/Non-Social"
227,32,"2",NA,"Negative/Non-Social"
227,33,"2",2,"Negative/Non-Social"
227,34,"2",NA,"Negative/Non-Social"
227,35,"2",NA,"Negative/Non-Social"
227,36,"2",NA,"Negative/Non-Social"
227,37,"2",3,"Negative/Non-Social"
227,38,"2",3,"Negative/Non-Social"
227,39,"2",3,"Negative/Non-Social"
227,40,"2",NA,"Negative/Non-Social"
227,41,"2",3,"Negative/Non-Social"
227,42,"2",NA,"Negative/Non-Social"
227,43,"2",NA,"Negative/Non-Social"
227,43,"2",NA,"Negative/Non-Social"
228,1,"2",NA,"Negative/Non-Social"
228,2,"2",NA,"Negative/Non-Social"
228,3,"2",NA,"Negative/Non-Social"
228,4,"2",NA,"Negative/Non-Social"
228,5,"2",NA,"Negative/Non-Social"
228,6,"2",NA,"Negative/Non-Social"
228,7,"2",NA,"Negative/Non-Social"
228,9,"2",NA,"Negative/Non-Social"
228,10,"2",NA,"Negative/Non-Social"
228,10,"2",NA,"Negative/Non-Social"
228,12,"2",NA,"Negative/Non-Social"
228,14,"2",NA,"Negative/Non-Social"
228,17,"2",NA,"Negative/Non-Social"
228,21,"2",NA,"Negative/Non-Social"
228,22,"2",NA,"Negative/Non-Social"
228,23,"2",NA,"Negative/Non-Social"
228,25,"2",NA,"Negative/Non-Social"
228,26,"2",NA,"Negative/Non-Social"
228,27,"2",NA,"Negative/Non-Social"
228,31,"2",NA,"Negative/Non-Social"
228,33,"2",NA,"Negative/Non-Social"
228,34,"2",NA,"Negative/Non-Social"
228,35,"2",NA,"Negative/Non-Social"
228,36,"2",NA,"Negative/Non-Social"
228,37,"2",1,"Negative/Non-Social"
228,38,"2",4,"Negative/Non-Social"
228,38,"2",3,"Negative/Non-Social"
228,39,"2",6,"Negative/Non-Social"
228,40,"2",5,"Negative/Non-Social"
228,42,"2",NA,"Negative/Non-Social"
228,43,"2",NA,"Negative/Non-Social"
229,1,"2",NA,"Negative/Non-Social"
229,2,"2",1,"Negative/Non-Social"
229,3,"2",NA,"Negative/Non-Social"
229,5,"2",NA,"Negative/Non-Social"
229,6,"2",NA,"Negative/Non-Social"
229,7,"2",NA,"Negative/Non-Social"
229,9,"2",NA,"Negative/Non-Social"
229,11,"2",NA,"Negative/Non-Social"
229,12,"2",8,"Negative/Non-Social"
229,12,"2",5,"Negative/Non-Social"
229,13,"2",NA,"Negative/Non-Social"
229,14,"2",NA,"Negative/Non-Social"
229,15,"2",NA,"Negative/Non-Social"
229,16,"2",NA,"Negative/Non-Social"
229,18,"2",NA,"Negative/Non-Social"
229,19,"2",NA,"Negative/Non-Social"
229,21,"2",NA,"Negative/Non-Social"
229,24,"2",NA,"Negative/Non-Social"
229,25,"2",8,"Negative/Non-Social"
229,26,"2",NA,"Negative/Non-Social"
229,29,"2",NA,"Negative/Non-Social"
229,30,"2",NA,"Negative/Non-Social"
229,31,"2",NA,"Negative/Non-Social"
229,32,"2",NA,"Negative/Non-Social"
229,33,"2",8,"Negative/Non-Social"
229,34,"2",NA,"Negative/Non-Social"
229,35,"2",NA,"Negative/Non-Social"
229,36,"2",NA,"Negative/Non-Social"
229,37,"2",NA,"Negative/Non-Social"
229,38,"2",NA,"Negative/Non-Social"
229,39,"2",2,"Negative/Non-Social"
229,40,"2",5,"Negative/Non-Social"
229,41,"2",3,"Negative/Non-Social"
229,42,"2",NA,"Negative/Non-Social"
229,43,"2",NA,"Negative/Non-Social"
230,NA,"2",NA,"Negative/Non-Social"
231,1,"2",2,"Positive/Social"
231,2,"2",10,"Positive/Social"
231,3,"2",1,"Positive/Social"
231,4,"2",2,"Positive/Social"
231,5,"2",10,"Positive/Social"
231,6,"2",1,"Positive/Social"
231,7,"2",NA,"Positive/Social"
231,8,"2",NA,"Positive/Social"
231,9,"2",12,"Positive/Social"
231,10,"2",NA,"Positive/Social"
231,11,"2",9,"Positive/Social"
231,12,"2",NA,"Positive/Social"
231,13,"2",NA,"Positive/Social"
231,14,"2",NA,"Positive/Social"
231,15,"2",NA,"Positive/Social"
231,16,"2",NA,"Positive/Social"
231,17,"2",NA,"Positive/Social"
231,18,"2",NA,"Positive/Social"
231,19,"2",NA,"Positive/Social"
231,20,"2",1,"Positive/Social"
231,21,"2",0,"Positive/Social"
231,22,"2",NA,"Positive/Social"
231,23,"2",NA,"Positive/Social"
231,24,"2",1,"Positive/Social"
231,25,"2",5,"Positive/Social"
231,26,"2",6,"Positive/Social"
231,27,"2",4,"Positive/Social"
231,28,"2",NA,"Positive/Social"
231,29,"2",1,"Positive/Social"
231,30,"2",5,"Positive/Social"
231,31,"2",NA,"Positive/Social"
231,32,"2",NA,"Positive/Social"
231,33,"2",1,"Positive/Social"
231,34,"2",2,"Positive/Social"
231,36,"2",NA,"Positive/Social"
231,37,"2",2,"Positive/Social"
231,38,"2",10,"Positive/Social"
231,39,"2",4,"Positive/Social"
231,40,"2",3,"Positive/Social"
231,41,"2",2,"Positive/Social"
231,42,"2",6,"Positive/Social"
231,43,"2",5,"Positive/Social"
232,1,"2",NA,"Positive/Social"
232,2,"2",6,"Positive/Social"
232,3,"2",NA,"Positive/Social"
232,4,"2",3,"Positive/Social"
232,5,"2",NA,"Positive/Social"
232,6,"2",NA,"Positive/Social"
232,7,"2",NA,"Positive/Social"
232,8,"2",NA,"Positive/Social"
232,9,"2",1,"Positive/Social"
232,10,"2",NA,"Positive/Social"
232,11,"2",2,"Positive/Social"
232,12,"2",NA,"Positive/Social"
232,13,"2",NA,"Positive/Social"
232,14,"2",NA,"Positive/Social"
232,15,"2",3,"Positive/Social"
232,16,"2",1,"Positive/Social"
232,17,"2",3,"Positive/Social"
232,18,"2",1,"Positive/Social"
232,19,"2",3,"Positive/Social"
232,20,"2",1,"Positive/Social"
232,21,"2",NA,"Positive/Social"
232,22,"2",NA,"Positive/Social"
232,23,"2",NA,"Positive/Social"
232,24,"2",1,"Positive/Social"
232,25,"2",NA,"Positive/Social"
232,26,"2",NA,"Positive/Social"
232,27,"2",NA,"Positive/Social"
232,28,"2",NA,"Positive/Social"
232,29,"2",NA,"Positive/Social"
232,30,"2",NA,"Positive/Social"
232,31,"2",NA,"Positive/Social"
232,32,"2",1,"Positive/Social"
232,33,"2",NA,"Positive/Social"
232,34,"2",3,"Positive/Social"
232,35,"2",NA,"Positive/Social"
232,36,"2",NA,"Positive/Social"
232,37,"2",1,"Positive/Social"
232,38,"2",8,"Positive/Social"
232,39,"2",2,"Positive/Social"
232,40,"2",3,"Positive/Social"
232,41,"2",2,"Positive/Social"
232,42,"2",NA,"Positive/Social"
232,43,"2",NA,"Positive/Social"
233,1,"2",NA,"Positive/Social"
233,2,"2",NA,"Positive/Social"
233,3,"2",NA,"Positive/Social"
233,4,"2",4,"Positive/Social"
233,5,"2",4,"Positive/Social"
233,6,"2",5,"Positive/Social"
233,7,"2",NA,"Positive/Social"
233,8,"2",2,"Positive/Social"
233,9,"2",3,"Positive/Social"
233,10,"2",NA,"Positive/Social"
233,11,"2",9,"Positive/Social"
233,12,"2",1,"Positive/Social"
233,13,"2",1,"Positive/Social"
233,15,"2",3,"Positive/Social"
233,16,"2",NA,"Positive/Social"
233,17,"2",NA,"Positive/Social"
233,18,"2",NA,"Positive/Social"
233,19,"2",NA,"Positive/Social"
233,20,"2",1,"Positive/Social"
233,22,"2",1,"Positive/Social"
233,24,"2",1,"Positive/Social"
233,25,"2",3,"Positive/Social"
233,26,"2",NA,"Positive/Social"
233,27,"2",NA,"Positive/Social"
233,28,"2",NA,"Positive/Social"
233,29,"2",NA,"Positive/Social"
233,30,"2",3,"Positive/Social"
233,31,"2",NA,"Positive/Social"
233,32,"2",NA,"Positive/Social"
233,33,"2",NA,"Positive/Social"
233,34,"2",NA,"Positive/Social"
233,35,"2",NA,"Positive/Social"
233,36,"2",NA,"Positive/Social"
233,37,"2",NA,"Positive/Social"
233,38,"2",NA,"Positive/Social"
233,39,"2",NA,"Positive/Social"
233,40,"2",NA,"Positive/Social"
233,41,"2",NA,"Positive/Social"
233,42,"2",NA,"Positive/Social"
233,43,"2",NA,"Positive/Social"
235,1,"2",NA,"Positive/Social"
235,2,"2",1,"Positive/Social"
235,3,"2",NA,"Positive/Social"
235,5,"2",NA,"Positive/Social"
235,6,"2",NA,"Positive/Social"
235,7,"2",3,"Positive/Social"
235,8,"2",NA,"Positive/Social"
235,9,"2",10,"Positive/Social"
235,10,"2",NA,"Positive/Social"
235,11,"2",NA,"Positive/Social"
235,12,"2",NA,"Positive/Social"
235,13,"2",NA,"Positive/Social"
235,14,"2",NA,"Positive/Social"
235,15,"2",3,"Positive/Social"
235,16,"2",NA,"Positive/Social"
235,18,"2",NA,"Positive/Social"
235,19,"2",NA,"Positive/Social"
235,20,"2",NA,"Positive/Social"
235,21,"2",NA,"Positive/Social"
235,22,"2",NA,"Positive/Social"
235,25,"2",NA,"Positive/Social"
235,26,"2",NA,"Positive/Social"
235,27,"2",NA,"Positive/Social"
235,28,"2",NA,"Positive/Social"
235,29,"2",NA,"Positive/Social"
235,30,"2",NA,"Positive/Social"
235,31,"2",NA,"Positive/Social"
235,33,"2",NA,"Positive/Social"
235,34,"2",3,"Positive/Social"
235,35,"2",NA,"Positive/Social"
235,36,"2",3,"Positive/Social"
235,37,"2",NA,"Positive/Social"
235,39,"2",NA,"Positive/Social"
235,40,"2",NA,"Positive/Social"
235,41,"2",NA,"Positive/Social"
235,43,"2",4,"Positive/Social"
236,NA,"2",NA,"Positive/Social"
237,1,"2",NA,"Positive/Social"
237,3,"2",NA,"Positive/Social"
237,3,"2",NA,"Positive/Social"
237,4,"2",NA,"Positive/Social"
237,5,"2",5,"Positive/Social"
237,6,"2",NA,"Positive/Social"
237,7,"2",NA,"Positive/Social"
237,8,"2",1,"Positive/Social"
237,10,"2",7,"Positive/Social"
237,11,"2",9,"Positive/Social"
237,12,"2",1,"Positive/Social"
237,13,"2",NA,"Positive/Social"
237,14,"2",NA,"Positive/Social"
237,15,"2",NA,"Positive/Social"
237,16,"2",NA,"Positive/Social"
237,17,"2",NA,"Positive/Social"
237,18,"2",NA,"Positive/Social"
237,19,"2",1,"Positive/Social"
237,20,"2",1,"Positive/Social"
237,21,"2",NA,"Positive/Social"
237,22,"2",NA,"Positive/Social"
237,23,"2",NA,"Positive/Social"
237,24,"2",4,"Positive/Social"
237,25,"2",NA,"Positive/Social"
237,28,"2",2,"Positive/Social"
237,29,"2",NA,"Positive/Social"
237,29,"2",2,"Positive/Social"
237,30,"2",3,"Positive/Social"
237,31,"2",NA,"Positive/Social"
237,32,"2",5,"Positive/Social"
237,33,"2",10,"Positive/Social"
237,34,"2",NA,"Positive/Social"
237,36,"2",NA,"Positive/Social"
237,40,"2",2,"Positive/Social"
237,41,"2",6,"Positive/Social"
237,42,"2",4,"Positive/Social"
237,43,"2",6,"Positive/Social"
238,1,"2",5,"Positive/Social"
238,2,"2",NA,"Positive/Social"
238,3,"2",NA,"Positive/Social"
238,4,"2",6,"Positive/Social"
238,5,"2",4,"Positive/Social"
238,6,"2",8,"Positive/Social"
238,7,"2",6,"Positive/Social"
238,8,"2",NA,"Positive/Social"
238,10,"2",NA,"Positive/Social"
238,11,"2",NA,"Positive/Social"
238,12,"2",5,"Positive/Social"
238,13,"2",NA,"Positive/Social"
238,14,"2",NA,"Positive/Social"
238,15,"2",NA,"Positive/Social"
238,17,"2",NA,"Positive/Social"
238,18,"2",NA,"Positive/Social"
238,19,"2",NA,"Positive/Social"
238,20,"2",2,"Positive/Social"
238,21,"2",1,"Positive/Social"
238,22,"2",NA,"Positive/Social"
238,23,"2",NA,"Positive/Social"
238,24,"2",NA,"Positive/Social"
238,25,"2",NA,"Positive/Social"
238,26,"2",6,"Positive/Social"
238,27,"2",NA,"Positive/Social"
238,28,"2",NA,"Positive/Social"
238,29,"2",NA,"Positive/Social"
238,30,"2",NA,"Positive/Social"
238,31,"2",6,"Positive/Social"
238,32,"2",4,"Positive/Social"
238,33,"2",NA,"Positive/Social"
238,34,"2",9,"Positive/Social"
238,35,"2",2,"Positive/Social"
238,36,"2",NA,"Positive/Social"
238,37,"2",8,"Positive/Social"
238,38,"2",3,"Positive/Social"
238,39,"2",1,"Positive/Social"
238,40,"2",NA,"Positive/Social"
238,41,"2",NA,"Positive/Social"
238,42,"2",1,"Positive/Social"
238,43,"2",NA,"Positive/Social"
239,1,"2",NA,"Positive/Social"
239,2,"2",6,"Positive/Social"
239,3,"2",NA,"Positive/Social"
239,4,"2",NA,"Positive/Social"
239,5,"2",5,"Positive/Social"
239,6,"2",3,"Positive/Social"
239,7,"2",NA,"Positive/Social"
239,8,"2",NA,"Positive/Social"
239,9,"2",6,"Positive/Social"
239,11,"2",5,"Positive/Social"
239,12,"2",5,"Positive/Social"
239,13,"2",NA,"Positive/Social"
239,14,"2",NA,"Positive/Social"
239,15,"2",3,"Positive/Social"
239,16,"2",1,"Positive/Social"
239,18,"2",4,"Positive/Social"
239,19,"2",NA,"Positive/Social"
239,21,"2",NA,"Positive/Social"
239,22,"2",NA,"Positive/Social"
239,24,"2",1,"Positive/Social"
239,26,"2",4,"Positive/Social"
239,28,"2",1,"Positive/Social"
239,29,"2",NA,"Positive/Social"
239,31,"2",NA,"Positive/Social"
239,32,"2",NA,"Positive/Social"
239,33,"2",1,"Positive/Social"
239,35,"2",4,"Positive/Social"
239,37,"2",3,"Positive/Social"
239,38,"2",7,"Positive/Social"
239,39,"2",6,"Positive/Social"
239,40,"2",1,"Positive/Social"
239,42,"2",2,"Positive/Social"
239,43,"2",2,"Positive/Social"
240,1,"2",NA,"Positive/Non-Social"
240,2,"2",NA,"Positive/Non-Social"
240,3,"2",NA,"Positive/Non-Social"
240,4,"2",5,"Positive/Non-Social"
240,5,"2",NA,"Positive/Non-Social"
240,6,"2",1,"Positive/Non-Social"
240,7,"2",NA,"Positive/Non-Social"
240,8,"2",3,"Positive/Non-Social"
240,9,"2",4,"Positive/Non-Social"
240,10,"2",NA,"Positive/Non-Social"
240,11,"2",NA,"Positive/Non-Social"
240,12,"2",NA,"Positive/Non-Social"
240,13,"2",1,"Positive/Non-Social"
240,13,"2",NA,"Positive/Non-Social"
240,15,"2",1,"Positive/Non-Social"
240,15,"2",1,"Positive/Non-Social"
240,16,"2",1,"Positive/Non-Social"
240,17,"2",2,"Positive/Non-Social"
240,18,"2",1,"Positive/Non-Social"
240,19,"2",1,"Positive/Non-Social"
240,20,"2",NA,"Positive/Non-Social"
240,21,"2",1,"Positive/Non-Social"
240,22,"2",NA,"Positive/Non-Social"
240,23,"2",1.5,"Positive/Non-Social"
240,24,"2",NA,"Positive/Non-Social"
240,26,"2",8,"Positive/Non-Social"
240,26,"2",NA,"Positive/Non-Social"
240,27,"2",6,"Positive/Non-Social"
240,29,"2",NA,"Positive/Non-Social"
240,30,"2",NA,"Positive/Non-Social"
240,31,"2",1,"Positive/Non-Social"
240,32,"2",NA,"Positive/Non-Social"
240,33,"2",0.5,"Positive/Non-Social"
240,34,"2",NA,"Positive/Non-Social"
240,35,"2",NA,"Positive/Non-Social"
240,36,"2",NA,"Positive/Non-Social"
240,37,"2",1,"Positive/Non-Social"
240,38,"2",12,"Positive/Non-Social"
240,39,"2",6,"Positive/Non-Social"
240,40,"2",2,"Positive/Non-Social"
240,41,"2",7,"Positive/Non-Social"
240,42,"2",3,"Positive/Non-Social"
240,43,"2",2,"Positive/Non-Social"
241,NA,"2",NA,"Positive/Non-Social"
242,NA,"2",NA,"Positive/Non-Social"
243,1,"2",NA,"Positive/Non-Social"
243,2,"2",NA,"Positive/Non-Social"
243,3,"2",2,"Positive/Non-Social"
243,4,"2",8,"Positive/Non-Social"
243,5,"2",NA,"Positive/Non-Social"
243,6,"2",NA,"Positive/Non-Social"
243,7,"2",NA,"Positive/Non-Social"
243,8,"2",NA,"Positive/Non-Social"
243,9,"2",NA,"Positive/Non-Social"
243,10,"2",NA,"Positive/Non-Social"
243,11,"2",8,"Positive/Non-Social"
243,13,"2",NA,"Positive/Non-Social"
243,14,"2",NA,"Positive/Non-Social"
243,15,"2",NA,"Positive/Non-Social"
243,16,"2",NA,"Positive/Non-Social"
243,17,"2",8,"Positive/Non-Social"
243,19,"2",NA,"Positive/Non-Social"
243,20,"2",NA,"Positive/Non-Social"
243,21,"2",NA,"Positive/Non-Social"
243,22,"2",NA,"Positive/Non-Social"
243,23,"2",6,"Positive/Non-Social"
243,24,"2",6,"Positive/Non-Social"
243,25,"2",8,"Positive/Non-Social"
243,27,"2",4,"Positive/Non-Social"
243,28,"2",NA,"Positive/Non-Social"
243,29,"2",NA,"Positive/Non-Social"
243,31,"2",NA,"Positive/Non-Social"
243,32,"2",6,"Positive/Non-Social"
243,33,"2",NA,"Positive/Non-Social"
243,34,"2",NA,"Positive/Non-Social"
243,35,"2",NA,"Positive/Non-Social"
243,36,"2",NA,"Positive/Non-Social"
243,37,"2",3,"Positive/Non-Social"
243,39,"2",4,"Positive/Non-Social"
243,40,"2",NA,"Positive/Non-Social"
243,42,"2",NA,"Positive/Non-Social"
243,43,"2",NA,"Positive/Non-Social"
244,1,"2",0.5,"Positive/Non-Social"
244,2,"2",NA,"Positive/Non-Social"
244,3,"2",NA,"Positive/Non-Social"
244,7,"2",NA,"Positive/Non-Social"
244,8,"2",NA,"Positive/Non-Social"
244,9,"2",NA,"Positive/Non-Social"
244,10,"2",NA,"Positive/Non-Social"
244,11,"2",NA,"Positive/Non-Social"
244,12,"2",2,"Positive/Non-Social"
244,13,"2",2,"Positive/Non-Social"
244,14,"2",NA,"Positive/Non-Social"
244,15,"2",NA,"Positive/Non-Social"
244,16,"2",NA,"Positive/Non-Social"
244,17,"2",NA,"Positive/Non-Social"
244,18,"2",3,"Positive/Non-Social"
244,20,"2",4,"Positive/Non-Social"
244,21,"2",NA,"Positive/Non-Social"
244,22,"2",NA,"Positive/Non-Social"
244,23,"2",NA,"Positive/Non-Social"
244,24,"2",NA,"Positive/Non-Social"
244,25,"2",5,"Positive/Non-Social"
244,26,"2",NA,"Positive/Non-Social"
244,28,"2",NA,"Positive/Non-Social"
244,29,"2",1,"Positive/Non-Social"
244,30,"2",NA,"Positive/Non-Social"
244,31,"2",NA,"Positive/Non-Social"
244,32,"2",3,"Positive/Non-Social"
244,33,"2",3,"Positive/Non-Social"
244,35,"2",NA,"Positive/Non-Social"
244,36,"2",NA,"Positive/Non-Social"
244,37,"2",NA,"Positive/Non-Social"
244,38,"2",NA,"Positive/Non-Social"
244,40,"2",3,"Positive/Non-Social"
244,41,"2",NA,"Positive/Non-Social"
244,42,"2",NA,"Positive/Non-Social"
244,43,"2",NA,"Positive/Non-Social"
245,1,"2",3,"Positive/Non-Social"
245,5,"2",3,"Positive/Non-Social"
245,7,"2",1,"Positive/Non-Social"
245,8,"2",5,"Positive/Non-Social"
245,10,"2",4,"Positive/Non-Social"
245,12,"2",NA,"Positive/Non-Social"
245,16,"2",3,"Positive/Non-Social"
245,27,"2",1,"Positive/Non-Social"
245,28,"2",NA,"Positive/Non-Social"
245,29,"2",8,"Positive/Non-Social"
245,36,"2",NA,"Positive/Non-Social"
246,1,"2",NA,"Positive/Non-Social"
246,2,"2",NA,"Positive/Non-Social"
246,3,"2",NA,"Positive/Non-Social"
246,4,"2",NA,"Positive/Non-Social"
246,5,"2",7,"Positive/Non-Social"
246,6,"2",NA,"Positive/Non-Social"
246,7,"2",NA,"Positive/Non-Social"
246,9,"2",12,"Positive/Non-Social"
246,10,"2",NA,"Positive/Non-Social"
246,11,"2",NA,"Positive/Non-Social"
246,12,"2",NA,"Positive/Non-Social"
246,13,"2",NA,"Positive/Non-Social"
246,14,"2",NA,"Positive/Non-Social"
246,15,"2",NA,"Positive/Non-Social"
246,16,"2",NA,"Positive/Non-Social"
246,17,"2",10,"Positive/Non-Social"
246,18,"2",NA,"Positive/Non-Social"
246,20,"2",NA,"Positive/Non-Social"
246,21,"2",NA,"Positive/Non-Social"
246,22,"2",NA,"Positive/Non-Social"
246,23,"2",NA,"Positive/Non-Social"
246,24,"2",NA,"Positive/Non-Social"
246,25,"2",NA,"Positive/Non-Social"
246,26,"2",3,"Positive/Non-Social"
246,27,"2",8,"Positive/Non-Social"
246,28,"2",NA,"Positive/Non-Social"
246,29,"2",2,"Positive/Non-Social"
246,30,"2",NA,"Positive/Non-Social"
246,31,"2",NA,"Positive/Non-Social"
246,32,"2",NA,"Positive/Non-Social"
246,33,"2",7,"Positive/Non-Social"
246,35,"2",NA,"Positive/Non-Social"
246,36,"2",NA,"Positive/Non-Social"
246,37,"2",NA,"Positive/Non-Social"
246,38,"2",5,"Positive/Non-Social"
246,39,"2",NA,"Positive/Non-Social"
246,40,"2",3,"Positive/Non-Social"
246,41,"2",NA,"Positive/Non-Social"
246,42,"2",NA,"Positive/Non-Social"
246,43,"2",NA,"Positive/Non-Social"
247,1,"2",NA,"Positive/Non-Social"
247,2,"2",NA,"Positive/Non-Social"
247,3,"2",NA,"Positive/Non-Social"
247,4,"2",NA,"Positive/Non-Social"
247,5,"2",3,"Positive/Non-Social"
247,6,"2",NA,"Positive/Non-Social"
247,8,"2",NA,"Positive/Non-Social"
247,9,"2",NA,"Positive/Non-Social"
247,10,"2",NA,"Positive/Non-Social"
247,11,"2",3,"Positive/Non-Social"
247,12,"2",NA,"Positive/Non-Social"
247,13,"2",NA,"Positive/Non-Social"
247,14,"2",NA,"Positive/Non-Social"
247,15,"2",NA,"Positive/Non-Social"
247,16,"2",NA,"Positive/Non-Social"
247,17,"2",NA,"Positive/Non-Social"
247,18,"2",6,"Positive/Non-Social"
247,19,"2",8,"Positive/Non-Social"
247,20,"2",10,"Positive/Non-Social"
247,21,"2",NA,"Positive/Non-Social"
247,22,"2",NA,"Positive/Non-Social"
247,23,"2",NA,"Positive/Non-Social"
247,24,"2",2,"Positive/Non-Social"
247,25,"2",3,"Positive/Non-Social"
247,26,"2",1,"Positive/Non-Social"
247,27,"2",NA,"Positive/Non-Social"
247,28,"2",NA,"Positive/Non-Social"
247,29,"2",NA,"Positive/Non-Social"
247,30,"2",1,"Positive/Non-Social"
247,31,"2",NA,"Positive/Non-Social"
247,33,"2",5,"Positive/Non-Social"
247,34,"2",NA,"Positive/Non-Social"
247,35,"2",NA,"Positive/Non-Social"
247,36,"2",NA,"Positive/Non-Social"
247,37,"2",NA,"Positive/Non-Social"
247,38,"2",1,"Positive/Non-Social"
247,39,"2",4,"Positive/Non-Social"
247,40,"2",1,"Positive/Non-Social"
247,41,"2",NA,"Positive/Non-Social"
247,42,"2",NA,"Positive/Non-Social"
247,43,"2",NA,"Positive/Non-Social"
249,1,"2",6,"Positive/Non-Social"
249,2,"2",1,"Positive/Non-Social"
249,3,"2",2,"Positive/Non-Social"
249,4,"2",10,"Positive/Non-Social"
249,5,"2",NA,"Positive/Non-Social"
249,6,"2",NA,"Positive/Non-Social"
249,7,"2",NA,"Positive/Non-Social"
249,8,"2",NA,"Positive/Non-Social"
249,9,"2",NA,"Positive/Non-Social"
249,10,"2",2,"Positive/Non-Social"
249,12,"2",NA,"Positive/Non-Social"
249,13,"2",NA,"Positive/Non-Social"
249,14,"2",NA,"Positive/Non-Social"
249,18,"2",NA,"Positive/Non-Social"
249,19,"2",5,"Positive/Non-Social"
249,20,"2",3,"Positive/Non-Social"
249,21,"2",3,"Positive/Non-Social"
249,23,"2",NA,"Positive/Non-Social"
249,25,"2",2,"Positive/Non-Social"
249,26,"2",NA,"Positive/Non-Social"
249,27,"2",NA,"Positive/Non-Social"
249,28,"2",7,"Positive/Non-Social"
249,29,"2",NA,"Positive/Non-Social"
249,30,"2",NA,"Positive/Non-Social"
249,31,"2",7,"Positive/Non-Social"
249,33,"2",7,"Positive/Non-Social"
249,34,"2",NA,"Positive/Non-Social"
249,35,"2",6,"Positive/Non-Social"
249,36,"2",3,"Positive/Non-Social"
249,37,"2",3,"Positive/Non-Social"
249,40,"2",3,"Positive/Non-Social"
249,41,"2",NA,"Positive/Non-Social"
249,42,"2",3,"Positive/Non-Social"
249,43,"2",NA,"Positive/Non-Social"
250,1,"2",1,"Positive/Non-Social"
250,2,"2",NA,"Positive/Non-Social"
250,3,"2",NA,"Positive/Non-Social"
250,4,"2",NA,"Positive/Non-Social"
250,5,"2",NA,"Positive/Non-Social"
250,6,"2",2,"Positive/Non-Social"
250,7,"2",NA,"Positive/Non-Social"
250,8,"2",NA,"Positive/Non-Social"
250,9,"2",NA,"Positive/Non-Social"
250,10,"2",NA,"Positive/Non-Social"
250,11,"2",1,"Positive/Non-Social"
250,12,"2",NA,"Positive/Non-Social"
250,13,"2",NA,"Positive/Non-Social"
250,14,"2",NA,"Positive/Non-Social"
250,15,"2",NA,"Positive/Non-Social"
250,16,"2",NA,"Positive/Non-Social"
250,17,"2",1,"Positive/Non-Social"
250,18,"2",NA,"Positive/Non-Social"
250,20,"2",2,"Positive/Non-Social"
250,21,"2",4,"Positive/Non-Social"
250,22,"2",2,"Positive/Non-Social"
250,23,"2",NA,"Positive/Non-Social"
250,24,"2",NA,"Positive/Non-Social"
250,25,"2",2,"Positive/Non-Social"
250,26,"2",NA,"Positive/Non-Social"
250,27,"2",NA,"Positive/Non-Social"
250,28,"2",1,"Positive/Non-Social"
250,29,"2",NA,"Positive/Non-Social"
250,30,"2",NA,"Positive/Non-Social"
250,31,"2",NA,"Positive/Non-Social"
250,32,"2",5,"Positive/Non-Social"
250,33,"2",5,"Positive/Non-Social"
250,34,"2",NA,"Positive/Non-Social"
250,35,"2",NA,"Positive/Non-Social"
250,36,"2",NA,"Positive/Non-Social"
250,37,"2",NA,"Positive/Non-Social"
250,38,"2",1,"Positive/Non-Social"
250,39,"2",6,"Positive/Non-Social"
250,40,"2",NA,"Positive/Non-Social"
250,41,"2",NA,"Positive/Non-Social"
250,42,"2",NA,"Positive/Non-Social"
250,43,"2",NA,"Positive/Non-Social"
251,1,"2",5,"Positive/Social"
251,2,"2",1,"Positive/Social"
251,3,"2",1,"Positive/Social"
251,4,"2",NA,"Positive/Social"
251,5,"2",NA,"Positive/Social"
251,6,"2",NA,"Positive/Social"
251,7,"2",1,"Positive/Social"
251,8,"2",NA,"Positive/Social"
251,9,"2",4,"Positive/Social"
251,10,"2",NA,"Positive/Social"
251,11,"2",NA,"Positive/Social"
251,12,"2",NA,"Positive/Social"
251,13,"2",NA,"Positive/Social"
251,14,"2",NA,"Positive/Social"
251,15,"2",NA,"Positive/Social"
251,16,"2",NA,"Positive/Social"
251,17,"2",NA,"Positive/Social"
251,18,"2",8,"Positive/Social"
251,20,"2",7,"Positive/Social"
251,21,"2",NA,"Positive/Social"
251,22,"2",NA,"Positive/Social"
251,23,"2",2,"Positive/Social"
251,24,"2",8,"Positive/Social"
251,25,"2",3,"Positive/Social"
251,26,"2",8,"Positive/Social"
251,27,"2",15,"Positive/Social"
251,28,"2",NA,"Positive/Social"
251,29,"2",NA,"Positive/Social"
251,30,"2",NA,"Positive/Social"
251,31,"2",NA,"Positive/Social"
251,32,"2",NA,"Positive/Social"
251,33,"2",NA,"Positive/Social"
251,34,"2",3,"Positive/Social"
251,35,"2",NA,"Positive/Social"
251,36,"2",3,"Positive/Social"
251,37,"2",4,"Positive/Social"
251,38,"2",10,"Positive/Social"
251,39,"2",3,"Positive/Social"
251,40,"2",1,"Positive/Social"
251,41,"2",1,"Positive/Social"
251,42,"2",NA,"Positive/Social"
251,43,"2",NA,"Positive/Social"
252,1,"2",NA,"Positive/Social"
252,2,"2",NA,"Positive/Social"
252,3,"2",NA,"Positive/Social"
252,4,"2",NA,"Positive/Social"
252,5,"2",NA,"Positive/Social"
252,6,"2",NA,"Positive/Social"
252,7,"2",NA,"Positive/Social"
252,7,"2",NA,"Positive/Social"
252,8,"2",NA,"Positive/Social"
252,9,"2",NA,"Positive/Social"
252,10,"2",NA,"Positive/Social"
252,11,"2",NA,"Positive/Social"
252,13,"2",NA,"Positive/Social"
252,14,"2",NA,"Positive/Social"
252,15,"2",NA,"Positive/Social"
252,17,"2",3,"Positive/Social"
252,18,"2",3,"Positive/Social"
252,19,"2",1,"Positive/Social"
252,20,"2",3,"Positive/Social"
252,21,"2",NA,"Positive/Social"
252,22,"2",NA,"Positive/Social"
252,23,"2",NA,"Positive/Social"
252,24,"2",NA,"Positive/Social"
252,25,"2",3,"Positive/Social"
252,26,"2",6,"Positive/Social"
252,27,"2",NA,"Positive/Social"
252,28,"2",NA,"Positive/Social"
252,29,"2",NA,"Positive/Social"
252,30,"2",NA,"Positive/Social"
252,31,"2",6,"Positive/Social"
252,32,"2",2,"Positive/Social"
252,33,"2",2,"Positive/Social"
252,35,"2",NA,"Positive/Social"
252,37,"2",5,"Positive/Social"
252,38,"2",5,"Positive/Social"
252,39,"2",NA,"Positive/Social"
252,40,"2",5,"Positive/Social"
252,42,"2",NA,"Positive/Social"
252,43,"2",NA,"Positive/Social"
253,1,"1",NA,"Positive/Social"
253,2,"1",NA,"Positive/Social"
253,3,"1",NA,"Positive/Social"
253,4,"1",NA,"Positive/Social"
253,5,"1",2,"Positive/Social"
253,6,"1",4,"Positive/Social"
253,7,"1",NA,"Positive/Social"
253,8,"1",NA,"Positive/Social"
253,9,"1",NA,"Positive/Social"
253,10,"1",NA,"Positive/Social"
253,11,"1",NA,"Positive/Social"
253,12,"1",NA,"Positive/Social"
253,14,"1",NA,"Positive/Social"
253,15,"1",NA,"Positive/Social"
253,17,"1",8,"Positive/Social"
253,18,"1",NA,"Positive/Social"
253,20,"1",NA,"Positive/Social"
253,21,"1",NA,"Positive/Social"
253,22,"1",NA,"Positive/Social"
253,23,"1",NA,"Positive/Social"
253,24,"1",NA,"Positive/Social"
253,26,"1",NA,"Positive/Social"
253,27,"1",NA,"Positive/Social"
253,28,"1",NA,"Positive/Social"
253,29,"1",NA,"Positive/Social"
253,30,"1",7,"Positive/Social"
253,31,"1",NA,"Positive/Social"
253,32,"1",3,"Positive/Social"
253,33,"1",NA,"Positive/Social"
253,34,"1",1,"Positive/Social"
253,35,"1",NA,"Positive/Social"
253,36,"1",NA,"Positive/Social"
253,37,"1",NA,"Positive/Social"
253,38,"1",NA,"Positive/Social"
253,39,"1",4,"Positive/Social"
253,40,"1",NA,"Positive/Social"
253,41,"1",NA,"Positive/Social"
253,42,"1",NA,"Positive/Social"
253,43,"1",NA,"Positive/Social"
254,1,"2",8,"Positive/Social"
254,2,"2",NA,"Positive/Social"
254,3,"2",NA,"Positive/Social"
254,4,"2",NA,"Positive/Social"
254,5,"2",NA,"Positive/Social"
254,6,"2",1,"Positive/Social"
254,7,"2",NA,"Positive/Social"
254,8,"2",NA,"Positive/Social"
254,9,"2",NA,"Positive/Social"
254,10,"2",NA,"Positive/Social"
254,11,"2",NA,"Positive/Social"
254,12,"2",10,"Positive/Social"
254,13,"2",NA,"Positive/Social"
254,14,"2",NA,"Positive/Social"
254,15,"2",NA,"Positive/Social"
254,16,"2",NA,"Positive/Social"
254,17,"2",NA,"Positive/Social"
254,18,"2",NA,"Positive/Social"
254,19,"2",8,"Positive/Social"
254,20,"2",NA,"Positive/Social"
254,22,"2",NA,"Positive/Social"
254,23,"2",NA,"Positive/Social"
254,24,"2",10,"Positive/Social"
254,26,"2",NA,"Positive/Social"
254,27,"2",7,"Positive/Social"
254,28,"2",NA,"Positive/Social"
254,29,"2",NA,"Positive/Social"
254,30,"2",16,"Positive/Social"
254,31,"2",NA,"Positive/Social"
254,32,"2",4,"Positive/Social"
254,33,"2",7,"Positive/Social"
254,34,"2",NA,"Positive/Social"
254,35,"2",3,"Positive/Social"
254,37,"2",NA,"Positive/Social"
254,37,"2",NA,"Positive/Social"
254,39,"2",8,"Positive/Social"
254,40,"2",NA,"Positive/Social"
254,41,"2",1,"Positive/Social"
254,42,"2",NA,"Positive/Social"
254,43,"2",NA,"Positive/Social"
255,1,"2",NA,"Positive/Social"
255,2,"2",NA,"Positive/Social"
255,3,"2",NA,"Positive/Social"
255,4,"2",8,"Positive/Social"
255,5,"2",11,"Positive/Social"
255,6,"2",NA,"Positive/Social"
255,7,"2",NA,"Positive/Social"
255,9,"2",NA,"Positive/Social"
255,10,"2",NA,"Positive/Social"
255,11,"2",1,"Positive/Social"
255,13,"2",2,"Positive/Social"
255,14,"2",1,"Positive/Social"
255,16,"2",9,"Positive/Social"
255,16,"2",1,"Positive/Social"
255,18,"2",4,"Positive/Social"
256,1,"1",2,"Positive/Social"
256,2,"1",NA,"Positive/Social"
256,3,"1",NA,"Positive/Social"
256,4,"1",NA,"Positive/Social"
256,5,"1",3,"Positive/Social"
256,6,"1",NA,"Positive/Social"
256,7,"1",NA,"Positive/Social"
256,9,"1",NA,"Positive/Social"
256,10,"1",1,"Positive/Social"
256,11,"1",NA,"Positive/Social"
256,13,"1",NA,"Positive/Social"
256,14,"1",NA,"Positive/Social"
256,15,"1",NA,"Positive/Social"
256,16,"1",NA,"Positive/Social"
256,19,"1",NA,"Positive/Social"
256,19,"1",3,"Positive/Social"
256,21,"1",NA,"Positive/Social"
256,22,"1",NA,"Positive/Social"
256,23,"1",NA,"Positive/Social"
256,24,"1",NA,"Positive/Social"
256,26,"1",NA,"Positive/Social"
256,27,"1",NA,"Positive/Social"
256,28,"1",5,"Positive/Social"
256,29,"1",NA,"Positive/Social"
256,30,"1",NA,"Positive/Social"
256,31,"1",2,"Positive/Social"
256,33,"1",5,"Positive/Social"
256,35,"1",NA,"Positive/Social"
256,36,"1",NA,"Positive/Social"
256,37,"1",1,"Positive/Social"
256,39,"1",NA,"Positive/Social"
256,40,"1",1,"Positive/Social"
256,41,"1",NA,"Positive/Social"
256,42,"1",NA,"Positive/Social"
256,43,"1",NA,"Positive/Social"
258,1,"2",5,"Positive/Social"
258,2,"2",3,"Positive/Social"
258,3,"2",NA,"Positive/Social"
258,4,"2",NA,"Positive/Social"
258,5,"2",2,"Positive/Social"
258,6,"2",NA,"Positive/Social"
258,7,"2",1,"Positive/Social"
258,8,"2",NA,"Positive/Social"
258,9,"2",1,"Positive/Social"
258,11,"2",7,"Positive/Social"
258,12,"2",NA,"Positive/Social"
258,13,"2",NA,"Positive/Social"
258,14,"2",NA,"Positive/Social"
258,15,"2",NA,"Positive/Social"
258,16,"2",NA,"Positive/Social"
258,17,"2",1,"Positive/Social"
258,18,"2",NA,"Positive/Social"
258,19,"2",NA,"Positive/Social"
258,20,"2",NA,"Positive/Social"
258,21,"2",NA,"Positive/Social"
258,24,"2",2,"Positive/Social"
258,25,"2",NA,"Positive/Social"
258,26,"2",4,"Positive/Social"
258,27,"2",7,"Positive/Social"
258,28,"2",NA,"Positive/Social"
258,28,"2",NA,"Positive/Social"
258,29,"2",NA,"Positive/Social"
258,30,"2",NA,"Positive/Social"
258,31,"2",NA,"Positive/Social"
258,33,"2",NA,"Positive/Social"
258,34,"2",NA,"Positive/Social"
258,35,"2",NA,"Positive/Social"
258,36,"2",2,"Positive/Social"
258,37,"2",3,"Positive/Social"
258,38,"2",3,"Positive/Social"
258,39,"2",NA,"Positive/Social"
258,40,"2",1,"Positive/Social"
258,41,"2",NA,"Positive/Social"
258,42,"2",NA,"Positive/Social"
258,43,"2",NA,"Positive/Social"
259,1,"2",NA,"Positive/Social"
259,2,"2",NA,"Positive/Social"
259,4,"2",NA,"Positive/Social"
259,6,"2",NA,"Positive/Social"
259,7,"2",NA,"Positive/Social"
259,9,"2",NA,"Positive/Social"
259,10,"2",NA,"Positive/Social"
259,11,"2",NA,"Positive/Social"
259,12,"2",NA,"Positive/Social"
259,13,"2",NA,"Positive/Social"
259,14,"2",NA,"Positive/Social"
259,15,"2",NA,"Positive/Social"
259,16,"2",NA,"Positive/Social"
259,17,"2",NA,"Positive/Social"
259,18,"2",5,"Positive/Social"
259,19,"2",NA,"Positive/Social"
259,20,"2",NA,"Positive/Social"
259,21,"2",NA,"Positive/Social"
259,22,"2",NA,"Positive/Social"
259,23,"2",NA,"Positive/Social"
259,24,"2",NA,"Positive/Social"
259,25,"2",NA,"Positive/Social"
259,26,"2",NA,"Positive/Social"
259,28,"2",NA,"Positive/Social"
259,30,"2",NA,"Positive/Social"
259,31,"2",2,"Positive/Social"
259,32,"2",NA,"Positive/Social"
259,33,"2",NA,"Positive/Social"
259,34,"2",NA,"Positive/Social"
259,35,"2",NA,"Positive/Social"
259,36,"2",NA,"Positive/Social"
259,37,"2",NA,"Positive/Social"
259,38,"2",3,"Positive/Social"
259,40,"2",NA,"Positive/Social"
259,41,"2",NA,"Positive/Social"
259,42,"2",NA,"Positive/Social"
259,43,"2",NA,"Positive/Social"
260,1,"2",3,"Positive/Social"
260,2,"2",NA,"Positive/Social"
260,4,"2",NA,"Positive/Social"
260,5,"2",NA,"Positive/Social"
260,6,"2",1,"Positive/Social"
260,7,"2",NA,"Positive/Social"
260,8,"2",NA,"Positive/Social"
260,9,"2",NA,"Positive/Social"
260,10,"2",NA,"Positive/Social"
260,11,"2",NA,"Positive/Social"
260,12,"2",3,"Positive/Social"
260,13,"2",NA,"Positive/Social"
260,14,"2",NA,"Positive/Social"
260,15,"2",NA,"Positive/Social"
260,18,"2",4,"Positive/Social"
260,21,"2",1,"Positive/Social"
260,23,"2",1,"Positive/Social"
260,24,"2",NA,"Positive/Social"
260,26,"2",6,"Positive/Social"
260,28,"2",NA,"Positive/Social"
260,29,"2",NA,"Positive/Social"
260,30,"2",NA,"Positive/Social"
260,32,"2",NA,"Positive/Social"
260,33,"2",NA,"Positive/Social"
260,34,"2",NA,"Positive/Social"
260,35,"2",NA,"Positive/Social"
260,36,"2",NA,"Positive/Social"
260,38,"2",NA,"Positive/Social"
260,39,"2",1,"Positive/Social"
260,40,"2",1,"Positive/Social"
260,41,"2",NA,"Positive/Social"
260,42,"2",NA,"Positive/Social"
260,43,"2",NA,"Positive/Social"
260,43,"2",NA,"Positive/Social"
261,1,"2",NA,"Positive/Social"
261,2,"2",NA,"Positive/Social"
261,3,"2",NA,"Positive/Social"
261,4,"2",2,"Positive/Social"
261,5,"2",NA,"Positive/Social"
261,6,"2",2,"Positive/Social"
261,7,"2",NA,"Positive/Social"
261,8,"2",NA,"Positive/Social"
261,9,"2",NA,"Positive/Social"
261,10,"2",NA,"Positive/Social"
261,11,"2",2,"Positive/Social"
261,12,"2",1,"Positive/Social"
261,13,"2",1,"Positive/Social"
261,14,"2",NA,"Positive/Social"
261,15,"2",NA,"Positive/Social"
261,16,"2",NA,"Positive/Social"
261,17,"2",4,"Positive/Social"
261,18,"2",NA,"Positive/Social"
261,19,"2",NA,"Positive/Social"
261,20,"2",1,"Positive/Social"
261,21,"2",NA,"Positive/Social"
261,22,"2",NA,"Positive/Social"
261,23,"2",NA,"Positive/Social"
261,24,"2",NA,"Positive/Social"
261,25,"2",NA,"Positive/Social"
261,26,"2",NA,"Positive/Social"
261,27,"2",NA,"Positive/Social"
261,28,"2",NA,"Positive/Social"
261,29,"2",NA,"Positive/Social"
261,30,"2",6,"Positive/Social"
261,31,"2",NA,"Positive/Social"
261,32,"2",NA,"Positive/Social"
261,33,"2",2,"Positive/Social"
261,34,"2",NA,"Positive/Social"
261,35,"2",NA,"Positive/Social"
261,36,"2",NA,"Positive/Social"
261,37,"2",NA,"Positive/Social"
261,38,"2",NA,"Positive/Social"
261,39,"2",2,"Positive/Social"
261,40,"2",4,"Positive/Social"
261,41,"2",3,"Positive/Social"
261,42,"2",NA,"Positive/Social"
261,43,"2",NA,"Positive/Social"
262,1,"1",5,"Positive/Social"
262,1,"1",NA,"Positive/Social"
262,2,"1",NA,"Positive/Social"
262,4,"1",10,"Positive/Social"
262,5,"1",8,"Positive/Social"
262,6,"1",3,"Positive/Social"
262,7,"1",NA,"Positive/Social"
262,9,"1",8,"Positive/Social"
262,10,"1",8,"Positive/Social"
262,13,"1",NA,"Positive/Social"
262,14,"1",NA,"Positive/Social"
262,15,"1",5,"Positive/Social"
262,16,"1",NA,"Positive/Social"
262,18,"1",6,"Positive/Social"
262,19,"1",10,"Positive/Social"
262,20,"1",NA,"Positive/Social"
262,22,"1",NA,"Positive/Social"
262,24,"1",8,"Positive/Social"
262,25,"1",10,"Positive/Social"
262,28,"1",NA,"Positive/Social"
262,28,"1",NA,"Positive/Social"
262,29,"1",NA,"Positive/Social"
262,32,"1",NA,"Positive/Social"
262,33,"1",10,"Positive/Social"
262,34,"1",NA,"Positive/Social"
262,35,"1",NA,"Positive/Social"
262,36,"1",NA,"Positive/Social"
262,37,"1",NA,"Positive/Social"
262,38,"1",NA,"Positive/Social"
262,39,"1",10,"Positive/Social"
262,40,"1",8,"Positive/Social"
262,41,"1",NA,"Positive/Social"
262,42,"1",NA,"Positive/Social"
262,43,"1",NA,"Positive/Social"
263,NA,"2",NA,"Positive/Social"
264,1,"2",NA,"Positive/Social"
264,4,"2",2,"Positive/Social"
264,6,"2",NA,"Positive/Social"
264,7,"2",NA,"Positive/Social"
264,9,"2",NA,"Positive/Social"
264,10,"2",NA,"Positive/Social"
264,11,"2",NA,"Positive/Social"
264,12,"2",NA,"Positive/Social"
264,13,"2",NA,"Positive/Social"
264,14,"2",NA,"Positive/Social"
264,15,"2",NA,"Positive/Social"
264,16,"2",NA,"Positive/Social"
264,17,"2",NA,"Positive/Social"
264,19,"2",NA,"Positive/Social"
264,20,"2",NA,"Positive/Social"
264,21,"2",NA,"Positive/Social"
264,22,"2",NA,"Positive/Social"
264,23,"2",NA,"Positive/Social"
264,24,"2",NA,"Positive/Social"
264,25,"2",NA,"Positive/Social"
264,26,"2",6,"Positive/Social"
264,27,"2",NA,"Positive/Social"
264,30,"2",NA,"Positive/Social"
264,34,"2",NA,"Positive/Social"
264,35,"2",NA,"Positive/Social"
264,36,"2",NA,"Positive/Social"
264,37,"2",NA,"Positive/Social"
264,38,"2",NA,"Positive/Social"
264,39,"2",NA,"Positive/Social"
264,42,"2",NA,"Positive/Social"
265,1,"2",NA,"Negative/Social"
265,2,"2",NA,"Negative/Social"
265,4,"2",NA,"Negative/Social"
265,4,"2",NA,"Negative/Social"
265,5,"2",NA,"Negative/Social"
265,6,"2",NA,"Negative/Social"
265,7,"2",NA,"Negative/Social"
265,9,"2",NA,"Negative/Social"
265,10,"2",NA,"Negative/Social"
265,11,"2",NA,"Negative/Social"
265,13,"2",2,"Negative/Social"
265,14,"2",NA,"Negative/Social"
265,15,"2",NA,"Negative/Social"
265,17,"2",NA,"Negative/Social"
265,18,"2",20,"Negative/Social"
265,19,"2",NA,"Negative/Social"
265,20,"2",NA,"Negative/Social"
265,21,"2",NA,"Negative/Social"
265,22,"2",NA,"Negative/Social"
265,22,"2",NA,"Negative/Social"
265,24,"2",NA,"Negative/Social"
265,24,"2",NA,"Negative/Social"
265,26,"2",10,"Negative/Social"
265,26,"2",NA,"Negative/Social"
265,27,"2",NA,"Negative/Social"
265,28,"2",NA,"Negative/Social"
265,29,"2",NA,"Negative/Social"
265,30,"2",NA,"Negative/Social"
265,31,"2",NA,"Negative/Social"
265,32,"2",NA,"Negative/Social"
265,34,"2",NA,"Negative/Social"
265,35,"2",NA,"Negative/Social"
265,36,"2",NA,"Negative/Social"
265,37,"2",4,"Negative/Social"
265,38,"2",8,"Negative/Social"
265,39,"2",5,"Negative/Social"
265,40,"2",NA,"Negative/Social"
265,42,"2",NA,"Negative/Social"
265,43,"2",NA,"Negative/Social"
266,1,"2",NA,"Negative/Social"
266,2,"2",1,"Negative/Social"
266,3,"2",2,"Negative/Social"
266,4,"2",5,"Negative/Social"
266,5,"2",NA,"Negative/Social"
266,6,"2",NA,"Negative/Social"
266,7,"2",NA,"Negative/Social"
266,8,"2",NA,"Negative/Social"
266,9,"2",NA,"Negative/Social"
266,10,"2",NA,"Negative/Social"
266,11,"2",NA,"Negative/Social"
266,12,"2",1,"Negative/Social"
266,13,"2",NA,"Negative/Social"
266,14,"2",NA,"Negative/Social"
266,15,"2",NA,"Negative/Social"
266,16,"2",NA,"Negative/Social"
266,17,"2",NA,"Negative/Social"
266,18,"2",NA,"Negative/Social"
266,19,"2",NA,"Negative/Social"
266,20,"2",NA,"Negative/Social"
266,21,"2",NA,"Negative/Social"
266,22,"2",NA,"Negative/Social"
266,24,"2",NA,"Negative/Social"
266,25,"2",NA,"Negative/Social"
266,26,"2",NA,"Negative/Social"
266,28,"2",NA,"Negative/Social"
266,29,"2",2,"Negative/Social"
266,30,"2",NA,"Negative/Social"
266,31,"2",1,"Negative/Social"
266,32,"2",NA,"Negative/Social"
266,33,"2",NA,"Negative/Social"
266,34,"2",NA,"Negative/Social"
266,35,"2",NA,"Negative/Social"
266,36,"2",6,"Negative/Social"
266,37,"2",NA,"Negative/Social"
266,38,"2",1,"Negative/Social"
266,39,"2",NA,"Negative/Social"
266,40,"2",NA,"Negative/Social"
266,41,"2",NA,"Negative/Social"
266,42,"2",NA,"Negative/Social"
266,43,"2",NA,"Negative/Social"
267,1,"2",2,"Negative/Social"
267,2,"2",2,"Negative/Social"
267,3,"2",NA,"Negative/Social"
267,4,"2",8,"Negative/Social"
267,5,"2",9,"Negative/Social"
267,7,"2",NA,"Negative/Social"
267,10,"2",NA,"Negative/Social"
267,11,"2",3,"Negative/Social"
267,12,"2",1,"Negative/Social"
267,33,"2",NA,"Negative/Social"
268,1,"1",NA,"Negative/Social"
268,2,"1",NA,"Negative/Social"
268,3,"1",1,"Negative/Social"
268,4,"1",3,"Negative/Social"
268,5,"1",12,"Negative/Social"
268,7,"1",NA,"Negative/Social"
268,9,"1",NA,"Negative/Social"
268,10,"1",NA,"Negative/Social"
268,12,"1",NA,"Negative/Social"
268,14,"1",NA,"Negative/Social"
268,16,"1",NA,"Negative/Social"
268,17,"1",NA,"Negative/Social"
268,18,"1",NA,"Negative/Social"
268,19,"1",2,"Negative/Social"
268,20,"1",1,"Negative/Social"
268,21,"1",NA,"Negative/Social"
268,22,"1",NA,"Negative/Social"
268,23,"1",3,"Negative/Social"
268,24,"1",4,"Negative/Social"
268,25,"1",NA,"Negative/Social"
268,26,"1",NA,"Negative/Social"
268,28,"1",NA,"Negative/Social"
268,29,"1",NA,"Negative/Social"
268,30,"1",NA,"Negative/Social"
268,31,"1",NA,"Negative/Social"
268,32,"1",NA,"Negative/Social"
268,34,"1",NA,"Negative/Social"
268,35,"1",NA,"Negative/Social"
268,36,"1",NA,"Negative/Social"
268,39,"1",3,"Negative/Social"
268,40,"1",1,"Negative/Social"
268,41,"1",2,"Negative/Social"
268,42,"1",3,"Negative/Social"
268,43,"1",NA,"Negative/Social"
270,1,"1",NA,"Negative/Social"
270,2,"1",NA,"Negative/Social"
270,3,"1",NA,"Negative/Social"
270,4,"1",NA,"Negative/Social"
270,5,"1",NA,"Negative/Social"
270,6,"1",NA,"Negative/Social"
270,7,"1",NA,"Negative/Social"
270,8,"1",NA,"Negative/Social"
270,9,"1",NA,"Negative/Social"
270,10,"1",NA,"Negative/Social"
270,11,"1",2,"Negative/Social"
270,12,"1",2,"Negative/Social"
270,13,"1",NA,"Negative/Social"
270,14,"1",NA,"Negative/Social"
270,15,"1",NA,"Negative/Social"
270,16,"1",NA,"Negative/Social"
270,17,"1",NA,"Negative/Social"
270,18,"1",NA,"Negative/Social"
270,19,"1",1,"Negative/Social"
270,20,"1",NA,"Negative/Social"
270,21,"1",NA,"Negative/Social"
270,22,"1",NA,"Negative/Social"
270,23,"1",NA,"Negative/Social"
270,24,"1",NA,"Negative/Social"
270,25,"1",5,"Negative/Social"
270,26,"1",NA,"Negative/Social"
270,27,"1",1,"Negative/Social"
270,28,"1",NA,"Negative/Social"
270,29,"1",1,"Negative/Social"
270,30,"1",NA,"Negative/Social"
270,31,"1",NA,"Negative/Social"
270,32,"1",NA,"Negative/Social"
270,33,"1",NA,"Negative/Social"
270,34,"1",NA,"Negative/Social"
270,35,"1",1,"Negative/Social"
270,36,"1",NA,"Negative/Social"
270,37,"1",NA,"Negative/Social"
270,38,"1",1,"Negative/Social"
270,39,"1",4,"Negative/Social"
270,40,"1",NA,"Negative/Social"
270,41,"1",NA,"Negative/Social"
270,42,"1",NA,"Negative/Social"
270,43,"1",NA,"Negative/Social"
271,1,"1",NA,"Negative/Social"
271,2,"1",NA,"Negative/Social"
271,2,"1",NA,"Negative/Social"
271,3,"1",NA,"Negative/Social"
271,4,"1",NA,"Negative/Social"
271,5,"1",NA,"Negative/Social"
271,6,"1",NA,"Negative/Social"
271,7,"1",NA,"Negative/Social"
271,8,"1",NA,"Negative/Social"
271,9,"1",NA,"Negative/Social"
271,10,"1",NA,"Negative/Social"
271,11,"1",NA,"Negative/Social"
271,12,"1",NA,"Negative/Social"
271,13,"1",NA,"Negative/Social"
271,14,"1",NA,"Negative/Social"
271,15,"1",NA,"Negative/Social"
271,17,"1",NA,"Negative/Social"
272,1,"1",NA,"Negative/Social"
272,2,"1",NA,"Negative/Social"
272,4,"1",NA,"Negative/Social"
272,5,"1",9,"Negative/Social"
272,7,"1",NA,"Negative/Social"
272,8,"1",NA,"Negative/Social"
272,9,"1",NA,"Negative/Social"
272,11,"1",3,"Negative/Social"
272,12,"1",3,"Negative/Social"
272,14,"1",NA,"Negative/Social"
272,15,"1",NA,"Negative/Social"
272,16,"1",NA,"Negative/Social"
272,17,"1",NA,"Negative/Social"
272,18,"1",1,"Negative/Social"
272,20,"1",1,"Negative/Social"
272,23,"1",4,"Negative/Social"
272,25,"1",NA,"Negative/Social"
272,26,"1",4,"Negative/Social"
272,26,"1",NA,"Negative/Social"
272,28,"1",NA,"Negative/Social"
272,29,"1",NA,"Negative/Social"
272,31,"1",NA,"Negative/Social"
272,33,"1",5,"Negative/Social"
272,35,"1",NA,"Negative/Social"
272,36,"1",NA,"Negative/Social"
272,38,"1",1,"Negative/Social"
272,39,"1",3,"Negative/Social"
272,41,"1",1,"Negative/Social"
272,42,"1",NA,"Negative/Social"
272,43,"1",1,"Negative/Social"
274,1,"1",NA,"Negative/Social"
274,2,"1",NA,"Negative/Social"
274,3,"1",NA,"Negative/Social"
274,4,"1",1,"Negative/Social"
274,5,"1",NA,"Negative/Social"
274,6,"1",1,"Negative/Social"
274,8,"1",NA,"Negative/Social"
274,9,"1",NA,"Negative/Social"
274,10,"1",2,"Negative/Social"
274,11,"1",NA,"Negative/Social"
274,12,"1",1,"Negative/Social"
274,13,"1",3,"Negative/Social"
274,14,"1",NA,"Negative/Social"
274,16,"1",NA,"Negative/Social"
274,17,"1",NA,"Negative/Social"
274,18,"1",NA,"Negative/Social"
274,20,"1",0.5,"Negative/Social"
274,21,"1",NA,"Negative/Social"
274,22,"1",NA,"Negative/Social"
274,23,"1",NA,"Negative/Social"
274,25,"1",1,"Negative/Social"
274,27,"1",NA,"Negative/Social"
274,28,"1",NA,"Negative/Social"
274,29,"1",1,"Negative/Social"
274,30,"1",NA,"Negative/Social"
274,31,"1",NA,"Negative/Social"
274,32,"1",NA,"Negative/Social"
274,34,"1",2,"Negative/Social"
274,35,"1",1,"Negative/Social"
274,37,"1",NA,"Negative/Social"
274,38,"1",2,"Negative/Social"
274,40,"1",17,"Negative/Social"
274,41,"1",NA,"Negative/Social"
274,42,"1",NA,"Negative/Social"
274,43,"1",1,"Negative/Social"
276,1,"1",NA,"Negative/Social"
276,1,"1",NA,"Negative/Social"
276,3,"1",NA,"Negative/Social"
276,5,"1",NA,"Negative/Social"
276,6,"1",NA,"Negative/Social"
276,7,"1",NA,"Negative/Social"
276,9,"1",NA,"Negative/Social"
276,10,"1",NA,"Negative/Social"
276,11,"1",2,"Negative/Social"
276,12,"1",3,"Negative/Social"
276,13,"1",NA,"Negative/Social"
276,14,"1",NA,"Negative/Social"
276,15,"1",NA,"Negative/Social"
276,16,"1",NA,"Negative/Social"
276,17,"1",10,"Negative/Social"
276,18,"1",NA,"Negative/Social"
276,19,"1",NA,"Negative/Social"
276,20,"1",1,"Negative/Social"
276,21,"1",NA,"Negative/Social"
276,22,"1",NA,"Negative/Social"
276,23,"1",NA,"Negative/Social"
276,25,"1",NA,"Negative/Social"
276,26,"1",NA,"Negative/Social"
276,27,"1",NA,"Negative/Social"
276,28,"1",NA,"Negative/Social"
276,29,"1",NA,"Negative/Social"
276,30,"1",NA,"Negative/Social"
276,31,"1",NA,"Negative/Social"
276,32,"1",5,"Negative/Social"
276,33,"1",NA,"Negative/Social"
276,34,"1",NA,"Negative/Social"
276,35,"1",NA,"Negative/Social"
276,36,"1",NA,"Negative/Social"
276,37,"1",2,"Negative/Social"
276,38,"1",NA,"Negative/Social"
276,39,"1",6,"Negative/Social"
276,40,"1",5,"Negative/Social"
276,41,"1",NA,"Negative/Social"
276,42,"1",NA,"Negative/Social"
276,43,"1",NA,"Negative/Social"
277,1,"1",NA,"Negative/Social"
277,2,"1",NA,"Negative/Social"
277,2,"1",NA,"Negative/Social"
277,3,"1",NA,"Negative/Social"
277,4,"1",NA,"Negative/Social"
277,5,"1",NA,"Negative/Social"
277,6,"1",NA,"Negative/Social"
277,7,"1",NA,"Negative/Social"
277,8,"1",NA,"Negative/Social"
277,8,"1",NA,"Negative/Social"
277,9,"1",NA,"Negative/Social"
277,11,"1",NA,"Negative/Social"
277,13,"1",NA,"Negative/Social"
277,14,"1",NA,"Negative/Social"
277,15,"1",NA,"Negative/Social"
277,16,"1",NA,"Negative/Social"
277,17,"1",15,"Negative/Social"
277,18,"1",NA,"Negative/Social"
277,19,"1",2,"Negative/Social"
277,20,"1",2,"Negative/Social"
277,21,"1",NA,"Negative/Social"
277,22,"1",NA,"Negative/Social"
277,23,"1",NA,"Negative/Social"
277,24,"1",NA,"Negative/Social"
277,25,"1",NA,"Negative/Social"
277,26,"1",6,"Negative/Social"
277,27,"1",2,"Negative/Social"
277,28,"1",NA,"Negative/Social"
277,29,"1",NA,"Negative/Social"
277,31,"1",NA,"Negative/Social"
277,32,"1",8,"Negative/Social"
277,33,"1",NA,"Negative/Social"
277,34,"1",NA,"Negative/Social"
277,35,"1",NA,"Negative/Social"
277,36,"1",NA,"Negative/Social"
277,39,"1",7,"Negative/Social"
277,40,"1",4,"Negative/Social"
277,41,"1",NA,"Negative/Social"
277,42,"1",NA,"Negative/Social"
277,43,"1",NA,"Negative/Social"
278,1,"1",NA,"Negative/Social"
278,2,"1",NA,"Negative/Social"
278,3,"1",1,"Negative/Social"
278,4,"1",7,"Negative/Social"
278,5,"1",10,"Negative/Social"
278,6,"1",NA,"Negative/Social"
278,7,"1",NA,"Negative/Social"
278,8,"1",NA,"Negative/Social"
278,9,"1",NA,"Negative/Social"
278,10,"1",2,"Negative/Social"
278,11,"1",7,"Negative/Social"
278,12,"1",13,"Negative/Social"
278,13,"1",NA,"Negative/Social"
278,14,"1",NA,"Negative/Social"
278,15,"1",NA,"Negative/Social"
278,16,"1",NA,"Negative/Social"
278,17,"1",4,"Negative/Social"
278,18,"1",5,"Negative/Social"
278,19,"1",4,"Negative/Social"
278,20,"1",4,"Negative/Social"
278,21,"1",NA,"Negative/Social"
278,22,"1",NA,"Negative/Social"
278,23,"1",NA,"Negative/Social"
278,24,"1",2,"Negative/Social"
278,25,"1",3,"Negative/Social"
278,25,"1",NA,"Negative/Social"
278,26,"1",10,"Negative/Social"
278,27,"1",NA,"Negative/Social"
278,28,"1",NA,"Negative/Social"
278,30,"1",3,"Negative/Social"
278,31,"1",NA,"Negative/Social"
278,32,"1",3,"Negative/Social"
278,33,"1",7,"Negative/Social"
278,34,"1",1,"Negative/Social"
278,35,"1",NA,"Negative/Social"
278,36,"1",NA,"Negative/Social"
278,37,"1",4,"Negative/Social"
278,38,"1",2,"Negative/Social"
278,39,"1",NA,"Negative/Social"
278,40,"1",12,"Negative/Social"
278,41,"1",NA,"Negative/Social"
278,42,"1",NA,"Negative/Social"
278,43,"1",NA,"Negative/Social"
280,NA,NA,NA,"Negative/Social"
281,6,"1",NA,"Negative/Non-Social"
281,7,"1",30,"Negative/Non-Social"
281,10,"1",50,"Negative/Non-Social"
281,16,"1",50,"Negative/Non-Social"
281,17,"1",40,"Negative/Non-Social"
281,18,"1",20,"Negative/Non-Social"
281,20,"1",NA,"Negative/Non-Social"
281,23,"1",30,"Negative/Non-Social"
281,24,"1",40,"Negative/Non-Social"
281,28,"1",30,"Negative/Non-Social"
281,36,"1",25,"Negative/Non-Social"
282,1,"2",NA,"Negative/Non-Social"
282,1,"2",NA,"Negative/Non-Social"
282,1,"2",NA,"Negative/Non-Social"
282,3,"2",NA,"Negative/Non-Social"
282,6,"2",NA,"Negative/Non-Social"
282,7,"2",NA,"Negative/Non-Social"
282,8,"2",NA,"Negative/Non-Social"
283,1,"1",NA,"Negative/Non-Social"
283,2,"1",3,"Negative/Non-Social"
283,3,"1",NA,"Negative/Non-Social"
283,4,"1",NA,"Negative/Non-Social"
283,5,"1",1,"Negative/Non-Social"
283,7,"1",1,"Negative/Non-Social"
283,8,"1",NA,"Negative/Non-Social"
283,9,"1",4,"Negative/Non-Social"
283,10,"1",1,"Negative/Non-Social"
283,11,"1",NA,"Negative/Non-Social"
283,12,"1",8,"Negative/Non-Social"
283,13,"1",NA,"Negative/Non-Social"
283,14,"1",NA,"Negative/Non-Social"
283,15,"1",NA,"Negative/Non-Social"
283,17,"1",NA,"Negative/Non-Social"
283,18,"1",10,"Negative/Non-Social"
283,19,"1",NA,"Negative/Non-Social"
283,29,"1",NA,"Negative/Non-Social"
283,35,"1",10,"Negative/Non-Social"
283,36,"1",8,"Negative/Non-Social"
283,37,"1",8,"Negative/Non-Social"
283,40,"1",NA,"Negative/Non-Social"
283,41,"1",NA,"Negative/Non-Social"
283,43,"1",NA,"Negative/Non-Social"
284,1,"1",12,"Negative/Non-Social"
284,6,"1",NA,"Negative/Non-Social"
284,7,"1",NA,"Negative/Non-Social"
284,7,"1",NA,"Negative/Non-Social"
284,8,"1",2,"Negative/Non-Social"
284,10,"1",15,"Negative/Non-Social"
284,11,"1",3,"Negative/Non-Social"
284,13,"1",4,"Negative/Non-Social"
284,14,"1",NA,"Negative/Non-Social"
284,16,"1",NA,"Negative/Non-Social"
284,17,"1",10,"Negative/Non-Social"
284,18,"1",NA,"Negative/Non-Social"
284,20,"1",10,"Negative/Non-Social"
284,21,"1",NA,"Negative/Non-Social"
284,22,"1",2,"Negative/Non-Social"
284,23,"1",NA,"Negative/Non-Social"
285,NA,"1",NA,"Negative/Non-Social"
286,NA,"2",NA,"Negative/Non-Social"
287,1,"2",NA,"Positive/Social"
287,2,"2",NA,"Positive/Social"
287,3,"2",NA,"Positive/Social"
287,4,"2",NA,"Positive/Social"
287,5,"2",1,"Positive/Social"
287,6,"2",NA,"Positive/Social"
287,7,"2",NA,"Positive/Social"
287,8,"2",NA,"Positive/Social"
287,9,"2",NA,"Positive/Social"
287,10,"2",NA,"Positive/Social"
287,11,"2",2,"Positive/Social"
287,12,"2",NA,"Positive/Social"
287,13,"2",1,"Positive/Social"
287,14,"2",NA,"Positive/Social"
287,15,"2",NA,"Positive/Social"
287,16,"2",NA,"Positive/Social"
287,17,"2",NA,"Positive/Social"
287,18,"2",NA,"Positive/Social"
287,19,"2",NA,"Positive/Social"
287,20,"2",NA,"Positive/Social"
287,21,"2",NA,"Positive/Social"
287,22,"2",NA,"Positive/Social"
287,23,"2",NA,"Positive/Social"
287,24,"2",NA,"Positive/Social"
287,25,"2",NA,"Positive/Social"
287,26,"2",1,"Positive/Social"
287,27,"2",NA,"Positive/Social"
287,27,"2",NA,"Positive/Social"
287,29,"2",2,"Positive/Social"
287,30,"2",NA,"Positive/Social"
287,31,"2",NA,"Positive/Social"
287,32,"2",NA,"Positive/Social"
287,33,"2",NA,"Positive/Social"
287,34,"2",NA,"Positive/Social"
287,35,"2",NA,"Positive/Social"
287,35,"2",NA,"Positive/Social"
287,37,"2",NA,"Positive/Social"
287,38,"2",NA,"Positive/Social"
287,39,"2",NA,"Positive/Social"
287,40,"2",1,"Positive/Social"
287,41,"2",NA,"Positive/Social"
287,42,"2",NA,"Positive/Social"
287,43,"2",NA,"Positive/Social"
288,1,"2",7,"Positive/Social"
288,2,"2",NA,"Positive/Social"
288,3,"2",NA,"Positive/Social"
288,4,"2",5,"Positive/Social"
288,5,"2",1,"Positive/Social"
288,6,"2",NA,"Positive/Social"
288,7,"2",NA,"Positive/Social"
288,8,"2",NA,"Positive/Social"
288,9,"2",NA,"Positive/Social"
288,10,"2",NA,"Positive/Social"
288,11,"2",NA,"Positive/Social"
288,12,"2",NA,"Positive/Social"
288,13,"2",NA,"Positive/Social"
288,14,"2",NA,"Positive/Social"
288,15,"2",NA,"Positive/Social"
288,16,"2",NA,"Positive/Social"
288,17,"2",7,"Positive/Social"
288,18,"2",NA,"Positive/Social"
288,19,"2",NA,"Positive/Social"
288,20,"2",NA,"Positive/Social"
288,21,"2",NA,"Positive/Social"
288,22,"2",NA,"Positive/Social"
288,23,"2",4,"Positive/Social"
288,24,"2",7,"Positive/Social"
288,26,"2",1,"Positive/Social"
288,27,"2",NA,"Positive/Social"
288,28,"2",3,"Positive/Social"
288,29,"2",5,"Positive/Social"
288,30,"2",NA,"Positive/Social"
288,31,"2",NA,"Positive/Social"
288,33,"2",NA,"Positive/Social"
288,34,"2",1,"Positive/Social"
288,35,"2",NA,"Positive/Social"
288,36,"2",5,"Positive/Social"
288,37,"2",NA,"Positive/Social"
288,38,"2",2,"Positive/Social"
288,39,"2",NA,"Positive/Social"
288,40,"2",NA,"Positive/Social"
288,42,"2",NA,"Positive/Social"
288,43,"2",NA,"Positive/Social"
289,1,"2",NA,"Positive/Social"
289,2,"2",NA,"Positive/Social"
289,3,"2",NA,"Positive/Social"
289,5,"2",NA,"Positive/Social"
289,6,"2",NA,"Positive/Social"
289,7,"2",NA,"Positive/Social"
289,9,"2",NA,"Positive/Social"
289,10,"2",NA,"Positive/Social"
289,11,"2",NA,"Positive/Social"
289,12,"2",NA,"Positive/Social"
289,13,"2",NA,"Positive/Social"
289,14,"2",NA,"Positive/Social"
289,15,"2",NA,"Positive/Social"
289,16,"2",NA,"Positive/Social"
289,17,"2",NA,"Positive/Social"
289,18,"2",6,"Positive/Social"
289,19,"2",NA,"Positive/Social"
289,20,"2",3,"Positive/Social"
289,21,"2",NA,"Positive/Social"
289,22,"2",4,"Positive/Social"
289,23,"2",NA,"Positive/Social"
289,24,"2",NA,"Positive/Social"
289,25,"2",NA,"Positive/Social"
289,26,"2",NA,"Positive/Social"
289,27,"2",NA,"Positive/Social"
289,28,"2",NA,"Positive/Social"
289,29,"2",NA,"Positive/Social"
289,30,"2",NA,"Positive/Social"
289,31,"2",NA,"Positive/Social"
289,32,"2",NA,"Positive/Social"
289,33,"2",2,"Positive/Social"
289,34,"2",NA,"Positive/Social"
289,35,"2",NA,"Positive/Social"
289,36,"2",NA,"Positive/Social"
289,37,"2",NA,"Positive/Social"
289,38,"2",NA,"Positive/Social"
289,39,"2",NA,"Positive/Social"
289,40,"2",NA,"Positive/Social"
289,41,"2",NA,"Positive/Social"
289,42,"2",NA,"Positive/Social"
289,43,"2",NA,"Positive/Social"
290,1,"2",1,"Positive/Social"
290,3,"2",5,"Positive/Social"
290,5,"2",NA,"Positive/Social"
290,6,"2",1,"Positive/Social"
290,7,"2",NA,"Positive/Social"
290,8,"2",1,"Positive/Social"
290,9,"2",NA,"Positive/Social"
290,10,"2",NA,"Positive/Social"
290,11,"2",NA,"Positive/Social"
290,12,"2",NA,"Positive/Social"
290,13,"2",NA,"Positive/Social"
290,14,"2",2,"Positive/Social"
290,15,"2",2,"Positive/Social"
290,16,"2",NA,"Positive/Social"
290,17,"2",5,"Positive/Social"
290,18,"2",NA,"Positive/Social"
290,19,"2",10,"Positive/Social"
290,20,"2",1,"Positive/Social"
290,22,"2",3,"Positive/Social"
290,23,"2",1,"Positive/Social"
290,24,"2",6,"Positive/Social"
290,25,"2",5,"Positive/Social"
290,26,"2",NA,"Positive/Social"
290,27,"2",5,"Positive/Social"
290,28,"2",NA,"Positive/Social"
290,29,"2",2,"Positive/Social"
290,30,"2",2,"Positive/Social"
290,31,"2",5,"Positive/Social"
290,32,"2",1,"Positive/Social"
290,33,"2",5,"Positive/Social"
290,34,"2",NA,"Positive/Social"
290,35,"2",NA,"Positive/Social"
290,36,"2",1,"Positive/Social"
290,37,"2",1,"Positive/Social"
290,38,"2",6,"Positive/Social"
290,39,"2",3,"Positive/Social"
290,40,"2",NA,"Positive/Social"
290,41,"2",1,"Positive/Social"
290,42,"2",NA,"Positive/Social"
290,43,"2",NA,"Positive/Social"
291,1,"2",4,"Positive/Social"
291,2,"2",NA,"Positive/Social"
291,4,"2",NA,"Positive/Social"
291,5,"2",NA,"Positive/Social"
291,6,"2",NA,"Positive/Social"
291,7,"2",NA,"Positive/Social"
291,8,"2",NA,"Positive/Social"
291,9,"2",NA,"Positive/Social"
291,10,"2",NA,"Positive/Social"
291,11,"2",NA,"Positive/Social"
291,12,"2",NA,"Positive/Social"
291,14,"2",NA,"Positive/Social"
291,16,"2",NA,"Positive/Social"
291,17,"2",2,"Positive/Social"
291,18,"2",NA,"Positive/Social"
291,19,"2",1,"Positive/Social"
291,20,"2",2,"Positive/Social"
291,21,"2",NA,"Positive/Social"
291,24,"2",NA,"Positive/Social"
291,25,"2",NA,"Positive/Social"
291,26,"2",4,"Positive/Social"
291,27,"2",NA,"Positive/Social"
291,28,"2",NA,"Positive/Social"
291,29,"2",NA,"Positive/Social"
291,30,"2",NA,"Positive/Social"
291,31,"2",8,"Positive/Social"
291,33,"2",10,"Positive/Social"
291,33,"2",NA,"Positive/Social"
291,34,"2",NA,"Positive/Social"
291,35,"2",NA,"Positive/Social"
291,37,"2",NA,"Positive/Social"
291,39,"2",1,"Positive/Social"
291,40,"2",3,"Positive/Social"
291,41,"2",NA,"Positive/Social"
291,43,"2",1,"Positive/Social"
292,1,"2",NA,"Positive/Non-Social"
292,2,"2",NA,"Positive/Non-Social"
292,3,"2",1,"Positive/Non-Social"
292,5,"2",7,"Positive/Non-Social"
292,6,"2",NA,"Positive/Non-Social"
292,7,"2",NA,"Positive/Non-Social"
292,8,"2",NA,"Positive/Non-Social"
292,9,"2",NA,"Positive/Non-Social"
292,10,"2",NA,"Positive/Non-Social"
292,11,"2",2,"Positive/Non-Social"
292,12,"2",8,"Positive/Non-Social"
292,13,"2",2,"Positive/Non-Social"
292,14,"2",NA,"Positive/Non-Social"
292,16,"2",NA,"Positive/Non-Social"
292,17,"2",4,"Positive/Non-Social"
292,18,"2",1,"Positive/Non-Social"
292,19,"2",NA,"Positive/Non-Social"
292,20,"2",3,"Positive/Non-Social"
292,21,"2",NA,"Positive/Non-Social"
292,22,"2",NA,"Positive/Non-Social"
292,23,"2",NA,"Positive/Non-Social"
292,26,"2",2,"Positive/Non-Social"
292,28,"2",5,"Positive/Non-Social"
292,29,"2",NA,"Positive/Non-Social"
292,30,"2",3,"Positive/Non-Social"
292,31,"2",1,"Positive/Non-Social"
292,32,"2",10,"Positive/Non-Social"
292,33,"2",7,"Positive/Non-Social"
292,34,"2",NA,"Positive/Non-Social"
292,35,"2",NA,"Positive/Non-Social"
292,36,"2",NA,"Positive/Non-Social"
292,37,"2",NA,"Positive/Non-Social"
292,38,"2",NA,"Positive/Non-Social"
292,39,"2",8,"Positive/Non-Social"
292,40,"2",2,"Positive/Non-Social"
292,42,"2",NA,"Positive/Non-Social"
293,1,"2",NA,"Positive/Non-Social"
293,2,"2",NA,"Positive/Non-Social"
293,3,"2",NA,"Positive/Non-Social"
293,4,"2",2,"Positive/Non-Social"
293,5,"2",3,"Positive/Non-Social"
293,6,"2",NA,"Positive/Non-Social"
293,7,"2",NA,"Positive/Non-Social"
293,8,"2",NA,"Positive/Non-Social"
293,9,"2",NA,"Positive/Non-Social"
293,12,"2",6,"Positive/Non-Social"
293,13,"2",NA,"Positive/Non-Social"
293,14,"2",NA,"Positive/Non-Social"
293,15,"2",NA,"Positive/Non-Social"
293,17,"2",4,"Positive/Non-Social"
293,18,"2",2,"Positive/Non-Social"
293,19,"2",1,"Positive/Non-Social"
293,20,"2",NA,"Positive/Non-Social"
293,22,"2",NA,"Positive/Non-Social"
293,23,"2",NA,"Positive/Non-Social"
293,24,"2",NA,"Positive/Non-Social"
293,25,"2",NA,"Positive/Non-Social"
293,26,"2",NA,"Positive/Non-Social"
293,28,"2",NA,"Positive/Non-Social"
293,32,"2",NA,"Positive/Non-Social"
293,33,"2",4,"Positive/Non-Social"
293,34,"2",NA,"Positive/Non-Social"
293,35,"2",NA,"Positive/Non-Social"
293,36,"2",NA,"Positive/Non-Social"
293,37,"2",NA,"Positive/Non-Social"
293,38,"2",1,"Positive/Non-Social"
293,39,"2",8,"Positive/Non-Social"
293,40,"2",1,"Positive/Non-Social"
293,41,"2",NA,"Positive/Non-Social"
293,43,"2",NA,"Positive/Non-Social"
294,2,"2",NA,"Positive/Non-Social"
294,3,"2",1,"Positive/Non-Social"
294,4,"2",2,"Positive/Non-Social"
294,6,"2",NA,"Positive/Non-Social"
294,7,"2",NA,"Positive/Non-Social"
294,8,"2",1,"Positive/Non-Social"
294,10,"2",2,"Positive/Non-Social"
294,11,"2",NA,"Positive/Non-Social"
294,13,"2",NA,"Positive/Non-Social"
294,14,"2",NA,"Positive/Non-Social"
294,15,"2",NA,"Positive/Non-Social"
294,16,"2",1,"Positive/Non-Social"
294,17,"2",NA,"Positive/Non-Social"
294,20,"2",NA,"Positive/Non-Social"
294,30,"2",NA,"Positive/Non-Social"
296,1,"2",NA,"Positive/Non-Social"
296,2,"2",NA,"Positive/Non-Social"
296,3,"2",NA,"Positive/Non-Social"
296,4,"2",3,"Positive/Non-Social"
296,5,"2",NA,"Positive/Non-Social"
296,6,"2",NA,"Positive/Non-Social"
296,7,"2",NA,"Positive/Non-Social"
296,8,"2",NA,"Positive/Non-Social"
296,9,"2",NA,"Positive/Non-Social"
296,10,"2",NA,"Positive/Non-Social"
296,11,"2",NA,"Positive/Non-Social"
296,12,"2",NA,"Positive/Non-Social"
296,13,"2",NA,"Positive/Non-Social"
296,14,"2",NA,"Positive/Non-Social"
296,15,"2",NA,"Positive/Non-Social"
296,16,"2",NA,"Positive/Non-Social"
296,17,"2",4,"Positive/Non-Social"
296,18,"2",4,"Positive/Non-Social"
296,19,"2",1,"Positive/Non-Social"
296,20,"2",1,"Positive/Non-Social"
296,21,"2",3,"Positive/Non-Social"
296,22,"2",NA,"Positive/Non-Social"
296,23,"2",NA,"Positive/Non-Social"
296,24,"2",4,"Positive/Non-Social"
296,25,"2",8,"Positive/Non-Social"
296,26,"2",NA,"Positive/Non-Social"
296,27,"2",NA,"Positive/Non-Social"
296,28,"2",NA,"Positive/Non-Social"
296,29,"2",NA,"Positive/Non-Social"
296,30,"2",NA,"Positive/Non-Social"
296,31,"2",NA,"Positive/Non-Social"
296,32,"2",NA,"Positive/Non-Social"
296,33,"2",5,"Positive/Non-Social"
296,34,"2",NA,"Positive/Non-Social"
296,35,"2",NA,"Positive/Non-Social"
296,36,"2",NA,"Positive/Non-Social"
296,38,"2",NA,"Positive/Non-Social"
296,39,"2",5,"Positive/Non-Social"
296,40,"2",3,"Positive/Non-Social"
296,41,"2",3,"Positive/Non-Social"
296,42,"2",NA,"Positive/Non-Social"
296,43,"2",NA,"Positive/Non-Social"
297,1,"2",NA,"Negative/Social"
297,2,"2",NA,"Negative/Social"
297,3,"2",1,"Negative/Social"
297,4,"2",NA,"Negative/Social"
297,5,"2",NA,"Negative/Social"
297,6,"2",NA,"Negative/Social"
297,7,"2",NA,"Negative/Social"
297,8,"2",NA,"Negative/Social"
297,9,"2",NA,"Negative/Social"
297,10,"2",NA,"Negative/Social"
297,11,"2",NA,"Negative/Social"
297,12,"2",NA,"Negative/Social"
297,13,"2",NA,"Negative/Social"
297,14,"2",1,"Negative/Social"
297,15,"2",NA,"Negative/Social"
297,16,"2",NA,"Negative/Social"
297,17,"2",1,"Negative/Social"
297,18,"2",NA,"Negative/Social"
297,19,"2",NA,"Negative/Social"
297,20,"2",1,"Negative/Social"
297,21,"2",NA,"Negative/Social"
297,22,"2",2,"Negative/Social"
297,23,"2",1,"Negative/Social"
297,24,"2",NA,"Negative/Social"
297,25,"2",NA,"Negative/Social"
297,26,"2",3,"Negative/Social"
297,27,"2",2,"Negative/Social"
297,28,"2",NA,"Negative/Social"
297,29,"2",NA,"Negative/Social"
297,30,"2",NA,"Negative/Social"
297,31,"2",NA,"Negative/Social"
297,32,"2",NA,"Negative/Social"
297,33,"2",NA,"Negative/Social"
297,34,"2",NA,"Negative/Social"
297,35,"2",NA,"Negative/Social"
297,36,"2",NA,"Negative/Social"
297,37,"2",NA,"Negative/Social"
297,38,"2",NA,"Negative/Social"
297,39,"2",NA,"Negative/Social"
297,40,"2",NA,"Negative/Social"
297,41,"2",1,"Negative/Social"
297,42,"2",NA,"Negative/Social"
297,43,"2",NA,"Negative/Social"
298,3,"2",1,"Negative/Social"
298,4,"2",8,"Negative/Social"
298,6,"2",1,"Negative/Social"
298,7,"2",NA,"Negative/Social"
298,10,"2",NA,"Negative/Social"
298,11,"2",1,"Negative/Social"
298,14,"2",NA,"Negative/Social"
298,19,"2",4,"Negative/Social"
298,20,"2",NA,"Negative/Social"
298,21,"2",NA,"Negative/Social"
298,22,"2",3,"Negative/Social"
298,23,"2",3,"Negative/Social"
298,24,"2",NA,"Negative/Social"
298,26,"2",7,"Negative/Social"
298,27,"2",NA,"Negative/Social"
299,1,"2",NA,"Negative/Social"
299,2,"2",NA,"Negative/Social"
299,3,"2",NA,"Negative/Social"
299,4,"2",NA,"Negative/Social"
299,5,"2",2,"Negative/Social"
299,6,"2",2,"Negative/Social"
299,7,"2",NA,"Negative/Social"
299,8,"2",NA,"Negative/Social"
299,9,"2",1,"Negative/Social"
299,10,"2",1,"Negative/Social"
299,11,"2",NA,"Negative/Social"
299,12,"2",NA,"Negative/Social"
299,13,"2",NA,"Negative/Social"
299,14,"2",NA,"Negative/Social"
299,15,"2",NA,"Negative/Social"
299,16,"2",NA,"Negative/Social"
299,17,"2",5,"Negative/Social"
299,18,"2",NA,"Negative/Social"
299,19,"2",NA,"Negative/Social"
299,20,"2",NA,"Negative/Social"
299,21,"2",NA,"Negative/Social"
299,22,"2",NA,"Negative/Social"
299,23,"2",2,"Negative/Social"
299,24,"2",NA,"Negative/Social"
299,26,"2",NA,"Negative/Social"
299,27,"2",2,"Negative/Social"
299,28,"2",1,"Negative/Social"
299,29,"2",6,"Negative/Social"
299,30,"2",2,"Negative/Social"
299,31,"2",NA,"Negative/Social"
299,32,"2",NA,"Negative/Social"
299,33,"2",NA,"Negative/Social"
299,34,"2",NA,"Negative/Social"
299,35,"2",3,"Negative/Social"
299,36,"2",3,"Negative/Social"
299,37,"2",1,"Negative/Social"
299,38,"2",2,"Negative/Social"
299,39,"2",1,"Negative/Social"
299,40,"2",NA,"Negative/Social"
299,41,"2",NA,"Negative/Social"
299,42,"2",NA,"Negative/Social"
299,43,"2",NA,"Negative/Social"
300,1,"2",1,"Negative/Social"
300,2,"2",NA,"Negative/Social"
300,3,"2",8,"Negative/Social"
300,4,"2",9,"Negative/Social"
300,5,"2",NA,"Negative/Social"
300,6,"2",5,"Negative/Social"
300,7,"2",NA,"Negative/Social"
300,8,"2",2,"Negative/Social"
300,9,"2",NA,"Negative/Social"
300,11,"2",9,"Negative/Social"
300,12,"2",NA,"Negative/Social"
300,13,"2",NA,"Negative/Social"
300,14,"2",NA,"Negative/Social"
300,16,"2",5,"Negative/Social"
300,17,"2",4,"Negative/Social"
300,18,"2",10,"Negative/Social"
300,19,"2",NA,"Negative/Social"
300,20,"2",8,"Negative/Social"
300,21,"2",3,"Negative/Social"
300,22,"2",2,"Negative/Social"
300,24,"2",6,"Negative/Social"
300,25,"2",NA,"Negative/Social"
300,26,"2",12,"Negative/Social"
300,28,"2",5,"Negative/Social"
300,29,"2",2,"Negative/Social"
300,30,"2",5,"Negative/Social"
300,31,"2",NA,"Negative/Social"
300,32,"2",7,"Negative/Social"
300,33,"2",12,"Negative/Social"
300,34,"2",NA,"Negative/Social"
300,35,"2",1,"Negative/Social"
300,36,"2",3,"Negative/Social"
300,37,"2",2,"Negative/Social"
300,38,"2",8,"Negative/Social"
300,39,"2",10,"Negative/Social"
300,40,"2",2,"Negative/Social"
300,41,"2",5,"Negative/Social"
300,42,"2",NA,"Negative/Social"
300,43,"2",2,"Negative/Social"
301,1,"2",4,"Negative/Social"
301,3,"2",NA,"Negative/Social"
301,4,"2",2,"Negative/Social"
301,5,"2",8,"Negative/Social"
301,6,"2",NA,"Negative/Social"
301,7,"2",NA,"Negative/Social"
301,8,"2",2,"Negative/Social"
301,9,"2",NA,"Negative/Social"
301,10,"2",4,"Negative/Social"
301,11,"2",NA,"Negative/Social"
301,12,"2",NA,"Negative/Social"
301,13,"2",NA,"Negative/Social"
301,15,"2",NA,"Negative/Social"
301,16,"2",NA,"Negative/Social"
301,17,"2",4,"Negative/Social"
301,18,"2",3,"Negative/Social"
301,19,"2",NA,"Negative/Social"
301,20,"2",2,"Negative/Social"
301,21,"2",1,"Negative/Social"
301,22,"2",4,"Negative/Social"
301,23,"2",NA,"Negative/Social"
301,24,"2",NA,"Negative/Social"
301,25,"2",NA,"Negative/Social"
301,26,"2",10,"Negative/Social"
301,27,"2",NA,"Negative/Social"
301,28,"2",1,"Negative/Social"
301,29,"2",2,"Negative/Social"
301,30,"2",6,"Negative/Social"
301,31,"2",NA,"Negative/Social"
301,32,"2",10,"Negative/Social"
301,33,"2",NA,"Negative/Social"
301,34,"2",1,"Negative/Social"
301,35,"2",NA,"Negative/Social"
301,36,"2",NA,"Negative/Social"
301,37,"2",6,"Negative/Social"
301,38,"2",2,"Negative/Social"
301,39,"2",10,"Negative/Social"
301,40,"2",5,"Negative/Social"
301,41,"2",NA,"Negative/Social"
301,42,"2",1,"Negative/Social"
301,43,"2",1,"Negative/Social"
302,1,"2",3,"Negative/Social"
302,2,"2",3,"Negative/Social"
302,3,"2",NA,"Negative/Social"
302,4,"2",NA,"Negative/Social"
302,5,"2",NA,"Negative/Social"
302,6,"2",NA,"Negative/Social"
302,8,"2",NA,"Negative/Social"
302,9,"2",NA,"Negative/Social"
302,10,"2",NA,"Negative/Social"
302,11,"2",3,"Negative/Social"
302,12,"2",7,"Negative/Social"
302,13,"2",NA,"Negative/Social"
302,14,"2",NA,"Negative/Social"
302,15,"2",NA,"Negative/Social"
302,16,"2",NA,"Negative/Social"
302,18,"2",NA,"Negative/Social"
302,19,"2",3,"Negative/Social"
302,20,"2",NA,"Negative/Social"
302,21,"2",NA,"Negative/Social"
302,22,"2",NA,"Negative/Social"
302,23,"2",NA,"Negative/Social"
302,24,"2",NA,"Negative/Social"
302,25,"2",3,"Negative/Social"
302,26,"2",5,"Negative/Social"
302,27,"2",NA,"Negative/Social"
302,28,"2",NA,"Negative/Social"
302,29,"2",NA,"Negative/Social"
302,30,"2",NA,"Negative/Social"
302,31,"2",NA,"Negative/Social"
302,32,"2",5,"Negative/Social"
302,33,"2",NA,"Negative/Social"
302,34,"2",4,"Negative/Social"
302,35,"2",NA,"Negative/Social"
302,36,"2",NA,"Negative/Social"
302,37,"2",NA,"Negative/Social"
302,38,"2",3,"Negative/Social"
302,39,"2",NA,"Negative/Social"
302,41,"2",NA,"Negative/Social"
302,42,"2",NA,"Negative/Social"
302,43,"2",NA,"Negative/Social"
303,1,"2",NA,"Negative/Social"
303,3,"2",NA,"Negative/Social"
303,4,"2",NA,"Negative/Social"
303,5,"2",4,"Negative/Social"
303,6,"2",NA,"Negative/Social"
303,8,"2",1,"Negative/Social"
303,9,"2",NA,"Negative/Social"
303,10,"2",NA,"Negative/Social"
303,12,"2",2,"Negative/Social"
303,13,"2",NA,"Negative/Social"
303,15,"2",NA,"Negative/Social"
303,15,"2",NA,"Negative/Social"
303,16,"2",NA,"Negative/Social"
303,17,"2",1,"Negative/Social"
303,18,"2",NA,"Negative/Social"
303,19,"2",8,"Negative/Social"
303,20,"2",NA,"Negative/Social"
303,21,"2",NA,"Negative/Social"
303,22,"2",NA,"Negative/Social"
303,23,"2",1,"Negative/Social"
303,24,"2",NA,"Negative/Social"
303,26,"2",7,"Negative/Social"
303,27,"2",1,"Negative/Social"
303,28,"2",NA,"Negative/Social"
303,29,"2",NA,"Negative/Social"
303,30,"2",NA,"Negative/Social"
303,31,"2",7,"Negative/Social"
303,32,"2",NA,"Negative/Social"
303,32,"2",NA,"Negative/Social"
303,34,"2",1,"Negative/Social"
303,37,"2",NA,"Negative/Social"
303,38,"2",5,"Negative/Social"
303,39,"2",10,"Negative/Social"
303,40,"2",NA,"Negative/Social"
303,41,"2",NA,"Negative/Social"
303,42,"2",NA,"Negative/Social"
303,43,"2",NA,"Negative/Social"
304,1,"2",NA,"Negative/Non-Social"
304,2,"2",2,"Negative/Non-Social"
304,3,"2",NA,"Negative/Non-Social"
304,4,"2",NA,"Negative/Non-Social"
304,6,"2",NA,"Negative/Non-Social"
304,7,"2",NA,"Negative/Non-Social"
304,8,"2",NA,"Negative/Non-Social"
304,9,"2",NA,"Negative/Non-Social"
304,10,"2",NA,"Negative/Non-Social"
304,11,"2",3,"Negative/Non-Social"
304,12,"2",NA,"Negative/Non-Social"
304,12,"2",NA,"Negative/Non-Social"
304,13,"2",3,"Negative/Non-Social"
304,14,"2",NA,"Negative/Non-Social"
304,15,"2",NA,"Negative/Non-Social"
304,15,"2",NA,"Negative/Non-Social"
304,16,"2",NA,"Negative/Non-Social"
304,17,"2",1,"Negative/Non-Social"
304,18,"2",NA,"Negative/Non-Social"
304,20,"2",1,"Negative/Non-Social"
304,21,"2",NA,"Negative/Non-Social"
304,22,"2",NA,"Negative/Non-Social"
304,23,"2",2,"Negative/Non-Social"
304,24,"2",3,"Negative/Non-Social"
304,25,"2",NA,"Negative/Non-Social"
304,26,"2",5,"Negative/Non-Social"
304,27,"2",NA,"Negative/Non-Social"
304,28,"2",NA,"Negative/Non-Social"
304,29,"2",1,"Negative/Non-Social"
304,30,"2",NA,"Negative/Non-Social"
304,31,"2",NA,"Negative/Non-Social"
304,32,"2",5,"Negative/Non-Social"
304,33,"2",NA,"Negative/Non-Social"
304,34,"2",NA,"Negative/Non-Social"
304,35,"2",2,"Negative/Non-Social"
304,36,"2",5,"Negative/Non-Social"
304,37,"2",8,"Negative/Non-Social"
304,38,"2",10,"Negative/Non-Social"
304,39,"2",2,"Negative/Non-Social"
304,40,"2",5,"Negative/Non-Social"
304,41,"2",2,"Negative/Non-Social"
304,42,"2",NA,"Negative/Non-Social"
304,43,"2",NA,"Negative/Non-Social"
305,1,"2",NA,"Negative/Non-Social"
305,2,"2",NA,"Negative/Non-Social"
305,3,"2",NA,"Negative/Non-Social"
305,4,"2",NA,"Negative/Non-Social"
305,5,"2",3,"Negative/Non-Social"
305,6,"2",1,"Negative/Non-Social"
305,7,"2",NA,"Negative/Non-Social"
305,8,"2",NA,"Negative/Non-Social"
305,9,"2",NA,"Negative/Non-Social"
305,10,"2",NA,"Negative/Non-Social"
305,11,"2",1,"Negative/Non-Social"
305,12,"2",NA,"Negative/Non-Social"
305,13,"2",NA,"Negative/Non-Social"
305,14,"2",NA,"Negative/Non-Social"
305,15,"2",NA,"Negative/Non-Social"
305,16,"2",NA,"Negative/Non-Social"
305,17,"2",NA,"Negative/Non-Social"
305,18,"2",3,"Negative/Non-Social"
305,19,"2",NA,"Negative/Non-Social"
305,20,"2",NA,"Negative/Non-Social"
305,21,"2",NA,"Negative/Non-Social"
305,22,"2",NA,"Negative/Non-Social"
305,23,"2",NA,"Negative/Non-Social"
305,24,"2",NA,"Negative/Non-Social"
305,25,"2",NA,"Negative/Non-Social"
305,26,"2",5,"Negative/Non-Social"
305,27,"2",NA,"Negative/Non-Social"
305,28,"2",NA,"Negative/Non-Social"
305,29,"2",NA,"Negative/Non-Social"
305,30,"2",NA,"Negative/Non-Social"
305,31,"2",NA,"Negative/Non-Social"
305,32,"2",NA,"Negative/Non-Social"
305,33,"2",NA,"Negative/Non-Social"
305,34,"2",NA,"Negative/Non-Social"
305,35,"2",NA,"Negative/Non-Social"
305,36,"2",NA,"Negative/Non-Social"
305,37,"2",NA,"Negative/Non-Social"
305,38,"2",4,"Negative/Non-Social"
305,39,"2",4,"Negative/Non-Social"
305,40,"2",NA,"Negative/Non-Social"
305,41,"2",2,"Negative/Non-Social"
305,42,"2",NA,"Negative/Non-Social"
305,43,"2",NA,"Negative/Non-Social"
306,1,"2",3,"Negative/Non-Social"
306,1,"2",5,"Negative/Non-Social"
306,2,"2",1,"Negative/Non-Social"
306,4,"2",6,"Negative/Non-Social"
306,5,"2",8,"Negative/Non-Social"
306,7,"2",NA,"Negative/Non-Social"
306,9,"2",1,"Negative/Non-Social"
306,10,"2",NA,"Negative/Non-Social"
306,11,"2",4,"Negative/Non-Social"
306,12,"2",3,"Negative/Non-Social"
306,13,"2",NA,"Negative/Non-Social"
306,14,"2",NA,"Negative/Non-Social"
306,16,"2",15,"Negative/Non-Social"
306,18,"2",NA,"Negative/Non-Social"
306,19,"2",3,"Negative/Non-Social"
306,20,"2",NA,"Negative/Non-Social"
306,21,"2",4,"Negative/Non-Social"
306,22,"2",NA,"Negative/Non-Social"
306,23,"2",1,"Negative/Non-Social"
306,24,"2",10,"Negative/Non-Social"
306,25,"2",1,"Negative/Non-Social"
306,26,"2",7,"Negative/Non-Social"
306,28,"2",NA,"Negative/Non-Social"
306,29,"2",NA,"Negative/Non-Social"
306,30,"2",1,"Negative/Non-Social"
306,31,"2",4,"Negative/Non-Social"
306,32,"2",5,"Negative/Non-Social"
306,34,"2",NA,"Negative/Non-Social"
306,36,"2",4,"Negative/Non-Social"
306,37,"2",3,"Negative/Non-Social"
306,38,"2",6,"Negative/Non-Social"
306,42,"2",1,"Negative/Non-Social"
306,43,"2",NA,"Negative/Non-Social"
307,1,"2",NA,"Negative/Non-Social"
307,2,"2",NA,"Negative/Non-Social"
307,3,"2",NA,"Negative/Non-Social"
307,4,"2",NA,"Negative/Non-Social"
307,5,"2",NA,"Negative/Non-Social"
307,6,"2",NA,"Negative/Non-Social"
307,7,"2",NA,"Negative/Non-Social"
307,8,"2",NA,"Negative/Non-Social"
307,9,"2",NA,"Negative/Non-Social"
307,12,"2",NA,"Negative/Non-Social"
307,13,"2",NA,"Negative/Non-Social"
307,14,"2",NA,"Negative/Non-Social"
307,15,"2",NA,"Negative/Non-Social"
307,16,"2",NA,"Negative/Non-Social"
307,17,"2",NA,"Negative/Non-Social"
307,19,"2",NA,"Negative/Non-Social"
307,20,"2",4,"Negative/Non-Social"
307,21,"2",NA,"Negative/Non-Social"
307,22,"2",NA,"Negative/Non-Social"
307,23,"2",NA,"Negative/Non-Social"
307,25,"2",NA,"Negative/Non-Social"
307,26,"2",6,"Negative/Non-Social"
307,27,"2",3,"Negative/Non-Social"
307,28,"2",NA,"Negative/Non-Social"
307,29,"2",NA,"Negative/Non-Social"
307,30,"2",NA,"Negative/Non-Social"
307,31,"2",NA,"Negative/Non-Social"
307,32,"2",3,"Negative/Non-Social"
307,33,"2",2,"Negative/Non-Social"
307,34,"2",1,"Negative/Non-Social"
307,35,"2",NA,"Negative/Non-Social"
307,36,"2",NA,"Negative/Non-Social"
307,37,"2",NA,"Negative/Non-Social"
307,38,"2",2,"Negative/Non-Social"
307,39,"2",7,"Negative/Non-Social"
307,40,"2",5,"Negative/Non-Social"
307,41,"2",1,"Negative/Non-Social"
307,42,"2",NA,"Negative/Non-Social"
307,43,"2",NA,"Negative/Non-Social"
308,1,"2",3,"Negative/Non-Social"
308,2,"2",3,"Negative/Non-Social"
308,3,"2",5,"Negative/Non-Social"
308,4,"2",NA,"Negative/Non-Social"
308,5,"2",NA,"Negative/Non-Social"
308,6,"2",NA,"Negative/Non-Social"
308,7,"2",8,"Negative/Non-Social"
308,8,"2",5,"Negative/Non-Social"
308,9,"2",NA,"Negative/Non-Social"
308,10,"2",5,"Negative/Non-Social"
308,11,"2",4,"Negative/Non-Social"
308,12,"2",NA,"Negative/Non-Social"
308,13,"2",NA,"Negative/Non-Social"
308,14,"2",NA,"Negative/Non-Social"
308,15,"2",10,"Negative/Non-Social"
308,16,"2",13,"Negative/Non-Social"
308,17,"2",5,"Negative/Non-Social"
308,18,"2",6,"Negative/Non-Social"
308,19,"2",NA,"Negative/Non-Social"
308,20,"2",6,"Negative/Non-Social"
308,21,"2",1,"Negative/Non-Social"
308,22,"2",NA,"Negative/Non-Social"
308,23,"2",NA,"Negative/Non-Social"
308,24,"2",10,"Negative/Non-Social"
308,27,"2",10,"Negative/Non-Social"
308,28,"2",1,"Negative/Non-Social"
308,29,"2",1,"Negative/Non-Social"
308,30,"2",8,"Negative/Non-Social"
308,31,"2",NA,"Negative/Non-Social"
308,32,"2",3,"Negative/Non-Social"
308,33,"2",7,"Negative/Non-Social"
308,34,"2",5,"Negative/Non-Social"
308,35,"2",NA,"Negative/Non-Social"
308,36,"2",4,"Negative/Non-Social"
308,37,"2",12,"Negative/Non-Social"
308,38,"2",1,"Negative/Non-Social"
308,39,"2",4,"Negative/Non-Social"
308,40,"2",12,"Negative/Non-Social"
308,41,"2",NA,"Negative/Non-Social"
308,43,"2",NA,"Negative/Non-Social"
309,1,"2",1,"Positive/Social"
309,2,"2",NA,"Positive/Social"
309,3,"2",NA,"Positive/Social"
309,4,"2",5,"Positive/Social"
309,5,"2",NA,"Positive/Social"
309,7,"2",2,"Positive/Social"
309,8,"2",NA,"Positive/Social"
309,9,"2",NA,"Positive/Social"
309,10,"2",3,"Positive/Social"
309,11,"2",3,"Positive/Social"
309,12,"2",NA,"Positive/Social"
309,13,"2",NA,"Positive/Social"
309,14,"2",NA,"Positive/Social"
309,15,"2",5,"Positive/Social"
309,16,"2",NA,"Positive/Social"
309,17,"2",NA,"Positive/Social"
309,18,"2",NA,"Positive/Social"
309,19,"2",NA,"Positive/Social"
309,20,"2",NA,"Positive/Social"
309,21,"2",NA,"Positive/Social"
309,22,"2",NA,"Positive/Social"
309,23,"2",NA,"Positive/Social"
309,24,"2",NA,"Positive/Social"
309,25,"2",2,"Positive/Social"
309,26,"2",3,"Positive/Social"
309,28,"2",NA,"Positive/Social"
309,29,"2",NA,"Positive/Social"
309,30,"2",5,"Positive/Social"
309,31,"2",2,"Positive/Social"
309,32,"2",NA,"Positive/Social"
309,33,"2",NA,"Positive/Social"
309,34,"2",NA,"Positive/Social"
309,35,"2",2,"Positive/Social"
309,36,"2",NA,"Positive/Social"
309,37,"2",NA,"Positive/Social"
309,38,"2",NA,"Positive/Social"
309,39,"2",2,"Positive/Social"
309,40,"2",NA,"Positive/Social"
309,41,"2",1,"Positive/Social"
309,42,"2",NA,"Positive/Social"
309,43,"2",NA,"Positive/Social"
310,NA,NA,NA,"Positive/Social"
312,1,"2",4,"Positive/Non-Social"
312,2,"2",NA,"Positive/Non-Social"
312,3,"2",NA,"Positive/Non-Social"
312,4,"2",NA,"Positive/Non-Social"
312,5,"2",NA,"Positive/Non-Social"
312,6,"2",2,"Positive/Non-Social"
312,7,"2",NA,"Positive/Non-Social"
312,8,"2",NA,"Positive/Non-Social"
312,9,"2",NA,"Positive/Non-Social"
312,10,"2",NA,"Positive/Non-Social"
312,11,"2",NA,"Positive/Non-Social"
312,12,"2",NA,"Positive/Non-Social"
312,13,"2",2,"Positive/Non-Social"
312,14,"2",NA,"Positive/Non-Social"
312,15,"2",NA,"Positive/Non-Social"
312,16,"2",NA,"Positive/Non-Social"
312,17,"2",2,"Positive/Non-Social"
312,18,"2",NA,"Positive/Non-Social"
312,20,"2",NA,"Positive/Non-Social"
312,21,"2",NA,"Positive/Non-Social"
312,22,"2",NA,"Positive/Non-Social"
312,23,"2",NA,"Positive/Non-Social"
312,24,"2",NA,"Positive/Non-Social"
312,25,"2",1,"Positive/Non-Social"
312,26,"2",1,"Positive/Non-Social"
312,27,"2",2,"Positive/Non-Social"
312,28,"2",NA,"Positive/Non-Social"
312,29,"2",NA,"Positive/Non-Social"
312,30,"2",NA,"Positive/Non-Social"
312,31,"2",5,"Positive/Non-Social"
312,32,"2",NA,"Positive/Non-Social"
312,33,"2",NA,"Positive/Non-Social"
312,34,"2",NA,"Positive/Non-Social"
312,35,"2",1,"Positive/Non-Social"
312,36,"2",NA,"Positive/Non-Social"
312,37,"2",NA,"Positive/Non-Social"
312,38,"2",3,"Positive/Non-Social"
312,39,"2",7,"Positive/Non-Social"
312,40,"2",5,"Positive/Non-Social"
312,41,"2",1,"Positive/Non-Social"
312,42,"2",NA,"Positive/Non-Social"
312,43,"2",NA,"Positive/Non-Social"
313,1,"2",NA,"Positive/Non-Social"
313,3,"2",NA,"Positive/Non-Social"
313,4,"2",2,"Positive/Non-Social"
313,6,"2",NA,"Positive/Non-Social"
313,7,"2",NA,"Positive/Non-Social"
313,8,"2",NA,"Positive/Non-Social"
313,9,"2",NA,"Positive/Non-Social"
313,10,"2",3,"Positive/Non-Social"
313,11,"2",NA,"Positive/Non-Social"
313,11,"2",NA,"Positive/Non-Social"
313,13,"2",NA,"Positive/Non-Social"
313,14,"2",NA,"Positive/Non-Social"
313,15,"2",2,"Positive/Non-Social"
313,16,"2",NA,"Positive/Non-Social"
313,17,"2",NA,"Positive/Non-Social"
313,18,"2",NA,"Positive/Non-Social"
313,19,"2",NA,"Positive/Non-Social"
313,20,"2",NA,"Positive/Non-Social"
313,21,"2",NA,"Positive/Non-Social"
313,22,"2",NA,"Positive/Non-Social"
313,22,"2",5,"Positive/Non-Social"
313,23,"2",NA,"Positive/Non-Social"
313,24,"2",NA,"Positive/Non-Social"
313,26,"2",NA,"Positive/Non-Social"
313,27,"2",NA,"Positive/Non-Social"
313,28,"2",NA,"Positive/Non-Social"
313,29,"2",NA,"Positive/Non-Social"
313,30,"2",NA,"Positive/Non-Social"
313,31,"2",NA,"Positive/Non-Social"
313,32,"2",4,"Positive/Non-Social"
313,33,"2",NA,"Positive/Non-Social"
313,34,"2",1,"Positive/Non-Social"
313,35,"2",1,"Positive/Non-Social"
313,36,"2",NA,"Positive/Non-Social"
313,37,"2",3,"Positive/Non-Social"
313,38,"2",1,"Positive/Non-Social"
313,39,"2",NA,"Positive/Non-Social"
313,40,"2",NA,"Positive/Non-Social"
313,41,"2",NA,"Positive/Non-Social"
313,42,"2",NA,"Positive/Non-Social"
313,43,"2",NA,"Positive/Non-Social"
314,1,"1",NA,"Positive/Non-Social"
314,2,"1",NA,"Positive/Non-Social"
314,3,"1",12,"Positive/Non-Social"
314,4,"1",NA,"Positive/Non-Social"
314,5,"1",NA,"Positive/Non-Social"
314,6,"1",NA,"Positive/Non-Social"
314,7,"1",12,"Positive/Non-Social"
314,8,"1",NA,"Positive/Non-Social"
314,9,"1",NA,"Positive/Non-Social"
314,10,"1",NA,"Positive/Non-Social"
314,11,"1",NA,"Positive/Non-Social"
314,12,"1",NA,"Positive/Non-Social"
314,13,"1",NA,"Positive/Non-Social"
314,14,"1",3,"Positive/Non-Social"
314,15,"1",NA,"Positive/Non-Social"
314,16,"1",10,"Positive/Non-Social"
314,17,"1",NA,"Positive/Non-Social"
314,18,"1",NA,"Positive/Non-Social"
314,19,"1",NA,"Positive/Non-Social"
314,20,"1",2,"Positive/Non-Social"
314,21,"1",3,"Positive/Non-Social"
314,22,"1",NA,"Positive/Non-Social"
314,23,"1",1,"Positive/Non-Social"
314,24,"1",12,"Positive/Non-Social"
314,25,"1",NA,"Positive/Non-Social"
314,26,"1",2,"Positive/Non-Social"
314,28,"1",2,"Positive/Non-Social"
314,29,"1",NA,"Positive/Non-Social"
314,30,"1",10,"Positive/Non-Social"
314,32,"1",NA,"Positive/Non-Social"
314,32,"1",1,"Positive/Non-Social"
314,33,"1",14,"Positive/Non-Social"
314,34,"1",NA,"Positive/Non-Social"
314,38,"1",15,"Positive/Non-Social"
314,39,"1",NA,"Positive/Non-Social"
314,40,"1",NA,"Positive/Non-Social"
314,41,"1",1,"Positive/Non-Social"
314,42,"1",NA,"Positive/Non-Social"
314,43,"1",NA,"Positive/Non-Social"
315,1,"2",NA,"Positive/Non-Social"
315,2,"2",NA,"Positive/Non-Social"
315,3,"2",NA,"Positive/Non-Social"
315,4,"2",NA,"Positive/Non-Social"
315,5,"2",NA,"Positive/Non-Social"
315,6,"2",NA,"Positive/Non-Social"
315,7,"2",NA,"Positive/Non-Social"
315,8,"2",NA,"Positive/Non-Social"
315,9,"2",NA,"Positive/Non-Social"
315,10,"2",NA,"Positive/Non-Social"
315,11,"2",NA,"Positive/Non-Social"
315,12,"2",3,"Positive/Non-Social"
315,13,"2",NA,"Positive/Non-Social"
315,14,"2",NA,"Positive/Non-Social"
315,16,"2",NA,"Positive/Non-Social"
315,17,"2",NA,"Positive/Non-Social"
315,18,"2",NA,"Positive/Non-Social"
315,19,"2",3,"Positive/Non-Social"
315,20,"2",NA,"Positive/Non-Social"
315,21,"2",NA,"Positive/Non-Social"
315,22,"2",NA,"Positive/Non-Social"
315,23,"2",NA,"Positive/Non-Social"
315,25,"2",NA,"Positive/Non-Social"
315,26,"2",NA,"Positive/Non-Social"
315,27,"2",NA,"Positive/Non-Social"
315,28,"2",NA,"Positive/Non-Social"
315,29,"2",NA,"Positive/Non-Social"
315,30,"2",NA,"Positive/Non-Social"
315,31,"2",NA,"Positive/Non-Social"
315,32,"2",NA,"Positive/Non-Social"
315,33,"2",4,"Positive/Non-Social"
315,34,"2",NA,"Positive/Non-Social"
315,35,"2",NA,"Positive/Non-Social"
315,36,"2",NA,"Positive/Non-Social"
315,37,"2",NA,"Positive/Non-Social"
315,38,"2",NA,"Positive/Non-Social"
315,39,"2",1,"Positive/Non-Social"
315,40,"2",NA,"Positive/Non-Social"
315,41,"2",NA,"Positive/Non-Social"
315,42,"2",NA,"Positive/Non-Social"
315,43,"2",NA,"Positive/Non-Social"
316,1,"2",NA,"Positive/Non-Social"
316,2,"2",NA,"Positive/Non-Social"
316,3,"2",NA,"Positive/Non-Social"
316,4,"2",5,"Positive/Non-Social"
316,5,"2",NA,"Positive/Non-Social"
316,6,"2",NA,"Positive/Non-Social"
316,7,"2",NA,"Positive/Non-Social"
316,8,"2",NA,"Positive/Non-Social"
316,9,"2",NA,"Positive/Non-Social"
316,10,"2",NA,"Positive/Non-Social"
316,11,"2",2,"Positive/Non-Social"
316,12,"2",3,"Positive/Non-Social"
316,13,"2",NA,"Positive/Non-Social"
316,14,"2",NA,"Positive/Non-Social"
316,15,"2",NA,"Positive/Non-Social"
316,16,"2",NA,"Positive/Non-Social"
316,17,"2",6,"Positive/Non-Social"
316,18,"2",1,"Positive/Non-Social"
316,19,"2",NA,"Positive/Non-Social"
316,20,"2",NA,"Positive/Non-Social"
316,21,"2",NA,"Positive/Non-Social"
316,22,"2",NA,"Positive/Non-Social"
316,23,"2",NA,"Positive/Non-Social"
316,24,"2",NA,"Positive/Non-Social"
316,25,"2",3,"Positive/Non-Social"
316,26,"2",NA,"Positive/Non-Social"
316,27,"2",NA,"Positive/Non-Social"
316,28,"2",NA,"Positive/Non-Social"
316,29,"2",NA,"Positive/Non-Social"
316,30,"2",NA,"Positive/Non-Social"
316,31,"2",3,"Positive/Non-Social"
316,32,"2",NA,"Positive/Non-Social"
316,33,"2",3,"Positive/Non-Social"
316,34,"2",NA,"Positive/Non-Social"
316,35,"2",NA,"Positive/Non-Social"
316,36,"2",NA,"Positive/Non-Social"
316,37,"2",NA,"Positive/Non-Social"
316,38,"2",NA,"Positive/Non-Social"
316,39,"2",NA,"Positive/Non-Social"
316,40,"2",3,"Positive/Non-Social"
316,41,"2",NA,"Positive/Non-Social"
316,42,"2",NA,"Positive/Non-Social"
316,43,"2",NA,"Positive/Non-Social"
318,1,"2",NA,"Positive/Non-Social"
318,2,"2",NA,"Positive/Non-Social"
318,3,"2",NA,"Positive/Non-Social"
318,4,"2",NA,"Positive/Non-Social"
318,5,"2",5,"Positive/Non-Social"
318,6,"2",NA,"Positive/Non-Social"
318,7,"2",NA,"Positive/Non-Social"
318,8,"2",NA,"Positive/Non-Social"
318,9,"2",NA,"Positive/Non-Social"
318,10,"2",NA,"Positive/Non-Social"
318,13,"2",NA,"Positive/Non-Social"
318,14,"2",NA,"Positive/Non-Social"
318,15,"2",NA,"Positive/Non-Social"
318,16,"2",NA,"Positive/Non-Social"
318,17,"2",NA,"Positive/Non-Social"
318,19,"2",NA,"Positive/Non-Social"
318,20,"2",NA,"Positive/Non-Social"
318,21,"2",NA,"Positive/Non-Social"
318,23,"2",NA,"Positive/Non-Social"
318,24,"2",NA,"Positive/Non-Social"
318,25,"2",NA,"Positive/Non-Social"
318,26,"2",NA,"Positive/Non-Social"
318,29,"2",2,"Positive/Non-Social"
318,32,"2",NA,"Positive/Non-Social"
318,33,"2",4,"Positive/Non-Social"
318,34,"2",NA,"Positive/Non-Social"
318,35,"2",NA,"Positive/Non-Social"
318,36,"2",NA,"Positive/Non-Social"
318,38,"2",NA,"Positive/Non-Social"
318,39,"2",NA,"Positive/Non-Social"
318,40,"2",2,"Positive/Non-Social"
318,41,"2",NA,"Positive/Non-Social"
318,42,"2",NA,"Positive/Non-Social"
318,43,"2",NA,"Positive/Non-Social"
319,1,"2",NA,"Positive/Non-Social"
319,2,"2",NA,"Positive/Non-Social"
319,3,"2",NA,"Positive/Non-Social"
319,4,"2",NA,"Positive/Non-Social"
319,5,"2",10,"Positive/Non-Social"
319,6,"2",NA,"Positive/Non-Social"
319,7,"2",NA,"Positive/Non-Social"
319,8,"2",NA,"Positive/Non-Social"
319,9,"2",NA,"Positive/Non-Social"
319,10,"2",NA,"Positive/Non-Social"
319,11,"2",NA,"Positive/Non-Social"
319,12,"2",NA,"Positive/Non-Social"
319,13,"2",NA,"Positive/Non-Social"
319,14,"2",NA,"Positive/Non-Social"
319,15,"2",NA,"Positive/Non-Social"
319,16,"2",NA,"Positive/Non-Social"
319,17,"2",8,"Positive/Non-Social"
319,18,"2",NA,"Positive/Non-Social"
319,19,"2",NA,"Positive/Non-Social"
319,20,"2",NA,"Positive/Non-Social"
319,21,"2",NA,"Positive/Non-Social"
319,22,"2",NA,"Positive/Non-Social"
319,23,"2",NA,"Positive/Non-Social"
319,24,"2",NA,"Positive/Non-Social"
319,25,"2",NA,"Positive/Non-Social"
319,26,"2",10,"Positive/Non-Social"
319,27,"2",NA,"Positive/Non-Social"
319,28,"2",NA,"Positive/Non-Social"
319,29,"2",NA,"Positive/Non-Social"
319,30,"2",NA,"Positive/Non-Social"
319,32,"2",NA,"Positive/Non-Social"
319,33,"2",NA,"Positive/Non-Social"
319,34,"2",NA,"Positive/Non-Social"
319,35,"2",NA,"Positive/Non-Social"
319,36,"2",NA,"Positive/Non-Social"
319,37,"2",NA,"Positive/Non-Social"
319,38,"2",7,"Positive/Non-Social"
319,39,"2",NA,"Positive/Non-Social"
319,40,"2",9,"Positive/Non-Social"
319,41,"2",NA,"Positive/Non-Social"
319,42,"2",NA,"Positive/Non-Social"
319,43,"2",NA,"Positive/Non-Social"
320,1,"2",NA,"Positive/Non-Social"
320,2,"2",NA,"Positive/Non-Social"
320,3,"2",NA,"Positive/Non-Social"
320,4,"2",2,"Positive/Non-Social"
320,5,"2",NA,"Positive/Non-Social"
320,6,"2",3,"Positive/Non-Social"
320,7,"2",3,"Positive/Non-Social"
320,8,"2",NA,"Positive/Non-Social"
320,9,"2",NA,"Positive/Non-Social"
320,10,"2",NA,"Positive/Non-Social"
320,11,"2",NA,"Positive/Non-Social"
320,12,"2",NA,"Positive/Non-Social"
320,13,"2",NA,"Positive/Non-Social"
320,14,"2",NA,"Positive/Non-Social"
320,15,"2",NA,"Positive/Non-Social"
320,16,"2",NA,"Positive/Non-Social"
320,17,"2",NA,"Positive/Non-Social"
320,18,"2",2,"Positive/Non-Social"
320,19,"2",NA,"Positive/Non-Social"
320,20,"2",4,"Positive/Non-Social"
320,21,"2",1,"Positive/Non-Social"
320,22,"2",3,"Positive/Non-Social"
320,23,"2",1,"Positive/Non-Social"
320,24,"2",NA,"Positive/Non-Social"
320,25,"2",3,"Positive/Non-Social"
320,26,"2",1,"Positive/Non-Social"
320,27,"2",NA,"Positive/Non-Social"
320,28,"2",NA,"Positive/Non-Social"
320,29,"2",NA,"Positive/Non-Social"
320,30,"2",NA,"Positive/Non-Social"
320,32,"2",4,"Positive/Non-Social"
320,33,"2",NA,"Positive/Non-Social"
320,34,"2",NA,"Positive/Non-Social"
320,35,"2",NA,"Positive/Non-Social"
320,36,"2",NA,"Positive/Non-Social"
320,37,"2",1,"Positive/Non-Social"
320,38,"2",NA,"Positive/Non-Social"
320,39,"2",2,"Positive/Non-Social"
320,40,"2",NA,"Positive/Non-Social"
320,41,"2",1,"Positive/Non-Social"
320,42,"2",NA,"Positive/Non-Social"
320,43,"2",NA,"Positive/Non-Social"
321,1,"2",NA,"Positive/Non-Social"
321,2,"2",NA,"Positive/Non-Social"
321,3,"2",1,"Positive/Non-Social"
321,4,"2",NA,"Positive/Non-Social"
321,5,"2",NA,"Positive/Non-Social"
321,6,"2",NA,"Positive/Non-Social"
321,7,"2",NA,"Positive/Non-Social"
321,8,"2",NA,"Positive/Non-Social"
321,9,"2",NA,"Positive/Non-Social"
321,10,"2",NA,"Positive/Non-Social"
321,11,"2",NA,"Positive/Non-Social"
321,12,"2",2,"Positive/Non-Social"
321,13,"2",NA,"Positive/Non-Social"
321,14,"2",NA,"Positive/Non-Social"
321,15,"2",NA,"Positive/Non-Social"
321,16,"2",NA,"Positive/Non-Social"
321,17,"2",5,"Positive/Non-Social"
321,18,"2",NA,"Positive/Non-Social"
321,19,"2",NA,"Positive/Non-Social"
321,20,"2",NA,"Positive/Non-Social"
321,21,"2",1,"Positive/Non-Social"
321,22,"2",NA,"Positive/Non-Social"
321,23,"2",NA,"Positive/Non-Social"
321,24,"2",NA,"Positive/Non-Social"
321,25,"2",NA,"Positive/Non-Social"
321,26,"2",2,"Positive/Non-Social"
321,28,"2",NA,"Positive/Non-Social"
321,29,"2",NA,"Positive/Non-Social"
321,30,"2",NA,"Positive/Non-Social"
321,31,"2",6,"Positive/Non-Social"
321,32,"2",NA,"Positive/Non-Social"
321,33,"2",1,"Positive/Non-Social"
321,34,"2",NA,"Positive/Non-Social"
321,35,"2",2,"Positive/Non-Social"
321,36,"2",NA,"Positive/Non-Social"
321,37,"2",NA,"Positive/Non-Social"
321,38,"2",NA,"Positive/Non-Social"
321,39,"2",NA,"Positive/Non-Social"
321,40,"2",NA,"Positive/Non-Social"
321,41,"2",NA,"Positive/Non-Social"
321,41,"2",NA,"Positive/Non-Social"
321,42,"2",NA,"Positive/Non-Social"
321,43,"2",NA,"Positive/Non-Social"
322,1,"2",NA,"Positive/Non-Social"
322,2,"2",NA,"Positive/Non-Social"
322,3,"2",1,"Positive/Non-Social"
322,4,"2",NA,"Positive/Non-Social"
322,5,"2",6,"Positive/Non-Social"
322,6,"2",NA,"Positive/Non-Social"
322,7,"2",NA,"Positive/Non-Social"
322,8,"2",NA,"Positive/Non-Social"
322,9,"2",NA,"Positive/Non-Social"
322,10,"2",NA,"Positive/Non-Social"
322,11,"2",NA,"Positive/Non-Social"
322,12,"2",NA,"Positive/Non-Social"
322,13,"2",NA,"Positive/Non-Social"
322,14,"2",NA,"Positive/Non-Social"
322,15,"2",NA,"Positive/Non-Social"
322,16,"2",NA,"Positive/Non-Social"
322,17,"2",NA,"Positive/Non-Social"
322,18,"2",NA,"Positive/Non-Social"
322,20,"2",NA,"Positive/Non-Social"
322,21,"2",NA,"Positive/Non-Social"
322,22,"2",2,"Positive/Non-Social"
322,23,"2",NA,"Positive/Non-Social"
322,23,"2",NA,"Positive/Non-Social"
322,24,"2",NA,"Positive/Non-Social"
322,25,"2",NA,"Positive/Non-Social"
322,26,"2",NA,"Positive/Non-Social"
322,28,"2",NA,"Positive/Non-Social"
322,29,"2",NA,"Positive/Non-Social"
322,30,"2",NA,"Positive/Non-Social"
322,31,"2",NA,"Positive/Non-Social"
322,32,"2",NA,"Positive/Non-Social"
322,33,"2",NA,"Positive/Non-Social"
322,34,"2",NA,"Positive/Non-Social"
322,35,"2",NA,"Positive/Non-Social"
322,36,"2",NA,"Positive/Non-Social"
322,37,"2",NA,"Positive/Non-Social"
322,38,"2",2,"Positive/Non-Social"
322,39,"2",NA,"Positive/Non-Social"
322,40,"2",NA,"Positive/Non-Social"
322,41,"2",NA,"Positive/Non-Social"
322,42,"2",NA,"Positive/Non-Social"
322,43,"2",NA,"Positive/Non-Social"
323,1,"2",NA,"Positive/Non-Social"
323,2,"2",NA,"Positive/Non-Social"
323,3,"2",NA,"Positive/Non-Social"
323,4,"2",4,"Positive/Non-Social"
323,5,"2",5,"Positive/Non-Social"
323,6,"2",1,"Positive/Non-Social"
323,7,"2",NA,"Positive/Non-Social"
323,8,"2",NA,"Positive/Non-Social"
323,9,"2",NA,"Positive/Non-Social"
323,10,"2",NA,"Positive/Non-Social"
323,11,"2",NA,"Positive/Non-Social"
323,12,"2",NA,"Positive/Non-Social"
323,13,"2",NA,"Positive/Non-Social"
323,14,"2",NA,"Positive/Non-Social"
323,15,"2",NA,"Positive/Non-Social"
323,16,"2",NA,"Positive/Non-Social"
323,17,"2",2,"Positive/Non-Social"
323,18,"2",NA,"Positive/Non-Social"
323,19,"2",NA,"Positive/Non-Social"
323,21,"2",NA,"Positive/Non-Social"
323,22,"2",NA,"Positive/Non-Social"
323,23,"2",NA,"Positive/Non-Social"
323,24,"2",NA,"Positive/Non-Social"
323,25,"2",NA,"Positive/Non-Social"
323,26,"2",NA,"Positive/Non-Social"
323,27,"2",NA,"Positive/Non-Social"
323,28,"2",NA,"Positive/Non-Social"
323,29,"2",NA,"Positive/Non-Social"
323,30,"2",NA,"Positive/Non-Social"
323,31,"2",NA,"Positive/Non-Social"
323,32,"2",NA,"Positive/Non-Social"
323,33,"2",NA,"Positive/Non-Social"
323,34,"2",NA,"Positive/Non-Social"
323,36,"2",NA,"Positive/Non-Social"
323,37,"2",NA,"Positive/Non-Social"
323,38,"2",NA,"Positive/Non-Social"
323,40,"2",NA,"Positive/Non-Social"
323,41,"2",NA,"Positive/Non-Social"
323,42,"2",NA,"Positive/Non-Social"
323,43,"2",NA,"Positive/Non-Social"
324,1,"1",NA,"Positive/Non-Social"
324,2,"1",4,"Positive/Non-Social"
324,3,"1",1,"Positive/Non-Social"
324,4,"1",1,"Positive/Non-Social"
324,5,"1",1,"Positive/Non-Social"
324,6,"1",1,"Positive/Non-Social"
324,7,"1",2,"Positive/Non-Social"
324,8,"1",NA,"Positive/Non-Social"
324,9,"1",NA,"Positive/Non-Social"
324,9,"1",NA,"Positive/Non-Social"
324,10,"1",NA,"Positive/Non-Social"
324,11,"1",NA,"Positive/Non-Social"
324,12,"1",8,"Positive/Non-Social"
324,13,"1",NA,"Positive/Non-Social"
324,14,"1",NA,"Positive/Non-Social"
324,15,"1",NA,"Positive/Non-Social"
324,16,"1",NA,"Positive/Non-Social"
324,17,"1",NA,"Positive/Non-Social"
324,18,"1",1,"Positive/Non-Social"
324,19,"1",2,"Positive/Non-Social"
324,20,"1",NA,"Positive/Non-Social"
324,21,"1",NA,"Positive/Non-Social"
324,22,"1",NA,"Positive/Non-Social"
324,23,"1",NA,"Positive/Non-Social"
324,24,"1",8,"Positive/Non-Social"
324,26,"1",4,"Positive/Non-Social"
324,27,"1",NA,"Positive/Non-Social"
324,28,"1",NA,"Positive/Non-Social"
324,29,"1",NA,"Positive/Non-Social"
324,30,"1",NA,"Positive/Non-Social"
324,31,"1",3,"Positive/Non-Social"
324,32,"1",6,"Positive/Non-Social"
324,33,"1",5,"Positive/Non-Social"
324,34,"1",3,"Positive/Non-Social"
324,35,"1",NA,"Positive/Non-Social"
324,36,"1",NA,"Positive/Non-Social"
324,37,"1",2,"Positive/Non-Social"
324,38,"1",4,"Positive/Non-Social"
324,39,"1",NA,"Positive/Non-Social"
324,40,"1",8,"Positive/Non-Social"
324,42,"1",NA,"Positive/Non-Social"
324,43,"1",NA,"Positive/Non-Social"
325,1,"2",NA,"Positive/Social"
325,2,"2",10,"Positive/Social"
325,3,"2",6,"Positive/Social"
325,4,"2",NA,"Positive/Social"
325,5,"2",NA,"Positive/Social"
325,6,"2",NA,"Positive/Social"
325,7,"2",NA,"Positive/Social"
325,8,"2",NA,"Positive/Social"
325,9,"2",NA,"Positive/Social"
325,10,"2",8,"Positive/Social"
325,11,"2",NA,"Positive/Social"
325,12,"2",NA,"Positive/Social"
325,13,"2",NA,"Positive/Social"
325,14,"2",1,"Positive/Social"
325,15,"2",1,"Positive/Social"
325,16,"2",NA,"Positive/Social"
325,16,"2",10,"Positive/Social"
325,19,"2",NA,"Positive/Social"
325,20,"2",NA,"Positive/Social"
325,21,"2",NA,"Positive/Social"
325,22,"2",10,"Positive/Social"
325,23,"2",3,"Positive/Social"
325,25,"2",6,"Positive/Social"
325,27,"2",10,"Positive/Social"
325,28,"2",NA,"Positive/Social"
325,29,"2",2,"Positive/Social"
325,30,"2",NA,"Positive/Social"
325,32,"2",10,"Positive/Social"
325,33,"2",NA,"Positive/Social"
325,34,"2",NA,"Positive/Social"
325,35,"2",2,"Positive/Social"
325,36,"2",1,"Positive/Social"
325,37,"2",4,"Positive/Social"
325,38,"2",12,"Positive/Social"
325,39,"2",NA,"Positive/Social"
325,40,"2",15,"Positive/Social"
325,41,"2",NA,"Positive/Social"
325,42,"2",NA,"Positive/Social"
325,43,"2",NA,"Positive/Social"
326,1,"2",NA,"Positive/Social"
326,2,"2",NA,"Positive/Social"
326,3,"2",3,"Positive/Social"
326,4,"2",6,"Positive/Social"
326,5,"2",9,"Positive/Social"
326,6,"2",NA,"Positive/Social"
326,7,"2",NA,"Positive/Social"
326,8,"2",6,"Positive/Social"
326,9,"2",NA,"Positive/Social"
326,11,"2",4,"Positive/Social"
326,12,"2",5,"Positive/Social"
326,13,"2",1,"Positive/Social"
326,14,"2",1,"Positive/Social"
326,15,"2",NA,"Positive/Social"
326,16,"2",NA,"Positive/Social"
326,17,"2",1,"Positive/Social"
326,20,"2",1,"Positive/Social"
326,22,"2",NA,"Positive/Social"
326,23,"2",2,"Positive/Social"
326,24,"2",NA,"Positive/Social"
326,25,"2",2,"Positive/Social"
326,26,"2",3,"Positive/Social"
326,27,"2",NA,"Positive/Social"
326,28,"2",NA,"Positive/Social"
326,29,"2",NA,"Positive/Social"
326,30,"2",NA,"Positive/Social"
326,32,"2",3,"Positive/Social"
326,33,"2",2,"Positive/Social"
326,34,"2",NA,"Positive/Social"
326,35,"2",1,"Positive/Social"
326,36,"2",NA,"Positive/Social"
326,37,"2",NA,"Positive/Social"
326,39,"2",8,"Positive/Social"
326,40,"2",1,"Positive/Social"
326,41,"2",3,"Positive/Social"
326,42,"2",NA,"Positive/Social"
326,43,"2",NA,"Positive/Social"
327,1,"2",4,"Positive/Social"
327,2,"2",5,"Positive/Social"
327,3,"2",3,"Positive/Social"
327,4,"2",NA,"Positive/Social"
327,6,"2",NA,"Positive/Social"
327,7,"2",NA,"Positive/Social"
327,8,"2",NA,"Positive/Social"
327,9,"2",NA,"Positive/Social"
327,10,"2",NA,"Positive/Social"
327,11,"2",NA,"Positive/Social"
327,12,"2",NA,"Positive/Social"
327,13,"2",NA,"Positive/Social"
327,14,"2",NA,"Positive/Social"
327,15,"2",NA,"Positive/Social"
327,16,"2",NA,"Positive/Social"
327,17,"2",7,"Positive/Social"
327,18,"2",1,"Positive/Social"
327,19,"2",2,"Positive/Social"
327,20,"2",3,"Positive/Social"
327,21,"2",NA,"Positive/Social"
327,22,"2",NA,"Positive/Social"
327,23,"2",1,"Positive/Social"
327,24,"2",10,"Positive/Social"
327,25,"2",1,"Positive/Social"
327,26,"2",10,"Positive/Social"
327,27,"2",5,"Positive/Social"
327,28,"2",NA,"Positive/Social"
327,29,"2",NA,"Positive/Social"
327,31,"2",NA,"Positive/Social"
327,32,"2",NA,"Positive/Social"
327,33,"2",NA,"Positive/Social"
327,35,"2",NA,"Positive/Social"
327,36,"2",5,"Positive/Social"
327,37,"2",NA,"Positive/Social"
327,38,"2",NA,"Positive/Social"
327,39,"2",NA,"Positive/Social"
327,40,"2",NA,"Positive/Social"
327,42,"2",NA,"Positive/Social"
327,43,"2",NA,"Positive/Social"
328,1,"2",NA,"Positive/Social"
328,2,"2",NA,"Positive/Social"
328,3,"2",5,"Positive/Social"
328,4,"2",6,"Positive/Social"
328,5,"2",2,"Positive/Social"
328,6,"2",2,"Positive/Social"
328,7,"2",1,"Positive/Social"
328,8,"2",6,"Positive/Social"
328,9,"2",NA,"Positive/Social"
328,10,"2",NA,"Positive/Social"
328,11,"2",NA,"Positive/Social"
328,12,"2",4,"Positive/Social"
328,13,"2",NA,"Positive/Social"
328,14,"2",4,"Positive/Social"
328,15,"2",1,"Positive/Social"
328,16,"2",NA,"Positive/Social"
328,17,"2",5,"Positive/Social"
328,18,"2",1,"Positive/Social"
328,19,"2",6,"Positive/Social"
328,20,"2",NA,"Positive/Social"
328,21,"2",5,"Positive/Social"
328,22,"2",NA,"Positive/Social"
328,22,"2",4,"Positive/Social"
328,24,"2",NA,"Positive/Social"
328,25,"2",NA,"Positive/Social"
328,26,"2",1,"Positive/Social"
328,28,"2",5,"Positive/Social"
328,29,"2",NA,"Positive/Social"
328,30,"2",5,"Positive/Social"
328,31,"2",7,"Positive/Social"
328,32,"2",NA,"Positive/Social"
328,33,"2",NA,"Positive/Social"
328,34,"2",2,"Positive/Social"
328,36,"2",NA,"Positive/Social"
328,37,"2",3,"Positive/Social"
328,38,"2",4,"Positive/Social"
328,41,"2",NA,"Positive/Social"
328,42,"2",4,"Positive/Social"
328,43,"2",NA,"Positive/Social"
329,1,"2",NA,"Positive/Social"
329,1,"2",NA,"Positive/Social"
329,2,"2",3,"Positive/Social"
329,3,"2",NA,"Positive/Social"
329,4,"2",NA,"Positive/Social"
329,5,"2",NA,"Positive/Social"
329,6,"2",NA,"Positive/Social"
329,7,"2",NA,"Positive/Social"
329,8,"2",NA,"Positive/Social"
329,9,"2",NA,"Positive/Social"
329,10,"2",NA,"Positive/Social"
329,11,"2",5,"Positive/Social"
329,12,"2",NA,"Positive/Social"
329,13,"2",NA,"Positive/Social"
329,15,"2",NA,"Positive/Social"
329,16,"2",NA,"Positive/Social"
329,17,"2",NA,"Positive/Social"
329,20,"2",NA,"Positive/Social"
329,21,"2",NA,"Positive/Social"
329,24,"2",NA,"Positive/Social"
329,26,"2",1,"Positive/Social"
329,27,"2",5,"Positive/Social"
329,28,"2",NA,"Positive/Social"
329,32,"2",NA,"Positive/Social"
329,33,"2",NA,"Positive/Social"
329,37,"2",5,"Positive/Social"
329,38,"2",2,"Positive/Social"
329,39,"2",3,"Positive/Social"
329,40,"2",5,"Positive/Social"
329,41,"2",NA,"Positive/Social"
329,42,"2",NA,"Positive/Social"
329,43,"2",NA,"Positive/Social"
330,1,"2",NA,"Positive/Non-Social"
330,2,"2",NA,"Positive/Non-Social"
330,2,"2",NA,"Positive/Non-Social"
330,3,"2",NA,"Positive/Non-Social"
330,4,"2",1,"Positive/Non-Social"
330,5,"2",NA,"Positive/Non-Social"
330,6,"2",NA,"Positive/Non-Social"
330,7,"2",NA,"Positive/Non-Social"
330,7,"2",NA,"Positive/Non-Social"
330,8,"2",NA,"Positive/Non-Social"
330,9,"2",NA,"Positive/Non-Social"
330,10,"2",NA,"Positive/Non-Social"
330,12,"2",NA,"Positive/Non-Social"
330,13,"2",NA,"Positive/Non-Social"
330,14,"2",NA,"Positive/Non-Social"
330,16,"2",NA,"Positive/Non-Social"
330,17,"2",5,"Positive/Non-Social"
330,18,"2",NA,"Positive/Non-Social"
330,19,"2",NA,"Positive/Non-Social"
330,20,"2",NA,"Positive/Non-Social"
330,21,"2",NA,"Positive/Non-Social"
330,22,"2",NA,"Positive/Non-Social"
330,24,"2",NA,"Positive/Non-Social"
330,25,"2",NA,"Positive/Non-Social"
330,26,"2",NA,"Positive/Non-Social"
330,27,"2",NA,"Positive/Non-Social"
330,28,"2",NA,"Positive/Non-Social"
330,29,"2",NA,"Positive/Non-Social"
330,30,"2",NA,"Positive/Non-Social"
330,32,"2",NA,"Positive/Non-Social"
330,34,"2",NA,"Positive/Non-Social"
330,36,"2",NA,"Positive/Non-Social"
330,37,"2",NA,"Positive/Non-Social"
330,38,"2",NA,"Positive/Non-Social"
330,39,"2",NA,"Positive/Non-Social"
330,40,"2",8,"Positive/Non-Social"
330,41,"2",NA,"Positive/Non-Social"
330,43,"2",NA,"Positive/Non-Social"
331,1,"2",NA,"Positive/Non-Social"
331,2,"2",NA,"Positive/Non-Social"
331,3,"2",1,"Positive/Non-Social"
331,4,"2",NA,"Positive/Non-Social"
331,5,"2",NA,"Positive/Non-Social"
331,6,"2",NA,"Positive/Non-Social"
331,8,"2",NA,"Positive/Non-Social"
331,9,"2",NA,"Positive/Non-Social"
331,10,"2",NA,"Positive/Non-Social"
331,11,"2",NA,"Positive/Non-Social"
331,12,"2",NA,"Positive/Non-Social"
331,13,"2",NA,"Positive/Non-Social"
331,14,"2",NA,"Positive/Non-Social"
331,15,"2",NA,"Positive/Non-Social"
331,16,"2",NA,"Positive/Non-Social"
331,17,"2",NA,"Positive/Non-Social"
331,18,"2",2,"Positive/Non-Social"
331,19,"2",6,"Positive/Non-Social"
331,20,"2",NA,"Positive/Non-Social"
331,21,"2",NA,"Positive/Non-Social"
331,23,"2",1,"Positive/Non-Social"
331,24,"2",NA,"Positive/Non-Social"
331,25,"2",6,"Positive/Non-Social"
331,26,"2",NA,"Positive/Non-Social"
331,28,"2",NA,"Positive/Non-Social"
331,30,"2",NA,"Positive/Non-Social"
331,31,"2",NA,"Positive/Non-Social"
331,33,"2",NA,"Positive/Non-Social"
331,34,"2",NA,"Positive/Non-Social"
331,35,"2",NA,"Positive/Non-Social"
331,36,"2",1,"Positive/Non-Social"
331,37,"2",NA,"Positive/Non-Social"
331,38,"2",NA,"Positive/Non-Social"
331,39,"2",4,"Positive/Non-Social"
331,40,"2",1,"Positive/Non-Social"
331,41,"2",2,"Positive/Non-Social"
331,42,"2",2,"Positive/Non-Social"
331,43,"2",1,"Positive/Non-Social"
332,1,"2",NA,"Positive/Non-Social"
332,2,"2",NA,"Positive/Non-Social"
332,3,"2",NA,"Positive/Non-Social"
332,4,"2",3,"Positive/Non-Social"
332,5,"2",NA,"Positive/Non-Social"
332,6,"2",NA,"Positive/Non-Social"
332,7,"2",NA,"Positive/Non-Social"
332,8,"2",NA,"Positive/Non-Social"
332,9,"2",NA,"Positive/Non-Social"
332,11,"2",NA,"Positive/Non-Social"
332,11,"2",2,"Positive/Non-Social"
332,12,"2",NA,"Positive/Non-Social"
332,13,"2",NA,"Positive/Non-Social"
332,14,"2",NA,"Positive/Non-Social"
332,15,"2",NA,"Positive/Non-Social"
332,16,"2",NA,"Positive/Non-Social"
332,17,"2",NA,"Positive/Non-Social"
332,18,"2",6,"Positive/Non-Social"
332,19,"2",NA,"Positive/Non-Social"
332,20,"2",NA,"Positive/Non-Social"
332,21,"2",NA,"Positive/Non-Social"
332,23,"2",NA,"Positive/Non-Social"
332,24,"2",NA,"Positive/Non-Social"
332,25,"2",4,"Positive/Non-Social"
332,27,"2",NA,"Positive/Non-Social"
332,28,"2",NA,"Positive/Non-Social"
332,29,"2",NA,"Positive/Non-Social"
332,30,"2",NA,"Positive/Non-Social"
332,31,"2",NA,"Positive/Non-Social"
332,33,"2",NA,"Positive/Non-Social"
332,34,"2",NA,"Positive/Non-Social"
332,35,"2",NA,"Positive/Non-Social"
332,36,"2",NA,"Positive/Non-Social"
332,37,"2",NA,"Positive/Non-Social"
332,38,"2",NA,"Positive/Non-Social"
332,40,"2",NA,"Positive/Non-Social"
332,41,"2",NA,"Positive/Non-Social"
332,42,"2",NA,"Positive/Non-Social"
332,43,"2",NA,"Positive/Non-Social"
333,1,"1",NA,"Positive/Non-Social"
333,2,"1",1,"Positive/Non-Social"
333,3,"1",1,"Positive/Non-Social"
333,4,"1",NA,"Positive/Non-Social"
333,8,"1",NA,"Positive/Non-Social"
333,9,"1",NA,"Positive/Non-Social"
333,11,"1",NA,"Positive/Non-Social"
333,12,"1",NA,"Positive/Non-Social"
333,13,"1",NA,"Positive/Non-Social"
333,14,"1",NA,"Positive/Non-Social"
333,15,"1",NA,"Positive/Non-Social"
333,16,"1",NA,"Positive/Non-Social"
333,17,"1",6,"Positive/Non-Social"
333,18,"1",2,"Positive/Non-Social"
333,19,"1",5,"Positive/Non-Social"
333,21,"1",NA,"Positive/Non-Social"
333,23,"1",NA,"Positive/Non-Social"
333,24,"1",NA,"Positive/Non-Social"
333,25,"1",1,"Positive/Non-Social"
333,27,"1",NA,"Positive/Non-Social"
333,28,"1",NA,"Positive/Non-Social"
333,29,"1",9,"Positive/Non-Social"
333,30,"1",NA,"Positive/Non-Social"
333,32,"1",2,"Positive/Non-Social"
333,33,"1",NA,"Positive/Non-Social"
333,34,"1",NA,"Positive/Non-Social"
333,36,"1",2,"Positive/Non-Social"
333,37,"1",NA,"Positive/Non-Social"
333,38,"1",NA,"Positive/Non-Social"
333,39,"1",5,"Positive/Non-Social"
333,40,"1",NA,"Positive/Non-Social"
333,41,"1",NA,"Positive/Non-Social"
333,42,"1",NA,"Positive/Non-Social"
333,43,"1",NA,"Positive/Non-Social"
334,1,"2",1,"Positive/Non-Social"
334,2,"2",2,"Positive/Non-Social"
334,3,"2",3,"Positive/Non-Social"
334,4,"2",NA,"Positive/Non-Social"
334,5,"2",10,"Positive/Non-Social"
334,6,"2",NA,"Positive/Non-Social"
334,7,"2",NA,"Positive/Non-Social"
334,8,"2",2,"Positive/Non-Social"
334,9,"2",1,"Positive/Non-Social"
334,10,"2",1,"Positive/Non-Social"
334,11,"2",5,"Positive/Non-Social"
334,12,"2",NA,"Positive/Non-Social"
334,13,"2",2,"Positive/Non-Social"
334,14,"2",NA,"Positive/Non-Social"
334,15,"2",1,"Positive/Non-Social"
334,16,"2",NA,"Positive/Non-Social"
334,17,"2",13,"Positive/Non-Social"
334,18,"2",5,"Positive/Non-Social"
334,19,"2",3,"Positive/Non-Social"
334,20,"2",NA,"Positive/Non-Social"
334,21,"2",3,"Positive/Non-Social"
334,22,"2",2,"Positive/Non-Social"
334,23,"2",NA,"Positive/Non-Social"
334,24,"2",1,"Positive/Non-Social"
334,25,"2",3,"Positive/Non-Social"
334,26,"2",8,"Positive/Non-Social"
334,27,"2",1,"Positive/Non-Social"
334,28,"2",2,"Positive/Non-Social"
334,29,"2",13,"Positive/Non-Social"
334,30,"2",NA,"Positive/Non-Social"
334,31,"2",NA,"Positive/Non-Social"
334,32,"2",2,"Positive/Non-Social"
334,33,"2",12,"Positive/Non-Social"
334,34,"2",NA,"Positive/Non-Social"
334,35,"2",1,"Positive/Non-Social"
334,36,"2",NA,"Positive/Non-Social"
334,37,"2",6,"Positive/Non-Social"
334,38,"2",1.5,"Positive/Non-Social"
334,39,"2",6,"Positive/Non-Social"
334,40,"2",2,"Positive/Non-Social"
334,41,"2",2,"Positive/Non-Social"
334,42,"2",NA,"Positive/Non-Social"
334,43,"2",NA,"Positive/Non-Social"
335,NA,"2",NA,"Negative/Social"
336,1,"2",NA,"Negative/Social"
336,2,"2",NA,"Negative/Social"
336,3,"2",NA,"Negative/Social"
336,4,"2",NA,"Negative/Social"
336,5,"2",NA,"Negative/Social"
336,6,"2",NA,"Negative/Social"
336,7,"2",NA,"Negative/Social"
336,8,"2",NA,"Negative/Social"
336,9,"2",NA,"Negative/Social"
336,10,"2",NA,"Negative/Social"
336,11,"2",NA,"Negative/Social"
336,13,"2",NA,"Negative/Social"
336,14,"2",NA,"Negative/Social"
336,15,"2",NA,"Negative/Social"
336,17,"2",NA,"Negative/Social"
336,18,"2",NA,"Negative/Social"
336,19,"2",NA,"Negative/Social"
336,20,"2",NA,"Negative/Social"
336,21,"2",NA,"Negative/Social"
336,23,"2",NA,"Negative/Social"
336,25,"2",NA,"Negative/Social"
336,27,"2",NA,"Negative/Social"
336,28,"2",NA,"Negative/Social"
336,29,"2",NA,"Negative/Social"
336,30,"2",NA,"Negative/Social"
336,31,"2",NA,"Negative/Social"
336,32,"2",NA,"Negative/Social"
336,33,"2",NA,"Negative/Social"
336,34,"2",NA,"Negative/Social"
336,36,"2",NA,"Negative/Social"
336,37,"2",NA,"Negative/Social"
336,38,"2",NA,"Negative/Social"
336,40,"2",NA,"Negative/Social"
336,41,"2",NA,"Negative/Social"
336,42,"2",NA,"Negative/Social"
336,43,"2",NA,"Negative/Social"
337,1,"2",NA,"Negative/Social"
337,2,"2",NA,"Negative/Social"
337,3,"2",NA,"Negative/Social"
337,4,"2",NA,"Negative/Social"
337,5,"2",NA,"Negative/Social"
337,6,"2",7,"Negative/Social"
337,7,"2",NA,"Negative/Social"
337,8,"2",2,"Negative/Social"
337,9,"2",NA,"Negative/Social"
337,10,"2",NA,"Negative/Social"
337,11,"2",5,"Negative/Social"
337,12,"2",6,"Negative/Social"
337,13,"2",NA,"Negative/Social"
337,14,"2",NA,"Negative/Social"
337,15,"2",NA,"Negative/Social"
337,16,"2",NA,"Negative/Social"
337,17,"2",NA,"Negative/Social"
337,18,"2",1,"Negative/Social"
337,19,"2",NA,"Negative/Social"
337,20,"2",NA,"Negative/Social"
337,22,"2",3,"Negative/Social"
337,25,"2",4,"Negative/Social"
337,26,"2",NA,"Negative/Social"
337,28,"2",NA,"Negative/Social"
337,29,"2",NA,"Negative/Social"
337,30,"2",NA,"Negative/Social"
337,32,"2",NA,"Negative/Social"
337,33,"2",6,"Negative/Social"
337,34,"2",NA,"Negative/Social"
337,35,"2",NA,"Negative/Social"
337,36,"2",NA,"Negative/Social"
337,37,"2",5,"Negative/Social"
337,38,"2",NA,"Negative/Social"
337,39,"2",NA,"Negative/Social"
337,40,"2",5,"Negative/Social"
337,41,"2",NA,"Negative/Social"
337,42,"2",NA,"Negative/Social"
337,43,"2",NA,"Negative/Social"
338,7,"2",4,"Negative/Social"
338,8,"2",2,"Negative/Social"
338,9,"2",3,"Negative/Social"
338,10,"2",12,"Negative/Social"
338,11,"2",NA,"Negative/Social"
338,12,"2",NA,"Negative/Social"
338,13,"2",NA,"Negative/Social"
338,14,"2",5,"Negative/Social"
338,15,"2",NA,"Negative/Social"
338,16,"2",NA,"Negative/Social"
338,17,"2",9,"Negative/Social"
338,18,"2",NA,"Negative/Social"
338,19,"2",NA,"Negative/Social"
338,20,"2",4,"Negative/Social"
338,21,"2",4,"Negative/Social"
338,22,"2",NA,"Negative/Social"
338,23,"2",NA,"Negative/Social"
338,24,"2",10,"Negative/Social"
338,26,"2",4,"Negative/Social"
338,26,"2",4,"Negative/Social"
338,27,"2",NA,"Negative/Social"
338,28,"2",5,"Negative/Social"
338,29,"2",NA,"Negative/Social"
338,31,"2",NA,"Negative/Social"
338,32,"2",2,"Negative/Social"
338,33,"2",NA,"Negative/Social"
338,35,"2",NA,"Negative/Social"
338,36,"2",3,"Negative/Social"
338,38,"2",10,"Negative/Social"
338,39,"2",NA,"Negative/Social"
338,40,"2",3,"Negative/Social"
338,41,"2",7,"Negative/Social"
338,42,"2",2,"Negative/Social"
338,43,"2",1,"Negative/Social"
339,1,"2",5,"Negative/Non-Social"
339,2,"2",NA,"Negative/Non-Social"
339,3,"2",NA,"Negative/Non-Social"
339,4,"2",NA,"Negative/Non-Social"
339,5,"2",NA,"Negative/Non-Social"
339,6,"2",NA,"Negative/Non-Social"
339,7,"2",NA,"Negative/Non-Social"
339,8,"2",NA,"Negative/Non-Social"
339,9,"2",2,"Negative/Non-Social"
339,10,"2",NA,"Negative/Non-Social"
339,11,"2",NA,"Negative/Non-Social"
339,12,"2",NA,"Negative/Non-Social"
339,13,"2",NA,"Negative/Non-Social"
339,14,"2",NA,"Negative/Non-Social"
339,15,"2",NA,"Negative/Non-Social"
339,16,"2",NA,"Negative/Non-Social"
339,17,"2",NA,"Negative/Non-Social"
339,18,"2",5,"Negative/Non-Social"
339,19,"2",8,"Negative/Non-Social"
339,21,"2",NA,"Negative/Non-Social"
339,22,"2",NA,"Negative/Non-Social"
339,23,"2",NA,"Negative/Non-Social"
339,24,"2",7,"Negative/Non-Social"
339,25,"2",1,"Negative/Non-Social"
339,26,"2",NA,"Negative/Non-Social"
339,27,"2",NA,"Negative/Non-Social"
339,28,"2",NA,"Negative/Non-Social"
339,29,"2",1,"Negative/Non-Social"
339,30,"2",NA,"Negative/Non-Social"
339,32,"2",NA,"Negative/Non-Social"
339,33,"2",5,"Negative/Non-Social"
339,34,"2",NA,"Negative/Non-Social"
339,35,"2",NA,"Negative/Non-Social"
339,36,"2",NA,"Negative/Non-Social"
339,37,"2",6,"Negative/Non-Social"
339,38,"2",NA,"Negative/Non-Social"
339,39,"2",1,"Negative/Non-Social"
339,40,"2",4,"Negative/Non-Social"
339,41,"2",NA,"Negative/Non-Social"
339,42,"2",NA,"Negative/Non-Social"
339,43,"2",NA,"Negative/Non-Social"
340,1,"2",5,"Negative/Non-Social"
340,2,"2",NA,"Negative/Non-Social"
340,3,"2",NA,"Negative/Non-Social"
340,4,"2",NA,"Negative/Non-Social"
340,5,"2",1,"Negative/Non-Social"
340,6,"2",NA,"Negative/Non-Social"
340,7,"2",NA,"Negative/Non-Social"
340,8,"2",NA,"Negative/Non-Social"
340,9,"2",NA,"Negative/Non-Social"
340,10,"2",NA,"Negative/Non-Social"
340,11,"2",NA,"Negative/Non-Social"
340,12,"2",NA,"Negative/Non-Social"
340,13,"2",NA,"Negative/Non-Social"
340,14,"2",NA,"Negative/Non-Social"
340,15,"2",NA,"Negative/Non-Social"
340,16,"2",NA,"Negative/Non-Social"
340,17,"2",NA,"Negative/Non-Social"
340,18,"2",NA,"Negative/Non-Social"
340,19,"2",NA,"Negative/Non-Social"
340,20,"2",NA,"Negative/Non-Social"
340,21,"2",NA,"Negative/Non-Social"
340,22,"2",NA,"Negative/Non-Social"
340,23,"2",NA,"Negative/Non-Social"
340,24,"2",NA,"Negative/Non-Social"
340,25,"2",2,"Negative/Non-Social"
340,26,"2",NA,"Negative/Non-Social"
340,27,"2",NA,"Negative/Non-Social"
340,28,"2",NA,"Negative/Non-Social"
340,29,"2",1,"Negative/Non-Social"
340,30,"2",NA,"Negative/Non-Social"
340,31,"2",5,"Negative/Non-Social"
340,32,"2",NA,"Negative/Non-Social"
340,33,"2",1,"Negative/Non-Social"
340,34,"2",NA,"Negative/Non-Social"
340,35,"2",NA,"Negative/Non-Social"
340,36,"2",1,"Negative/Non-Social"
340,37,"2",NA,"Negative/Non-Social"
340,38,"2",NA,"Negative/Non-Social"
340,39,"2",NA,"Negative/Non-Social"
340,40,"2",NA,"Negative/Non-Social"
340,41,"2",NA,"Negative/Non-Social"
340,42,"2",NA,"Negative/Non-Social"
340,43,"2",NA,"Negative/Non-Social"
340,43,"2",NA,"Negative/Non-Social"
341,1,"2",4,"Negative/Non-Social"
341,2,"2",NA,"Negative/Non-Social"
341,3,"2",NA,"Negative/Non-Social"
341,5,"2",NA,"Negative/Non-Social"
341,5,"2",NA,"Negative/Non-Social"
341,6,"2",NA,"Negative/Non-Social"
341,7,"2",NA,"Negative/Non-Social"
341,8,"2",NA,"Negative/Non-Social"
341,9,"2",NA,"Negative/Non-Social"
341,10,"2",NA,"Negative/Non-Social"
341,11,"2",1,"Negative/Non-Social"
341,13,"2",NA,"Negative/Non-Social"
341,14,"2",1,"Negative/Non-Social"
341,15,"2",NA,"Negative/Non-Social"
341,16,"2",NA,"Negative/Non-Social"
341,18,"2",6,"Negative/Non-Social"
341,19,"2",NA,"Negative/Non-Social"
341,20,"2",NA,"Negative/Non-Social"
341,21,"2",NA,"Negative/Non-Social"
341,22,"2",NA,"Negative/Non-Social"
341,23,"2",NA,"Negative/Non-Social"
341,24,"2",NA,"Negative/Non-Social"
341,26,"2",NA,"Negative/Non-Social"
341,27,"2",NA,"Negative/Non-Social"
341,28,"2",NA,"Negative/Non-Social"
341,29,"2",1,"Negative/Non-Social"
341,30,"2",NA,"Negative/Non-Social"
341,31,"2",NA,"Negative/Non-Social"
341,31,"2",NA,"Negative/Non-Social"
341,32,"2",6,"Negative/Non-Social"
341,33,"2",NA,"Negative/Non-Social"
341,34,"2",1,"Negative/Non-Social"
341,35,"2",NA,"Negative/Non-Social"
341,37,"2",NA,"Negative/Non-Social"
341,38,"2",2,"Negative/Non-Social"
341,39,"2",7,"Negative/Non-Social"
341,40,"2",2,"Negative/Non-Social"
341,41,"2",1,"Negative/Non-Social"
341,42,"2",NA,"Negative/Non-Social"
341,43,"2",NA,"Negative/Non-Social"
342,1,"2",1,"Negative/Non-Social"
342,2,"2",NA,"Negative/Non-Social"
342,3,"2",NA,"Negative/Non-Social"
342,4,"2",4,"Negative/Non-Social"
342,5,"2",4,"Negative/Non-Social"
342,6,"2",NA,"Negative/Non-Social"
342,7,"2",NA,"Negative/Non-Social"
342,8,"2",NA,"Negative/Non-Social"
342,9,"2",NA,"Negative/Non-Social"
342,10,"2",NA,"Negative/Non-Social"
342,11,"2",NA,"Negative/Non-Social"
342,12,"2",NA,"Negative/Non-Social"
342,12,"2",NA,"Negative/Non-Social"
342,13,"2",NA,"Negative/Non-Social"
342,14,"2",NA,"Negative/Non-Social"
342,15,"2",NA,"Negative/Non-Social"
342,16,"2",NA,"Negative/Non-Social"
342,17,"2",NA,"Negative/Non-Social"
342,18,"2",8,"Negative/Non-Social"
342,19,"2",1,"Negative/Non-Social"
342,20,"2",3,"Negative/Non-Social"
342,21,"2",NA,"Negative/Non-Social"
342,22,"2",NA,"Negative/Non-Social"
342,23,"2",NA,"Negative/Non-Social"
342,24,"2",NA,"Negative/Non-Social"
342,25,"2",6,"Negative/Non-Social"
342,26,"2",NA,"Negative/Non-Social"
342,27,"2",NA,"Negative/Non-Social"
342,28,"2",NA,"Negative/Non-Social"
342,29,"2",NA,"Negative/Non-Social"
342,30,"2",NA,"Negative/Non-Social"
342,31,"2",NA,"Negative/Non-Social"
342,32,"2",NA,"Negative/Non-Social"
342,33,"2",8,"Negative/Non-Social"
342,34,"2",NA,"Negative/Non-Social"
342,35,"2",NA,"Negative/Non-Social"
342,36,"2",NA,"Negative/Non-Social"
342,37,"2",NA,"Negative/Non-Social"
342,38,"2",2,"Negative/Non-Social"
342,39,"2",2,"Negative/Non-Social"
342,40,"2",3,"Negative/Non-Social"
342,41,"2",NA,"Negative/Non-Social"
342,42,"2",NA,"Negative/Non-Social"
342,43,"2",NA,"Negative/Non-Social"
343,NA,"2",NA,"Positive/Social"
344,1,"2",NA,"Positive/Social"
344,2,"2",NA,"Positive/Social"
344,4,"2",NA,"Positive/Social"
344,5,"2",2,"Positive/Social"
344,6,"2",NA,"Positive/Social"
345,1,"2",NA,"Positive/Social"
345,2,"2",NA,"Positive/Social"
345,3,"2",NA,"Positive/Social"
345,4,"2",NA,"Positive/Social"
345,5,"2",4,"Positive/Social"
345,6,"2",NA,"Positive/Social"
345,7,"2",NA,"Positive/Social"
345,8,"2",NA,"Positive/Social"
345,9,"2",NA,"Positive/Social"
345,10,"2",NA,"Positive/Social"
345,11,"2",NA,"Positive/Social"
345,12,"2",NA,"Positive/Social"
345,12,"2",NA,"Positive/Social"
345,13,"2",NA,"Positive/Social"
345,14,"2",NA,"Positive/Social"
345,15,"2",NA,"Positive/Social"
345,17,"2",1,"Positive/Social"
345,18,"2",3,"Positive/Social"
345,19,"2",3,"Positive/Social"
345,20,"2",2,"Positive/Social"
345,21,"2",NA,"Positive/Social"
345,22,"2",NA,"Positive/Social"
345,23,"2",NA,"Positive/Social"
345,24,"2",NA,"Positive/Social"
345,25,"2",4,"Positive/Social"
345,26,"2",NA,"Positive/Social"
345,28,"2",NA,"Positive/Social"
345,29,"2",NA,"Positive/Social"
345,30,"2",NA,"Positive/Social"
345,30,"2",NA,"Positive/Social"
345,31,"2",NA,"Positive/Social"
345,32,"2",NA,"Positive/Social"
345,33,"2",6,"Positive/Social"
345,34,"2",NA,"Positive/Social"
345,35,"2",NA,"Positive/Social"
345,36,"2",6,"Positive/Social"
345,37,"2",3,"Positive/Social"
345,38,"2",NA,"Positive/Social"
345,39,"2",9,"Positive/Social"
345,40,"2",10,"Positive/Social"
345,41,"2",NA,"Positive/Social"
345,42,"2",3,"Positive/Social"
345,43,"2",6,"Positive/Social"
346,1,"2",1,"Positive/Social"
346,3,"2",6,"Positive/Social"
346,5,"2",10,"Positive/Social"
346,7,"2",NA,"Positive/Social"
346,8,"2",NA,"Positive/Social"
346,12,"2",5,"Positive/Social"
346,13,"2",NA,"Positive/Social"
346,14,"2",NA,"Positive/Social"
346,18,"2",NA,"Positive/Social"
346,19,"2",1,"Positive/Social"
346,20,"2",NA,"Positive/Social"
346,22,"2",NA,"Positive/Social"
346,24,"2",NA,"Positive/Social"
346,26,"2",NA,"Positive/Social"
346,28,"2",NA,"Positive/Social"
346,29,"2",4,"Positive/Social"
346,32,"2",15,"Positive/Social"
346,34,"2",NA,"Positive/Social"
346,35,"2",5,"Positive/Social"
346,42,"2",8,"Positive/Social"
347,1,"2",NA,"Positive/Social"
347,7,"2",NA,"Positive/Social"
347,18,"2",2,"Positive/Social"
347,21,"2",NA,"Positive/Social"
347,22,"2",NA,"Positive/Social"
347,24,"2",NA,"Positive/Social"
347,28,"2",NA,"Positive/Social"
347,30,"2",1,"Positive/Social"
347,35,"2",NA,"Positive/Social"
347,38,"2",9,"Positive/Social"
347,41,"2",NA,"Positive/Social"
347,42,"2",NA,"Positive/Social"
347,43,"2",NA,"Positive/Social"
348,NA,"2",NA,"Positive/Social"
349,1,"2",NA,"Positive/Non-Social"
349,2,"2",NA,"Positive/Non-Social"
349,3,"2",NA,"Positive/Non-Social"
349,4,"2",NA,"Positive/Non-Social"
349,5,"2",8,"Positive/Non-Social"
349,6,"2",3,"Positive/Non-Social"
349,7,"2",NA,"Positive/Non-Social"
349,8,"2",NA,"Positive/Non-Social"
349,9,"2",NA,"Positive/Non-Social"
349,10,"2",NA,"Positive/Non-Social"
349,11,"2",6,"Positive/Non-Social"
349,12,"2",NA,"Positive/Non-Social"
349,14,"2",NA,"Positive/Non-Social"
349,15,"2",NA,"Positive/Non-Social"
349,16,"2",NA,"Positive/Non-Social"
349,17,"2",NA,"Positive/Non-Social"
349,18,"2",NA,"Positive/Non-Social"
349,19,"2",NA,"Positive/Non-Social"
349,20,"2",3,"Positive/Non-Social"
349,21,"2",NA,"Positive/Non-Social"
349,22,"2",NA,"Positive/Non-Social"
349,23,"2",2,"Positive/Non-Social"
349,24,"2",NA,"Positive/Non-Social"
349,25,"2",5,"Positive/Non-Social"
349,26,"2",NA,"Positive/Non-Social"
349,27,"2",NA,"Positive/Non-Social"
349,28,"2",NA,"Positive/Non-Social"
349,29,"2",NA,"Positive/Non-Social"
349,30,"2",6,"Positive/Non-Social"
349,31,"2",NA,"Positive/Non-Social"
349,32,"2",NA,"Positive/Non-Social"
349,33,"2",4,"Positive/Non-Social"
349,34,"2",NA,"Positive/Non-Social"
349,35,"2",NA,"Positive/Non-Social"
349,36,"2",NA,"Positive/Non-Social"
349,37,"2",NA,"Positive/Non-Social"
349,38,"2",5,"Positive/Non-Social"
349,39,"2",NA,"Positive/Non-Social"
349,40,"2",6,"Positive/Non-Social"
349,41,"2",NA,"Positive/Non-Social"
349,42,"2",NA,"Positive/Non-Social"
349,43,"2",NA,"Positive/Non-Social"
350,1,"2",5,"Positive/Non-Social"
350,2,"2",NA,"Positive/Non-Social"
350,3,"2",NA,"Positive/Non-Social"
350,4,"2",NA,"Positive/Non-Social"
350,5,"2",1,"Positive/Non-Social"
350,6,"2",NA,"Positive/Non-Social"
350,7,"2",NA,"Positive/Non-Social"
350,8,"2",NA,"Positive/Non-Social"
350,9,"2",NA,"Positive/Non-Social"
350,10,"2",NA,"Positive/Non-Social"
350,11,"2",1,"Positive/Non-Social"
350,12,"2",6,"Positive/Non-Social"
350,13,"2",NA,"Positive/Non-Social"
350,14,"2",NA,"Positive/Non-Social"
350,15,"2",NA,"Positive/Non-Social"
350,16,"2",NA,"Positive/Non-Social"
350,17,"2",NA,"Positive/Non-Social"
350,18,"2",2,"Positive/Non-Social"
350,19,"2",3,"Positive/Non-Social"
350,20,"2",2,"Positive/Non-Social"
350,21,"2",NA,"Positive/Non-Social"
350,22,"2",NA,"Positive/Non-Social"
350,23,"2",2,"Positive/Non-Social"
350,24,"2",2,"Positive/Non-Social"
350,25,"2",1,"Positive/Non-Social"
350,26,"2",5,"Positive/Non-Social"
350,28,"2",NA,"Positive/Non-Social"
350,29,"2",NA,"Positive/Non-Social"
350,30,"2",6,"Positive/Non-Social"
350,31,"2",NA,"Positive/Non-Social"
350,32,"2",1,"Positive/Non-Social"
350,33,"2",6,"Positive/Non-Social"
350,34,"2",NA,"Positive/Non-Social"
350,35,"2",1,"Positive/Non-Social"
350,37,"2",NA,"Positive/Non-Social"
350,38,"2",NA,"Positive/Non-Social"
350,39,"2",2,"Positive/Non-Social"
350,40,"2",3,"Positive/Non-Social"
350,41,"2",1,"Positive/Non-Social"
350,42,"2",NA,"Positive/Non-Social"
350,43,"2",NA,"Positive/Non-Social"
351,1,"2",NA,"Positive/Non-Social"
351,2,"2",2,"Positive/Non-Social"
351,3,"2",NA,"Positive/Non-Social"
351,4,"2",3,"Positive/Non-Social"
351,5,"2",NA,"Positive/Non-Social"
351,6,"2",NA,"Positive/Non-Social"
351,7,"2",1,"Positive/Non-Social"
351,8,"2",NA,"Positive/Non-Social"
351,9,"2",NA,"Positive/Non-Social"
351,10,"2",NA,"Positive/Non-Social"
351,11,"2",NA,"Positive/Non-Social"
351,12,"2",NA,"Positive/Non-Social"
351,13,"2",NA,"Positive/Non-Social"
351,14,"2",NA,"Positive/Non-Social"
351,15,"2",NA,"Positive/Non-Social"
351,16,"2",NA,"Positive/Non-Social"
351,17,"2",NA,"Positive/Non-Social"
351,18,"2",NA,"Positive/Non-Social"
351,19,"2",2,"Positive/Non-Social"
351,20,"2",1,"Positive/Non-Social"
351,21,"2",NA,"Positive/Non-Social"
351,22,"2",NA,"Positive/Non-Social"
351,23,"2",NA,"Positive/Non-Social"
351,24,"2",NA,"Positive/Non-Social"
351,25,"2",NA,"Positive/Non-Social"
351,26,"2",NA,"Positive/Non-Social"
351,27,"2",NA,"Positive/Non-Social"
351,28,"2",NA,"Positive/Non-Social"
351,29,"2",1,"Positive/Non-Social"
351,29,"2",1,"Positive/Non-Social"
351,30,"2",NA,"Positive/Non-Social"
351,31,"2",NA,"Positive/Non-Social"
351,32,"2",NA,"Positive/Non-Social"
351,33,"2",NA,"Positive/Non-Social"
351,34,"2",10,"Positive/Non-Social"
351,35,"2",NA,"Positive/Non-Social"
351,36,"2",NA,"Positive/Non-Social"
351,37,"2",2,"Positive/Non-Social"
351,38,"2",1,"Positive/Non-Social"
351,39,"2",NA,"Positive/Non-Social"
351,40,"2",9,"Positive/Non-Social"
351,41,"2",NA,"Positive/Non-Social"
351,42,"2",NA,"Positive/Non-Social"
351,43,"2",NA,"Positive/Non-Social"
352,1,"2",4,"Positive/Non-Social"
352,2,"2",NA,"Positive/Non-Social"
352,3,"2",NA,"Positive/Non-Social"
352,4,"2",8,"Positive/Non-Social"
352,5,"2",NA,"Positive/Non-Social"
352,6,"2",NA,"Positive/Non-Social"
352,7,"2",NA,"Positive/Non-Social"
352,8,"2",NA,"Positive/Non-Social"
352,9,"2",NA,"Positive/Non-Social"
352,10,"2",NA,"Positive/Non-Social"
352,11,"2",NA,"Positive/Non-Social"
352,12,"2",NA,"Positive/Non-Social"
352,13,"2",NA,"Positive/Non-Social"
352,14,"2",NA,"Positive/Non-Social"
352,15,"2",NA,"Positive/Non-Social"
352,16,"2",NA,"Positive/Non-Social"
352,17,"2",7,"Positive/Non-Social"
352,18,"2",NA,"Positive/Non-Social"
352,19,"2",NA,"Positive/Non-Social"
352,20,"2",NA,"Positive/Non-Social"
352,21,"2",NA,"Positive/Non-Social"
352,22,"2",NA,"Positive/Non-Social"
352,23,"2",NA,"Positive/Non-Social"
352,24,"2",NA,"Positive/Non-Social"
352,25,"2",3,"Positive/Non-Social"
352,26,"2",NA,"Positive/Non-Social"
352,27,"2",2,"Positive/Non-Social"
352,28,"2",NA,"Positive/Non-Social"
352,29,"2",NA,"Positive/Non-Social"
352,30,"2",NA,"Positive/Non-Social"
352,31,"2",NA,"Positive/Non-Social"
352,32,"2",7,"Positive/Non-Social"
352,34,"2",NA,"Positive/Non-Social"
352,35,"2",NA,"Positive/Non-Social"
352,36,"2",NA,"Positive/Non-Social"
352,37,"2",NA,"Positive/Non-Social"
352,39,"2",NA,"Positive/Non-Social"
352,40,"2",NA,"Positive/Non-Social"
352,41,"2",NA,"Positive/Non-Social"
352,42,"2",NA,"Positive/Non-Social"
352,43,"2",NA,"Positive/Non-Social"
352,43,"2",NA,"Positive/Non-Social"
353,1,"2",NA,"Negative/Social"
353,2,"2",NA,"Negative/Social"
353,3,"2",NA,"Negative/Social"
353,4,"2",9,"Negative/Social"
353,5,"2",1,"Negative/Social"
353,6,"2",NA,"Negative/Social"
353,7,"2",NA,"Negative/Social"
353,8,"2",NA,"Negative/Social"
353,8,"2",NA,"Negative/Social"
353,9,"2",NA,"Negative/Social"
353,10,"2",NA,"Negative/Social"
353,11,"2",4,"Negative/Social"
353,12,"2",1,"Negative/Social"
353,13,"2",NA,"Negative/Social"
353,14,"2",NA,"Negative/Social"
353,15,"2",NA,"Negative/Social"
353,16,"2",NA,"Negative/Social"
353,17,"2",NA,"Negative/Social"
353,18,"2",NA,"Negative/Social"
353,19,"2",5,"Negative/Social"
353,20,"2",NA,"Negative/Social"
353,21,"2",4,"Negative/Social"
353,22,"2",NA,"Negative/Social"
353,23,"2",NA,"Negative/Social"
353,24,"2",1,"Negative/Social"
353,25,"2",2,"Negative/Social"
353,28,"2",2,"Negative/Social"
353,29,"2",3,"Negative/Social"
353,30,"2",NA,"Negative/Social"
353,31,"2",4,"Negative/Social"
353,32,"2",NA,"Negative/Social"
353,33,"2",NA,"Negative/Social"
353,34,"2",NA,"Negative/Social"
353,35,"2",NA,"Negative/Social"
353,36,"2",NA,"Negative/Social"
353,37,"2",3,"Negative/Social"
353,38,"2",NA,"Negative/Social"
353,39,"2",NA,"Negative/Social"
353,40,"2",NA,"Negative/Social"
353,41,"2",NA,"Negative/Social"
353,42,"2",1,"Negative/Social"
353,43,"2",1,"Negative/Social"
354,1,"2",NA,"Negative/Social"
354,2,"2",NA,"Negative/Social"
354,3,"2",NA,"Negative/Social"
354,4,"2",4,"Negative/Social"
354,5,"2",NA,"Negative/Social"
354,6,"2",NA,"Negative/Social"
354,9,"2",NA,"Negative/Social"
354,11,"2",9,"Negative/Social"
354,15,"2",NA,"Negative/Social"
354,17,"2",2,"Negative/Social"
354,18,"2",NA,"Negative/Social"
354,20,"2",NA,"Negative/Social"
354,22,"2",5,"Negative/Social"
354,27,"2",NA,"Negative/Social"
354,28,"2",NA,"Negative/Social"
354,29,"2",NA,"Negative/Social"
354,31,"2",6,"Negative/Social"
354,33,"2",8,"Negative/Social"
354,34,"2",NA,"Negative/Social"
354,35,"2",4,"Negative/Social"
354,37,"2",NA,"Negative/Social"
354,39,"2",NA,"Negative/Social"
354,41,"2",NA,"Negative/Social"
354,42,"2",2,"Negative/Social"
354,43,"2",NA,"Negative/Social"
355,NA,"1",NA,"Negative/Social"
356,1,"1",NA,"Negative/Social"
356,2,"1",NA,"Negative/Social"
356,3,"1",NA,"Negative/Social"
356,4,"1",NA,"Negative/Social"
356,5,"1",NA,"Negative/Social"
356,6,"1",NA,"Negative/Social"
356,7,"1",NA,"Negative/Social"
356,8,"1",NA,"Negative/Social"
356,9,"1",NA,"Negative/Social"
356,10,"1",NA,"Negative/Social"
356,11,"1",10,"Negative/Social"
356,13,"1",NA,"Negative/Social"
356,14,"1",NA,"Negative/Social"
356,15,"1",NA,"Negative/Social"
356,16,"1",NA,"Negative/Social"
356,17,"1",3,"Negative/Social"
356,18,"1",NA,"Negative/Social"
356,20,"1",NA,"Negative/Social"
356,22,"1",3,"Negative/Social"
356,23,"1",1,"Negative/Social"
356,24,"1",NA,"Negative/Social"
356,25,"1",1,"Negative/Social"
356,26,"1",6,"Negative/Social"
356,28,"1",NA,"Negative/Social"
356,29,"1",1,"Negative/Social"
356,30,"1",NA,"Negative/Social"
356,31,"1",NA,"Negative/Social"
356,32,"1",2,"Negative/Social"
356,33,"1",NA,"Negative/Social"
356,35,"1",NA,"Negative/Social"
356,36,"1",NA,"Negative/Social"
356,37,"1",3,"Negative/Social"
356,38,"1",NA,"Negative/Social"
356,39,"1",NA,"Negative/Social"
356,40,"1",8,"Negative/Social"
356,42,"1",1,"Negative/Social"
356,43,"1",1,"Negative/Social"
359,1,"2",NA,"Negative/Social"
359,2,"2",1,"Negative/Social"
359,3,"2",NA,"Negative/Social"
359,4,"2",2,"Negative/Social"
359,5,"2",NA,"Negative/Social"
359,6,"2",3,"Negative/Social"
359,7,"2",NA,"Negative/Social"
359,8,"2",NA,"Negative/Social"
359,9,"2",6,"Negative/Social"
359,10,"2",NA,"Negative/Social"
359,13,"2",1,"Negative/Social"
359,14,"2",6,"Negative/Social"
359,15,"2",NA,"Negative/Social"
359,16,"2",NA,"Negative/Social"
359,17,"2",NA,"Negative/Social"
359,19,"2",1,"Negative/Social"
359,21,"2",4,"Negative/Social"
359,23,"2",NA,"Negative/Social"
359,25,"2",3,"Negative/Social"
359,26,"2",4,"Negative/Social"
359,29,"2",1,"Negative/Social"
359,30,"2",1,"Negative/Social"
359,31,"2",1,"Negative/Social"
359,33,"2",5,"Negative/Social"
359,34,"2",6,"Negative/Social"
359,35,"2",NA,"Negative/Social"
359,36,"2",NA,"Negative/Social"
359,37,"2",1,"Negative/Social"
359,38,"2",NA,"Negative/Social"
359,40,"2",6,"Negative/Social"
359,41,"2",0,"Negative/Social"
359,42,"2",NA,"Negative/Social"
359,43,"2",NA,"Negative/Social"
360,1,"1",NA,"Negative/Non-Social"
360,2,"1",NA,"Negative/Non-Social"
360,3,"1",NA,"Negative/Non-Social"
360,4,"1",15,"Negative/Non-Social"
360,5,"1",NA,"Negative/Non-Social"
360,6,"1",2,"Negative/Non-Social"
360,7,"1",NA,"Negative/Non-Social"
360,8,"1",NA,"Negative/Non-Social"
360,9,"1",NA,"Negative/Non-Social"
360,10,"1",NA,"Negative/Non-Social"
360,11,"1",2,"Negative/Non-Social"
360,12,"1",2,"Negative/Non-Social"
360,13,"1",NA,"Negative/Non-Social"
360,14,"1",NA,"Negative/Non-Social"
360,15,"1",NA,"Negative/Non-Social"
360,16,"1",NA,"Negative/Non-Social"
360,17,"1",NA,"Negative/Non-Social"
360,18,"1",15,"Negative/Non-Social"
360,19,"1",10,"Negative/Non-Social"
360,20,"1",5,"Negative/Non-Social"
360,21,"1",NA,"Negative/Non-Social"
360,22,"1",2,"Negative/Non-Social"
360,23,"1",NA,"Negative/Non-Social"
360,24,"1",NA,"Negative/Non-Social"
360,25,"1",NA,"Negative/Non-Social"
360,26,"1",NA,"Negative/Non-Social"
360,27,"1",1,"Negative/Non-Social"
360,28,"1",NA,"Negative/Non-Social"
360,29,"1",NA,"Negative/Non-Social"
360,30,"1",NA,"Negative/Non-Social"
360,31,"1",NA,"Negative/Non-Social"
360,32,"1",NA,"Negative/Non-Social"
360,33,"1",1,"Negative/Non-Social"
360,34,"1",NA,"Negative/Non-Social"
360,35,"1",NA,"Negative/Non-Social"
360,36,"1",NA,"Negative/Non-Social"
360,37,"1",NA,"Negative/Non-Social"
360,39,"1",NA,"Negative/Non-Social"
360,40,"1",NA,"Negative/Non-Social"
360,41,"1",NA,"Negative/Non-Social"
360,42,"1",NA,"Negative/Non-Social"
360,43,"1",NA,"Negative/Non-Social"
364,1,"1",NA,"Negative/Non-Social"
364,2,"1",NA,"Negative/Non-Social"
364,3,"1",NA,"Negative/Non-Social"
364,4,"1",2,"Negative/Non-Social"
364,5,"1",10,"Negative/Non-Social"
364,6,"1",NA,"Negative/Non-Social"
364,7,"1",NA,"Negative/Non-Social"
364,8,"1",NA,"Negative/Non-Social"
364,9,"1",NA,"Negative/Non-Social"
364,10,"1",NA,"Negative/Non-Social"
364,11,"1",NA,"Negative/Non-Social"
364,12,"1",4,"Negative/Non-Social"
364,13,"1",NA,"Negative/Non-Social"
364,14,"1",NA,"Negative/Non-Social"
364,15,"1",NA,"Negative/Non-Social"
364,16,"1",NA,"Negative/Non-Social"
364,17,"1",NA,"Negative/Non-Social"
364,18,"1",14,"Negative/Non-Social"
364,19,"1",19,"Negative/Non-Social"
364,20,"1",3,"Negative/Non-Social"
364,21,"1",3,"Negative/Non-Social"
364,22,"1",2,"Negative/Non-Social"
364,23,"1",NA,"Negative/Non-Social"
364,24,"1",NA,"Negative/Non-Social"
364,25,"1",NA,"Negative/Non-Social"
364,26,"1",13,"Negative/Non-Social"
364,28,"1",NA,"Negative/Non-Social"
364,29,"1",NA,"Negative/Non-Social"
364,30,"1",NA,"Negative/Non-Social"
364,31,"1",NA,"Negative/Non-Social"
364,32,"1",NA,"Negative/Non-Social"
364,33,"1",2,"Negative/Non-Social"
364,34,"1",NA,"Negative/Non-Social"
364,35,"1",NA,"Negative/Non-Social"
364,36,"1",NA,"Negative/Non-Social"
364,38,"1",NA,"Negative/Non-Social"
364,39,"1",NA,"Negative/Non-Social"
364,40,"1",NA,"Negative/Non-Social"
364,41,"1",1,"Negative/Non-Social"
364,42,"1",NA,"Negative/Non-Social"
364,43,"1",NA,"Negative/Non-Social"
365,1,"2",NA,"Positive/Social"
365,2,"2",NA,"Positive/Social"
365,3,"2",NA,"Positive/Social"
365,4,"2",2,"Positive/Social"
365,6,"2",NA,"Positive/Social"
365,7,"2",NA,"Positive/Social"
365,7,"2",NA,"Positive/Social"
365,8,"2",NA,"Positive/Social"
365,8,"2",NA,"Positive/Social"
365,9,"2",NA,"Positive/Social"
365,9,"2",4,"Positive/Social"
365,10,"2",NA,"Positive/Social"
365,10,"2",5,"Positive/Social"
365,11,"2",3,"Positive/Social"
365,11,"2",7,"Positive/Social"
365,12,"2",NA,"Positive/Social"
365,12,"2",NA,"Positive/Social"
365,13,"2",NA,"Positive/Social"
365,14,"2",NA,"Positive/Social"
365,14,"2",NA,"Positive/Social"
365,15,"2",4,"Positive/Social"
365,15,"2",NA,"Positive/Social"
365,16,"2",NA,"Positive/Social"
365,17,"2",NA,"Positive/Social"
365,18,"2",NA,"Positive/Social"
365,18,"2",8,"Positive/Social"
365,19,"2",NA,"Positive/Social"
365,19,"2",3,"Positive/Social"
365,20,"2",NA,"Positive/Social"
365,20,"2",2,"Positive/Social"
365,20,"2",3,"Positive/Social"
365,21,"2",NA,"Positive/Social"
365,21,"2",5,"Positive/Social"
365,22,"2",NA,"Positive/Social"
365,22,"2",1,"Positive/Social"
365,23,"2",NA,"Positive/Social"
365,24,"2",NA,"Positive/Social"
365,24,"2",3,"Positive/Social"
365,25,"2",NA,"Positive/Social"
365,26,"2",4,"Positive/Social"
365,26,"2",NA,"Positive/Social"
365,27,"2",NA,"Positive/Social"
365,27,"2",3,"Positive/Social"
365,28,"2",NA,"Positive/Social"
365,28,"2",NA,"Positive/Social"
365,29,"2",NA,"Positive/Social"
365,29,"2",NA,"Positive/Social"
365,30,"2",NA,"Positive/Social"
365,31,"2",NA,"Positive/Social"
365,31,"2",NA,"Positive/Social"
365,32,"2",NA,"Positive/Social"
365,32,"2",1,"Positive/Social"
365,33,"2",NA,"Positive/Social"
365,34,"2",NA,"Positive/Social"
365,35,"2",NA,"Positive/Social"
365,36,"2",NA,"Positive/Social"
365,37,"2",NA,"Positive/Social"
365,38,"2",NA,"Positive/Social"
365,39,"2",1,"Positive/Social"
365,40,"2",5,"Positive/Social"
365,40,"2",NA,"Positive/Social"
365,41,"2",NA,"Positive/Social"
365,41,"2",NA,"Positive/Social"
365,42,"2",NA,"Positive/Social"
365,42,"2",NA,"Positive/Social"
365,43,"2",NA,"Positive/Social"
366,1,"2",NA,"Positive/Social"
366,2,"2",NA,"Positive/Social"
366,3,"2",NA,"Positive/Social"
366,4,"2",1,"Positive/Social"
366,5,"2",NA,"Positive/Social"
366,6,"2",NA,"Positive/Social"
366,7,"2",NA,"Positive/Social"
366,8,"2",NA,"Positive/Social"
366,9,"2",NA,"Positive/Social"
366,10,"2",NA,"Positive/Social"
366,11,"2",NA,"Positive/Social"
366,12,"2",NA,"Positive/Social"
366,13,"2",NA,"Positive/Social"
366,14,"2",NA,"Positive/Social"
366,15,"2",NA,"Positive/Social"
366,16,"2",NA,"Positive/Social"
366,17,"2",NA,"Positive/Social"
366,18,"2",NA,"Positive/Social"
366,19,"2",NA,"Positive/Social"
366,20,"2",NA,"Positive/Social"
366,21,"2",NA,"Positive/Social"
366,22,"2",NA,"Positive/Social"
366,23,"2",NA,"Positive/Social"
366,24,"2",NA,"Positive/Social"
366,25,"2",NA,"Positive/Social"
366,26,"2",NA,"Positive/Social"
366,27,"2",NA,"Positive/Social"
366,28,"2",NA,"Positive/Social"
366,29,"2",NA,"Positive/Social"
366,30,"2",NA,"Positive/Social"
366,31,"2",NA,"Positive/Social"
366,32,"2",NA,"Positive/Social"
366,33,"2",NA,"Positive/Social"
366,35,"2",NA,"Positive/Social"
366,36,"2",NA,"Positive/Social"
366,37,"2",NA,"Positive/Social"
366,38,"2",NA,"Positive/Social"
366,39,"2",NA,"Positive/Social"
366,40,"2",NA,"Positive/Social"
366,41,"2",NA,"Positive/Social"
366,42,"2",NA,"Positive/Social"
366,43,"2",NA,"Positive/Social"
367,1,"2",NA,"Positive/Social"
367,2,"2",NA,"Positive/Social"
367,3,"2",NA,"Positive/Social"
367,4,"2",2,"Positive/Social"
367,5,"2",6,"Positive/Social"
367,6,"2",NA,"Positive/Social"
367,7,"2",NA,"Positive/Social"
367,8,"2",NA,"Positive/Social"
367,9,"2",NA,"Positive/Social"
367,10,"2",NA,"Positive/Social"
367,11,"2",1,"Positive/Social"
367,12,"2",4,"Positive/Social"
367,13,"2",NA,"Positive/Social"
367,14,"2",NA,"Positive/Social"
367,15,"2",NA,"Positive/Social"
367,16,"2",NA,"Positive/Social"
367,17,"2",NA,"Positive/Social"
367,18,"2",2,"Positive/Social"
367,19,"2",4,"Positive/Social"
367,20,"2",2,"Positive/Social"
367,21,"2",NA,"Positive/Social"
367,22,"2",NA,"Positive/Social"
367,23,"2",NA,"Positive/Social"
367,24,"2",NA,"Positive/Social"
367,25,"2",1,"Positive/Social"
367,26,"2",NA,"Positive/Social"
367,27,"2",NA,"Positive/Social"
367,28,"2",NA,"Positive/Social"
367,29,"2",NA,"Positive/Social"
367,32,"2",NA,"Positive/Social"
367,32,"2",NA,"Positive/Social"
367,32,"2",NA,"Positive/Social"
367,34,"2",NA,"Positive/Social"
367,37,"2",NA,"Positive/Social"
367,38,"2",NA,"Positive/Social"
367,39,"2",3,"Positive/Social"
367,40,"2",7,"Positive/Social"
367,40,"2",NA,"Positive/Social"
367,42,"2",NA,"Positive/Social"
367,43,"2",NA,"Positive/Social"
368,1,"2",NA,"Positive/Social"
368,2,"2",NA,"Positive/Social"
368,3,"2",NA,"Positive/Social"
368,4,"2",NA,"Positive/Social"
368,5,"2",4,"Positive/Social"
368,6,"2",NA,"Positive/Social"
368,7,"2",NA,"Positive/Social"
368,12,"2",4,"Positive/Social"
368,13,"2",NA,"Positive/Social"
368,28,"2",NA,"Positive/Social"
368,34,"2",NA,"Positive/Social"
368,39,"2",NA,"Positive/Social"
370,NA,"2",NA,"Positive/Social"
371,1,"2",NA,"Positive/Social"
371,5,"2",7,"Positive/Social"
371,6,"2",NA,"Positive/Social"
371,7,"2",NA,"Positive/Social"
371,8,"2",NA,"Positive/Social"
371,10,"2",NA,"Positive/Social"
371,11,"2",7,"Positive/Social"
371,13,"2",NA,"Positive/Social"
371,14,"2",NA,"Positive/Social"
371,15,"2",2,"Positive/Social"
371,17,"2",NA,"Positive/Social"
371,18,"2",7,"Positive/Social"
371,20,"2",1,"Positive/Social"
371,21,"2",NA,"Positive/Social"
371,23,"2",NA,"Positive/Social"
371,27,"2",NA,"Positive/Social"
371,27,"2",5,"Positive/Social"
371,29,"2",NA,"Positive/Social"
371,30,"2",NA,"Positive/Social"
371,32,"2",NA,"Positive/Social"
371,33,"2",NA,"Positive/Social"
371,34,"2",NA,"Positive/Social"
371,36,"2",NA,"Positive/Social"
371,38,"2",NA,"Positive/Social"
371,39,"2",6,"Positive/Social"
371,40,"2",5,"Positive/Social"
372,NA,"2",NA,"Positive/Social"
373,1,"2",NA,"Positive/Social"
373,2,"2",4,"Positive/Social"
373,3,"2",NA,"Positive/Social"
373,4,"2",NA,"Positive/Social"
373,5,"2",NA,"Positive/Social"
373,6,"2",NA,"Positive/Social"
373,7,"2",NA,"Positive/Social"
373,8,"2",NA,"Positive/Social"
373,9,"2",NA,"Positive/Social"
373,11,"2",NA,"Positive/Social"
373,12,"2",NA,"Positive/Social"
373,13,"2",NA,"Positive/Social"
373,14,"2",NA,"Positive/Social"
373,17,"2",NA,"Positive/Social"
373,19,"2",NA,"Positive/Social"
373,21,"2",NA,"Positive/Social"
373,23,"2",NA,"Positive/Social"
373,24,"2",NA,"Positive/Social"
373,25,"2",NA,"Positive/Social"
373,27,"2",NA,"Positive/Social"
373,28,"2",NA,"Positive/Social"
373,29,"2",NA,"Positive/Social"
373,30,"2",NA,"Positive/Social"
373,31,"2",NA,"Positive/Social"
373,32,"2",NA,"Positive/Social"
373,33,"2",7,"Positive/Social"
373,34,"2",NA,"Positive/Social"
373,35,"2",NA,"Positive/Social"
373,38,"2",NA,"Positive/Social"
373,39,"2",NA,"Positive/Social"
373,41,"2",NA,"Positive/Social"
373,42,"2",NA,"Positive/Social"
374,1,"2",NA,"Positive/Social"
374,2,"2",NA,"Positive/Social"
374,3,"2",NA,"Positive/Social"
374,5,"2",NA,"Positive/Social"
374,6,"2",NA,"Positive/Social"
374,7,"2",NA,"Positive/Social"
374,8,"2",NA,"Positive/Social"
374,9,"2",NA,"Positive/Social"
374,10,"2",NA,"Positive/Social"
374,12,"2",NA,"Positive/Social"
374,14,"2",NA,"Positive/Social"
374,15,"2",NA,"Positive/Social"
374,16,"2",NA,"Positive/Social"
374,17,"2",NA,"Positive/Social"
374,19,"2",NA,"Positive/Social"
374,21,"2",NA,"Positive/Social"
374,22,"2",NA,"Positive/Social"
374,26,"2",NA,"Positive/Social"
374,28,"2",NA,"Positive/Social"
374,34,"2",NA,"Positive/Social"
374,36,"2",NA,"Positive/Social"
374,37,"2",NA,"Positive/Social"
374,38,"2",NA,"Positive/Social"
375,NA,"2",NA,"Positive/Social"
376,1,"2",NA,"Positive/Non-Social"
376,2,"2",3,"Positive/Non-Social"
376,3,"2",2,"Positive/Non-Social"
376,4,"2",5,"Positive/Non-Social"
376,5,"2",10,"Positive/Non-Social"
376,6,"2",NA,"Positive/Non-Social"
376,7,"2",NA,"Positive/Non-Social"
376,8,"2",NA,"Positive/Non-Social"
376,9,"2",3,"Positive/Non-Social"
376,10,"2",NA,"Positive/Non-Social"
376,11,"2",2,"Positive/Non-Social"
376,12,"2",NA,"Positive/Non-Social"
376,13,"2",2,"Positive/Non-Social"
376,14,"2",4,"Positive/Non-Social"
376,15,"2",NA,"Positive/Non-Social"
376,16,"2",6,"Positive/Non-Social"
376,17,"2",4,"Positive/Non-Social"
376,18,"2",6,"Positive/Non-Social"
376,19,"2",NA,"Positive/Non-Social"
376,20,"2",6,"Positive/Non-Social"
376,21,"2",2,"Positive/Non-Social"
376,22,"2",NA,"Positive/Non-Social"
376,23,"2",3,"Positive/Non-Social"
376,24,"2",3,"Positive/Non-Social"
376,25,"2",3,"Positive/Non-Social"
376,26,"2",7,"Positive/Non-Social"
376,28,"2",NA,"Positive/Non-Social"
376,29,"2",NA,"Positive/Non-Social"
376,30,"2",2,"Positive/Non-Social"
376,31,"2",NA,"Positive/Non-Social"
376,32,"2",5,"Positive/Non-Social"
376,33,"2",8,"Positive/Non-Social"
376,34,"2",NA,"Positive/Non-Social"
376,35,"2",NA,"Positive/Non-Social"
376,37,"2",2,"Positive/Non-Social"
376,38,"2",3,"Positive/Non-Social"
376,39,"2",3,"Positive/Non-Social"
376,40,"2",3,"Positive/Non-Social"
376,41,"2",5,"Positive/Non-Social"
376,42,"2",NA,"Positive/Non-Social"
376,43,"2",NA,"Positive/Non-Social"
377,1,"1",NA,"Positive/Non-Social"
377,2,"1",NA,"Positive/Non-Social"
377,3,"1",NA,"Positive/Non-Social"
377,4,"1",NA,"Positive/Non-Social"
377,5,"1",1,"Positive/Non-Social"
377,7,"1",4,"Positive/Non-Social"
377,8,"1",NA,"Positive/Non-Social"
377,9,"1",NA,"Positive/Non-Social"
377,10,"1",NA,"Positive/Non-Social"
377,11,"1",1,"Positive/Non-Social"
377,12,"1",NA,"Positive/Non-Social"
377,13,"1",NA,"Positive/Non-Social"
377,14,"1",NA,"Positive/Non-Social"
377,15,"1",NA,"Positive/Non-Social"
377,16,"1",NA,"Positive/Non-Social"
377,17,"1",NA,"Positive/Non-Social"
377,18,"1",NA,"Positive/Non-Social"
377,19,"1",NA,"Positive/Non-Social"
377,20,"1",2,"Positive/Non-Social"
377,21,"1",NA,"Positive/Non-Social"
377,22,"1",NA,"Positive/Non-Social"
377,23,"1",NA,"Positive/Non-Social"
377,24,"1",NA,"Positive/Non-Social"
377,25,"1",NA,"Positive/Non-Social"
377,27,"1",3,"Positive/Non-Social"
377,30,"1",4,"Positive/Non-Social"
377,31,"1",NA,"Positive/Non-Social"
377,32,"1",NA,"Positive/Non-Social"
377,33,"1",2,"Positive/Non-Social"
377,34,"1",NA,"Positive/Non-Social"
377,35,"1",NA,"Positive/Non-Social"
377,36,"1",NA,"Positive/Non-Social"
377,37,"1",5,"Positive/Non-Social"
377,38,"1",NA,"Positive/Non-Social"
377,39,"1",NA,"Positive/Non-Social"
377,40,"1",5,"Positive/Non-Social"
377,41,"1",NA,"Positive/Non-Social"
377,42,"1",NA,"Positive/Non-Social"
377,43,"1",NA,"Positive/Non-Social"
378,1,"2",NA,"Positive/Non-Social"
378,3,"2",NA,"Positive/Non-Social"
378,4,"2",NA,"Positive/Non-Social"
378,5,"2",NA,"Positive/Non-Social"
378,6,"2",NA,"Positive/Non-Social"
378,7,"2",NA,"Positive/Non-Social"
378,8,"2",NA,"Positive/Non-Social"
378,9,"2",NA,"Positive/Non-Social"
378,10,"2",NA,"Positive/Non-Social"
378,11,"2",NA,"Positive/Non-Social"
378,12,"2",NA,"Positive/Non-Social"
378,13,"2",NA,"Positive/Non-Social"
378,14,"2",NA,"Positive/Non-Social"
378,15,"2",NA,"Positive/Non-Social"
378,16,"2",NA,"Positive/Non-Social"
378,17,"2",NA,"Positive/Non-Social"
378,18,"2",NA,"Positive/Non-Social"
378,19,"2",NA,"Positive/Non-Social"
378,20,"2",NA,"Positive/Non-Social"
378,21,"2",NA,"Positive/Non-Social"
378,22,"2",NA,"Positive/Non-Social"
378,23,"2",NA,"Positive/Non-Social"
378,24,"2",NA,"Positive/Non-Social"
378,25,"2",NA,"Positive/Non-Social"
378,26,"2",5,"Positive/Non-Social"
378,27,"2",NA,"Positive/Non-Social"
378,28,"2",NA,"Positive/Non-Social"
378,29,"2",NA,"Positive/Non-Social"
378,30,"2",NA,"Positive/Non-Social"
378,31,"2",NA,"Positive/Non-Social"
378,32,"2",NA,"Positive/Non-Social"
378,33,"2",NA,"Positive/Non-Social"
378,34,"2",NA,"Positive/Non-Social"
378,35,"2",NA,"Positive/Non-Social"
378,36,"2",NA,"Positive/Non-Social"
378,37,"2",NA,"Positive/Non-Social"
378,38,"2",NA,"Positive/Non-Social"
378,39,"2",4,"Positive/Non-Social"
378,40,"2",NA,"Positive/Non-Social"
378,41,"2",NA,"Positive/Non-Social"
378,42,"2",NA,"Positive/Non-Social"
378,43,"2",NA,"Positive/Non-Social"
379,NA,"2",NA,"Positive/Non-Social"
380,1,"1",NA,"Positive/Non-Social"
380,2,"1",1,"Positive/Non-Social"
380,3,"1",NA,"Positive/Non-Social"
380,4,"1",2,"Positive/Non-Social"
380,5,"1",2,"Positive/Non-Social"
380,6,"1",NA,"Positive/Non-Social"
380,7,"1",NA,"Positive/Non-Social"
380,8,"1",NA,"Positive/Non-Social"
380,9,"1",NA,"Positive/Non-Social"
380,10,"1",NA,"Positive/Non-Social"
380,11,"1",1,"Positive/Non-Social"
380,12,"1",NA,"Positive/Non-Social"
380,13,"1",NA,"Positive/Non-Social"
380,14,"1",NA,"Positive/Non-Social"
380,15,"1",NA,"Positive/Non-Social"
380,18,"1",NA,"Positive/Non-Social"
380,19,"1",1,"Positive/Non-Social"
380,20,"1",NA,"Positive/Non-Social"
380,20,"1",NA,"Positive/Non-Social"
380,22,"1",NA,"Positive/Non-Social"
380,23,"1",NA,"Positive/Non-Social"
380,24,"1",4,"Positive/Non-Social"
380,25,"1",1,"Positive/Non-Social"
380,26,"1",NA,"Positive/Non-Social"
380,27,"1",1,"Positive/Non-Social"
380,28,"1",NA,"Positive/Non-Social"
380,30,"1",NA,"Positive/Non-Social"
380,32,"1",3,"Positive/Non-Social"
380,34,"1",NA,"Positive/Non-Social"
380,35,"1",NA,"Positive/Non-Social"
380,36,"1",NA,"Positive/Non-Social"
380,37,"1",NA,"Positive/Non-Social"
380,40,"1",3,"Positive/Non-Social"
380,41,"1",NA,"Positive/Non-Social"
380,42,"1",NA,"Positive/Non-Social"
380,43,"1",NA,"Positive/Non-Social"
382,1,"2",NA,"Positive/Non-Social"
382,2,"2",NA,"Positive/Non-Social"
382,3,"2",NA,"Positive/Non-Social"
382,4,"2",NA,"Positive/Non-Social"
382,5,"2",NA,"Positive/Non-Social"
382,7,"2",3,"Positive/Non-Social"
382,9,"2",NA,"Positive/Non-Social"
382,10,"2",NA,"Positive/Non-Social"
382,11,"2",4,"Positive/Non-Social"
382,12,"2",NA,"Positive/Non-Social"
382,13,"2",NA,"Positive/Non-Social"
382,14,"2",NA,"Positive/Non-Social"
382,15,"2",NA,"Positive/Non-Social"
382,16,"2",NA,"Positive/Non-Social"
382,17,"2",NA,"Positive/Non-Social"
382,18,"2",6,"Positive/Non-Social"
382,19,"2",NA,"Positive/Non-Social"
382,20,"2",1,"Positive/Non-Social"
382,21,"2",NA,"Positive/Non-Social"
382,21,"2",NA,"Positive/Non-Social"
382,24,"2",3,"Positive/Non-Social"
382,25,"2",NA,"Positive/Non-Social"
382,28,"2",2,"Positive/Non-Social"
382,30,"2",NA,"Positive/Non-Social"
382,32,"2",NA,"Positive/Non-Social"
382,33,"2",6,"Positive/Non-Social"
382,34,"2",NA,"Positive/Non-Social"
382,35,"2",1,"Positive/Non-Social"
382,37,"2",NA,"Positive/Non-Social"
382,38,"2",3,"Positive/Non-Social"
382,39,"2",NA,"Positive/Non-Social"
382,41,"2",NA,"Positive/Non-Social"
382,42,"2",NA,"Positive/Non-Social"
382,43,"2",NA,"Positive/Non-Social"
383,1,"1",NA,"Positive/Non-Social"
383,2,"1",NA,"Positive/Non-Social"
383,5,"1",8,"Positive/Non-Social"
383,6,"1",NA,"Positive/Non-Social"
383,7,"1",NA,"Positive/Non-Social"
383,8,"1",NA,"Positive/Non-Social"
383,9,"1",NA,"Positive/Non-Social"
383,10,"1",NA,"Positive/Non-Social"
383,11,"1",2,"Positive/Non-Social"
383,12,"1",1,"Positive/Non-Social"
383,13,"1",NA,"Positive/Non-Social"
383,14,"1",NA,"Positive/Non-Social"
383,15,"1",NA,"Positive/Non-Social"
383,16,"1",NA,"Positive/Non-Social"
383,17,"1",NA,"Positive/Non-Social"
383,18,"1",4,"Positive/Non-Social"
383,19,"1",8,"Positive/Non-Social"
383,20,"1",3,"Positive/Non-Social"
383,21,"1",NA,"Positive/Non-Social"
383,22,"1",4,"Positive/Non-Social"
383,23,"1",NA,"Positive/Non-Social"
383,24,"1",5,"Positive/Non-Social"
383,25,"1",10,"Positive/Non-Social"
383,26,"1",4,"Positive/Non-Social"
383,27,"1",NA,"Positive/Non-Social"
383,28,"1",5,"Positive/Non-Social"
383,29,"1",NA,"Positive/Non-Social"
383,31,"1",NA,"Positive/Non-Social"
383,32,"1",6,"Positive/Non-Social"
383,33,"1",NA,"Positive/Non-Social"
383,34,"1",NA,"Positive/Non-Social"
383,35,"1",5,"Positive/Non-Social"
383,36,"1",NA,"Positive/Non-Social"
383,37,"1",9,"Positive/Non-Social"
383,38,"1",NA,"Positive/Non-Social"
383,39,"1",10,"Positive/Non-Social"
383,40,"1",1,"Positive/Non-Social"
383,41,"1",NA,"Positive/Non-Social"
383,42,"1",NA,"Positive/Non-Social"
383,43,"1",2,"Positive/Non-Social"
385,1,"1",NA,"Positive/Non-Social"
385,2,"1",NA,"Positive/Non-Social"
385,3,"1",NA,"Positive/Non-Social"
385,4,"1",6,"Positive/Non-Social"
385,5,"1",10,"Positive/Non-Social"
385,6,"1",NA,"Positive/Non-Social"
385,7,"1",NA,"Positive/Non-Social"
385,8,"1",1,"Positive/Non-Social"
385,9,"1",NA,"Positive/Non-Social"
385,10,"1",NA,"Positive/Non-Social"
385,11,"1",5,"Positive/Non-Social"
385,12,"1",10,"Positive/Non-Social"
385,13,"1",NA,"Positive/Non-Social"
385,14,"1",NA,"Positive/Non-Social"
385,15,"1",NA,"Positive/Non-Social"
385,16,"1",NA,"Positive/Non-Social"
385,17,"1",12,"Positive/Non-Social"
385,18,"1",NA,"Positive/Non-Social"
385,19,"1",2,"Positive/Non-Social"
385,20,"1",NA,"Positive/Non-Social"
385,21,"1",NA,"Positive/Non-Social"
385,22,"1",NA,"Positive/Non-Social"
385,23,"1",NA,"Positive/Non-Social"
385,24,"1",NA,"Positive/Non-Social"
385,25,"1",3,"Positive/Non-Social"
385,26,"1",5,"Positive/Non-Social"
385,27,"1",NA,"Positive/Non-Social"
385,28,"1",NA,"Positive/Non-Social"
385,29,"1",NA,"Positive/Non-Social"
385,30,"1",NA,"Positive/Non-Social"
385,31,"1",2,"Positive/Non-Social"
385,32,"1",5,"Positive/Non-Social"
385,33,"1",6,"Positive/Non-Social"
385,34,"1",NA,"Positive/Non-Social"
385,35,"1",NA,"Positive/Non-Social"
385,36,"1",3,"Positive/Non-Social"
385,37,"1",2,"Positive/Non-Social"
385,38,"1",NA,"Positive/Non-Social"
385,39,"1",5,"Positive/Non-Social"
385,40,"1",10,"Positive/Non-Social"
385,41,"1",NA,"Positive/Non-Social"
385,42,"1",NA,"Positive/Non-Social"
385,43,"1",NA,"Positive/Non-Social"
386,1,"2",NA,"Positive/Non-Social"
386,2,"2",1,"Positive/Non-Social"
386,3,"2",NA,"Positive/Non-Social"
386,4,"2",NA,"Positive/Non-Social"
386,5,"2",NA,"Positive/Non-Social"
386,6,"2",NA,"Positive/Non-Social"
386,7,"2",NA,"Positive/Non-Social"
386,8,"2",NA,"Positive/Non-Social"
386,9,"2",NA,"Positive/Non-Social"
386,10,"2",NA,"Positive/Non-Social"
386,11,"2",5,"Positive/Non-Social"
386,12,"2",NA,"Positive/Non-Social"
386,13,"2",NA,"Positive/Non-Social"
386,14,"2",NA,"Positive/Non-Social"
386,15,"2",NA,"Positive/Non-Social"
386,16,"2",2,"Positive/Non-Social"
386,17,"2",NA,"Positive/Non-Social"
386,18,"2",NA,"Positive/Non-Social"
386,19,"2",NA,"Positive/Non-Social"
386,20,"2",NA,"Positive/Non-Social"
386,21,"2",NA,"Positive/Non-Social"
386,22,"2",NA,"Positive/Non-Social"
386,23,"2",NA,"Positive/Non-Social"
386,24,"2",NA,"Positive/Non-Social"
386,25,"2",3,"Positive/Non-Social"
386,26,"2",3,"Positive/Non-Social"
386,27,"2",NA,"Positive/Non-Social"
386,28,"2",NA,"Positive/Non-Social"
386,29,"2",NA,"Positive/Non-Social"
386,30,"2",NA,"Positive/Non-Social"
386,31,"2",1,"Positive/Non-Social"
386,32,"2",2,"Positive/Non-Social"
386,33,"2",6,"Positive/Non-Social"
386,34,"2",NA,"Positive/Non-Social"
386,35,"2",NA,"Positive/Non-Social"
386,36,"2",NA,"Positive/Non-Social"
386,37,"2",1,"Positive/Non-Social"
386,38,"2",NA,"Positive/Non-Social"
386,39,"2",5,"Positive/Non-Social"
386,40,"2",NA,"Positive/Non-Social"
386,41,"2",NA,"Positive/Non-Social"
386,42,"2",NA,"Positive/Non-Social"
386,43,"2",1,"Positive/Non-Social"
387,1,"2",NA,"Positive/Non-Social"
387,2,"2",1,"Positive/Non-Social"
387,3,"2",6,"Positive/Non-Social"
387,5,"2",NA,"Positive/Non-Social"
387,7,"2",1,"Positive/Non-Social"
387,36,"2",1,"Positive/Non-Social"
388,1,"1",2,"Positive/Non-Social"
388,1,"1",9,"Positive/Non-Social"
388,3,"1",NA,"Positive/Non-Social"
388,4,"1",3,"Positive/Non-Social"
388,5,"1",NA,"Positive/Non-Social"
388,6,"1",NA,"Positive/Non-Social"
388,7,"1",NA,"Positive/Non-Social"
388,8,"1",NA,"Positive/Non-Social"
388,10,"1",1,"Positive/Non-Social"
388,12,"1",2,"Positive/Non-Social"
388,13,"1",1,"Positive/Non-Social"
388,14,"1",NA,"Positive/Non-Social"
388,15,"1",NA,"Positive/Non-Social"
388,16,"1",3,"Positive/Non-Social"
388,17,"1",12,"Positive/Non-Social"
388,18,"1",NA,"Positive/Non-Social"
388,19,"1",3,"Positive/Non-Social"
388,20,"1",5,"Positive/Non-Social"
388,22,"1",NA,"Positive/Non-Social"
388,25,"1",6,"Positive/Non-Social"
388,26,"1",12,"Positive/Non-Social"
388,26,"1",2,"Positive/Non-Social"
388,27,"1",NA,"Positive/Non-Social"
388,29,"1",NA,"Positive/Non-Social"
388,30,"1",7,"Positive/Non-Social"
388,31,"1",NA,"Positive/Non-Social"
388,32,"1",NA,"Positive/Non-Social"
388,34,"1",NA,"Positive/Non-Social"
388,35,"1",NA,"Positive/Non-Social"
388,37,"1",12,"Positive/Non-Social"
388,38,"1",3,"Positive/Non-Social"
388,42,"1",NA,"Positive/Non-Social"
388,43,"1",NA,"Positive/Non-Social"
389,1,"1",NA,"Positive/Non-Social"
389,2,"1",NA,"Positive/Non-Social"
389,3,"1",NA,"Positive/Non-Social"
389,4,"1",6,"Positive/Non-Social"
389,5,"1",1,"Positive/Non-Social"
389,7,"1",NA,"Positive/Non-Social"
389,8,"1",NA,"Positive/Non-Social"
389,10,"1",1,"Positive/Non-Social"
389,11,"1",NA,"Positive/Non-Social"
389,12,"1",2,"Positive/Non-Social"
389,13,"1",4,"Positive/Non-Social"
389,14,"1",NA,"Positive/Non-Social"
389,15,"1",2,"Positive/Non-Social"
389,16,"1",1,"Positive/Non-Social"
389,17,"1",3,"Positive/Non-Social"
389,18,"1",2,"Positive/Non-Social"
389,19,"1",NA,"Positive/Non-Social"
389,20,"1",NA,"Positive/Non-Social"
389,21,"1",NA,"Positive/Non-Social"
389,22,"1",NA,"Positive/Non-Social"
389,24,"1",1,"Positive/Non-Social"
389,25,"1",3,"Positive/Non-Social"
389,26,"1",3,"Positive/Non-Social"
389,27,"1",NA,"Positive/Non-Social"
389,28,"1",NA,"Positive/Non-Social"
389,29,"1",NA,"Positive/Non-Social"
389,30,"1",NA,"Positive/Non-Social"
389,31,"1",3,"Positive/Non-Social"
389,32,"1",2,"Positive/Non-Social"
389,33,"1",NA,"Positive/Non-Social"
389,33,"1",1,"Positive/Non-Social"
389,34,"1",NA,"Positive/Non-Social"
389,36,"1",6,"Positive/Non-Social"
389,38,"1",3,"Positive/Non-Social"
389,39,"1",NA,"Positive/Non-Social"
389,40,"1",1,"Positive/Non-Social"
389,41,"1",NA,"Positive/Non-Social"
389,42,"1",NA,"Positive/Non-Social"
389,43,"1",NA,"Positive/Non-Social"
391,1,"2",10,"Positive/Non-Social"
391,3,"2",NA,"Positive/Non-Social"
391,4,"2",NA,"Positive/Non-Social"
391,7,"2",NA,"Positive/Non-Social"
391,10,"2",NA,"Positive/Non-Social"
391,11,"2",10,"Positive/Non-Social"
391,12,"2",NA,"Positive/Non-Social"
391,12,"2",NA,"Positive/Non-Social"
391,15,"2",NA,"Positive/Non-Social"
391,16,"2",2,"Positive/Non-Social"
391,18,"2",15,"Positive/Non-Social"
391,19,"2",NA,"Positive/Non-Social"
391,20,"2",2,"Positive/Non-Social"
391,43,"2",NA,"Positive/Non-Social"
392,1,"2",NA,"Positive/Non-Social"
392,2,"2",3,"Positive/Non-Social"
392,3,"2",NA,"Positive/Non-Social"
392,4,"2",NA,"Positive/Non-Social"
392,5,"2",3,"Positive/Non-Social"
392,6,"2",NA,"Positive/Non-Social"
392,7,"2",NA,"Positive/Non-Social"
392,8,"2",2,"Positive/Non-Social"
392,9,"2",NA,"Positive/Non-Social"
392,10,"2",NA,"Positive/Non-Social"
392,11,"2",8,"Positive/Non-Social"
392,12,"2",NA,"Positive/Non-Social"
392,13,"2",NA,"Positive/Non-Social"
392,14,"2",NA,"Positive/Non-Social"
392,15,"2",4,"Positive/Non-Social"
392,16,"2",NA,"Positive/Non-Social"
392,17,"2",NA,"Positive/Non-Social"
392,18,"2",7,"Positive/Non-Social"
392,19,"2",6,"Positive/Non-Social"
392,20,"2",NA,"Positive/Non-Social"
392,21,"2",2,"Positive/Non-Social"
392,22,"2",NA,"Positive/Non-Social"
392,23,"2",2,"Positive/Non-Social"
392,24,"2",2,"Positive/Non-Social"
392,25,"2",NA,"Positive/Non-Social"
392,26,"2",8,"Positive/Non-Social"
392,27,"2",NA,"Positive/Non-Social"
392,28,"2",NA,"Positive/Non-Social"
392,30,"2",4,"Positive/Non-Social"
392,31,"2",NA,"Positive/Non-Social"
392,32,"2",NA,"Positive/Non-Social"
392,33,"2",4,"Positive/Non-Social"
392,34,"2",NA,"Positive/Non-Social"
392,35,"2",NA,"Positive/Non-Social"
392,36,"2",3,"Positive/Non-Social"
392,37,"2",NA,"Positive/Non-Social"
392,38,"2",1,"Positive/Non-Social"
392,39,"2",1,"Positive/Non-Social"
392,40,"2",NA,"Positive/Non-Social"
392,41,"2",NA,"Positive/Non-Social"
392,42,"2",2,"Positive/Non-Social"
392,43,"2",5,"Positive/Non-Social"
394,1,"1",7,"Positive/Non-Social"
394,2,"1",NA,"Positive/Non-Social"
394,3,"1",3,"Positive/Non-Social"
394,4,"1",3,"Positive/Non-Social"
394,5,"1",6,"Positive/Non-Social"
394,6,"1",NA,"Positive/Non-Social"
394,7,"1",NA,"Positive/Non-Social"
394,8,"1",1,"Positive/Non-Social"
394,9,"1",1,"Positive/Non-Social"
394,10,"1",NA,"Positive/Non-Social"
394,11,"1",14,"Positive/Non-Social"
394,12,"1",NA,"Positive/Non-Social"
394,13,"1",1,"Positive/Non-Social"
394,14,"1",1,"Positive/Non-Social"
394,15,"1",NA,"Positive/Non-Social"
394,16,"1",NA,"Positive/Non-Social"
394,17,"1",3,"Positive/Non-Social"
394,18,"1",10,"Positive/Non-Social"
394,19,"1",NA,"Positive/Non-Social"
394,20,"1",NA,"Positive/Non-Social"
394,21,"1",5,"Positive/Non-Social"
394,22,"1",6,"Positive/Non-Social"
394,23,"1",1,"Positive/Non-Social"
394,24,"1",7,"Positive/Non-Social"
394,25,"1",6,"Positive/Non-Social"
394,26,"1",NA,"Positive/Non-Social"
394,28,"1",1,"Positive/Non-Social"
394,29,"1",NA,"Positive/Non-Social"
394,30,"1",5,"Positive/Non-Social"
394,31,"1",NA,"Positive/Non-Social"
394,32,"1",9,"Positive/Non-Social"
394,33,"1",NA,"Positive/Non-Social"
394,34,"1",NA,"Positive/Non-Social"
394,35,"1",3,"Positive/Non-Social"
394,37,"1",7,"Positive/Non-Social"
394,38,"1",5,"Positive/Non-Social"
394,39,"1",8,"Positive/Non-Social"
394,40,"1",10,"Positive/Non-Social"
394,41,"1",9,"Positive/Non-Social"
394,42,"1",4,"Positive/Non-Social"
394,43,"1",NA,"Positive/Non-Social"
395,6,"2",2,"Negative/Social"
395,7,"2",1,"Negative/Social"
395,9,"2",1,"Negative/Social"
395,10,"2",NA,"Negative/Social"
395,11,"2",NA,"Negative/Social"
395,12,"2",NA,"Negative/Social"
395,13,"2",1,"Negative/Social"
395,14,"2",NA,"Negative/Social"
395,15,"2",1,"Negative/Social"
395,16,"2",NA,"Negative/Social"
395,17,"2",2,"Negative/Social"
395,18,"2",NA,"Negative/Social"
395,19,"2",2,"Negative/Social"
395,20,"2",2,"Negative/Social"
395,21,"2",2,"Negative/Social"
395,22,"2",1,"Negative/Social"
395,23,"2",NA,"Negative/Social"
395,24,"2",NA,"Negative/Social"
395,25,"2",1,"Negative/Social"
395,26,"2",NA,"Negative/Social"
395,29,"2",NA,"Negative/Social"
395,30,"2",1,"Negative/Social"
395,31,"2",3,"Negative/Social"
395,32,"2",1,"Negative/Social"
395,33,"2",2,"Negative/Social"
395,34,"2",1,"Negative/Social"
395,35,"2",NA,"Negative/Social"
395,36,"2",2,"Negative/Social"
395,37,"2",NA,"Negative/Social"
395,38,"2",3,"Negative/Social"
395,39,"2",NA,"Negative/Social"
395,40,"2",1,"Negative/Social"
395,41,"2",1,"Negative/Social"
395,42,"2",NA,"Negative/Social"
395,43,"2",NA,"Negative/Social"
396,1,"2",NA,"Negative/Social"
396,2,"2",NA,"Negative/Social"
396,3,"2",NA,"Negative/Social"
396,4,"2",NA,"Negative/Social"
396,5,"2",NA,"Negative/Social"
396,6,"2",NA,"Negative/Social"
396,7,"2",NA,"Negative/Social"
396,8,"2",NA,"Negative/Social"
396,8,"2",NA,"Negative/Social"
396,16,"2",NA,"Negative/Social"
396,17,"2",NA,"Negative/Social"
397,1,"2",3,"Negative/Social"
397,1,"2",3,"Negative/Social"
397,2,"2",NA,"Negative/Social"
397,3,"2",1,"Negative/Social"
397,3,"2",NA,"Negative/Social"
397,4,"2",NA,"Negative/Social"
397,5,"2",1,"Negative/Social"
397,6,"2",NA,"Negative/Social"
397,7,"2",4,"Negative/Social"
397,9,"2",NA,"Negative/Social"
397,10,"2",NA,"Negative/Social"
397,11,"2",NA,"Negative/Social"
397,13,"2",NA,"Negative/Social"
397,14,"2",6,"Negative/Social"
397,15,"2",NA,"Negative/Social"
397,16,"2",NA,"Negative/Social"
397,17,"2",NA,"Negative/Social"
397,19,"2",NA,"Negative/Social"
397,20,"2",NA,"Negative/Social"
397,21,"2",5,"Negative/Social"
397,22,"2",NA,"Negative/Social"
397,23,"2",NA,"Negative/Social"
397,24,"2",2,"Negative/Social"
397,25,"2",NA,"Negative/Social"
397,26,"2",NA,"Negative/Social"
397,28,"2",3,"Negative/Social"
397,29,"2",2,"Negative/Social"
397,30,"2",NA,"Negative/Social"
397,32,"2",2,"Negative/Social"
397,33,"2",4,"Negative/Social"
397,34,"2",6,"Negative/Social"
397,35,"2",3,"Negative/Social"
397,36,"2",NA,"Negative/Social"
397,37,"2",NA,"Negative/Social"
397,39,"2",NA,"Negative/Social"
397,41,"2",5,"Negative/Social"
397,42,"2",NA,"Negative/Social"
397,43,"2",7,"Negative/Social"
398,1,"2",1,"Negative/Social"
398,2,"2",NA,"Negative/Social"
398,3,"2",2,"Negative/Social"
398,4,"2",NA,"Negative/Social"
398,5,"2",NA,"Negative/Social"
398,6,"2",NA,"Negative/Social"
398,7,"2",NA,"Negative/Social"
398,8,"2",NA,"Negative/Social"
398,10,"2",NA,"Negative/Social"
398,11,"2",NA,"Negative/Social"
398,12,"2",1,"Negative/Social"
398,13,"2",NA,"Negative/Social"
398,14,"2",NA,"Negative/Social"
398,15,"2",NA,"Negative/Social"
398,16,"2",NA,"Negative/Social"
398,19,"2",3,"Negative/Social"
398,20,"2",NA,"Negative/Social"
398,21,"2",1,"Negative/Social"
398,22,"2",NA,"Negative/Social"
398,22,"2",1,"Negative/Social"
398,23,"2",NA,"Negative/Social"
398,24,"2",NA,"Negative/Social"
398,25,"2",3,"Negative/Social"
398,26,"2",4,"Negative/Social"
398,28,"2",NA,"Negative/Social"
398,29,"2",3,"Negative/Social"
398,30,"2",2,"Negative/Social"
398,30,"2",NA,"Negative/Social"
398,31,"2",3,"Negative/Social"
398,32,"2",NA,"Negative/Social"
398,33,"2",3,"Negative/Social"
398,34,"2",NA,"Negative/Social"
398,36,"2",NA,"Negative/Social"
398,41,"2",NA,"Negative/Social"
398,43,"2",NA,"Negative/Social"
399,NA,"2",NA,"Negative/Social"
400,1,"2",NA,"Negative/Non-Social"
400,2,"2",NA,"Negative/Non-Social"
400,3,"2",NA,"Negative/Non-Social"
400,4,"2",NA,"Negative/Non-Social"
400,5,"2",3,"Negative/Non-Social"
400,6,"2",NA,"Negative/Non-Social"
400,7,"2",NA,"Negative/Non-Social"
400,8,"2",NA,"Negative/Non-Social"
400,9,"2",NA,"Negative/Non-Social"
400,11,"2",NA,"Negative/Non-Social"
400,12,"2",NA,"Negative/Non-Social"
400,13,"2",1,"Negative/Non-Social"
400,14,"2",NA,"Negative/Non-Social"
400,16,"2",NA,"Negative/Non-Social"
400,17,"2",NA,"Negative/Non-Social"
400,18,"2",NA,"Negative/Non-Social"
400,20,"2",NA,"Negative/Non-Social"
400,21,"2",NA,"Negative/Non-Social"
400,22,"2",NA,"Negative/Non-Social"
400,23,"2",NA,"Negative/Non-Social"
400,24,"2",NA,"Negative/Non-Social"
400,26,"2",NA,"Negative/Non-Social"
400,27,"2",1,"Negative/Non-Social"
400,28,"2",NA,"Negative/Non-Social"
400,29,"2",NA,"Negative/Non-Social"
400,30,"2",1,"Negative/Non-Social"
400,31,"2",NA,"Negative/Non-Social"
400,31,"2",NA,"Negative/Non-Social"
400,32,"2",7,"Negative/Non-Social"
400,33,"2",NA,"Negative/Non-Social"
400,35,"2",1,"Negative/Non-Social"
400,36,"2",NA,"Negative/Non-Social"
400,37,"2",NA,"Negative/Non-Social"
400,38,"2",NA,"Negative/Non-Social"
400,40,"2",NA,"Negative/Non-Social"
400,41,"2",NA,"Negative/Non-Social"
400,42,"2",NA,"Negative/Non-Social"
400,43,"2",NA,"Negative/Non-Social"
401,1,"2",NA,"Negative/Non-Social"
401,7,"2",4,"Negative/Non-Social"
401,8,"2",6,"Negative/Non-Social"
401,9,"2",3,"Negative/Non-Social"
401,10,"2",12,"Negative/Non-Social"
401,12,"2",6,"Negative/Non-Social"
401,13,"2",NA,"Negative/Non-Social"
401,16,"2",3,"Negative/Non-Social"
401,18,"2",2,"Negative/Non-Social"
401,20,"2",NA,"Negative/Non-Social"
401,21,"2",1,"Negative/Non-Social"
401,27,"2",2,"Negative/Non-Social"
401,28,"2",NA,"Negative/Non-Social"
401,30,"2",4,"Negative/Non-Social"
401,32,"2",6,"Negative/Non-Social"
401,33,"2",NA,"Negative/Non-Social"
401,35,"2",NA,"Negative/Non-Social"
402,1,"1",NA,"Negative/Non-Social"
402,1,"1",NA,"Negative/Non-Social"
402,1,"1",NA,"Negative/Non-Social"
402,4,"1",8,"Negative/Non-Social"
402,5,"1",9,"Negative/Non-Social"
402,6,"1",NA,"Negative/Non-Social"
402,7,"1",NA,"Negative/Non-Social"
402,8,"1",2,"Negative/Non-Social"
402,9,"1",3,"Negative/Non-Social"
402,10,"1",1,"Negative/Non-Social"
402,11,"1",NA,"Negative/Non-Social"
402,12,"1",10,"Negative/Non-Social"
402,13,"1",NA,"Negative/Non-Social"
402,14,"1",NA,"Negative/Non-Social"
402,16,"1",1,"Negative/Non-Social"
402,17,"1",2,"Negative/Non-Social"
402,18,"1",3,"Negative/Non-Social"
402,19,"1",6,"Negative/Non-Social"
402,20,"1",3,"Negative/Non-Social"
402,21,"1",1,"Negative/Non-Social"
402,23,"1",1,"Negative/Non-Social"
402,24,"1",2,"Negative/Non-Social"
402,26,"1",3,"Negative/Non-Social"
402,26,"1",5,"Negative/Non-Social"
402,27,"1",2,"Negative/Non-Social"
402,28,"1",NA,"Negative/Non-Social"
402,29,"1",1,"Negative/Non-Social"
402,30,"1",1,"Negative/Non-Social"
402,31,"1",1,"Negative/Non-Social"
402,32,"1",NA,"Negative/Non-Social"
402,34,"1",4,"Negative/Non-Social"
402,35,"1",NA,"Negative/Non-Social"
402,36,"1",NA,"Negative/Non-Social"
402,37,"1",2,"Negative/Non-Social"
402,38,"1",NA,"Negative/Non-Social"
402,39,"1",NA,"Negative/Non-Social"
402,41,"1",2,"Negative/Non-Social"
402,42,"1",NA,"Negative/Non-Social"
402,43,"1",3,"Negative/Non-Social"
403,1,"1",NA,"Negative/Non-Social"
403,2,"1",NA,"Negative/Non-Social"
403,3,"1",NA,"Negative/Non-Social"
403,4,"1",NA,"Negative/Non-Social"
403,5,"1",NA,"Negative/Non-Social"
403,5,"1",NA,"Negative/Non-Social"
403,6,"1",NA,"Negative/Non-Social"
403,7,"1",NA,"Negative/Non-Social"
403,8,"1",NA,"Negative/Non-Social"
403,9,"1",NA,"Negative/Non-Social"
403,10,"1",NA,"Negative/Non-Social"
403,11,"1",NA,"Negative/Non-Social"
403,12,"1",NA,"Negative/Non-Social"
403,13,"1",2,"Negative/Non-Social"
403,15,"1",NA,"Negative/Non-Social"
403,16,"1",NA,"Negative/Non-Social"
403,17,"1",NA,"Negative/Non-Social"
403,18,"1",2,"Negative/Non-Social"
403,19,"1",NA,"Negative/Non-Social"
403,20,"1",NA,"Negative/Non-Social"
403,21,"1",NA,"Negative/Non-Social"
403,22,"1",NA,"Negative/Non-Social"
403,23,"1",NA,"Negative/Non-Social"
403,24,"1",NA,"Negative/Non-Social"
403,25,"1",1,"Negative/Non-Social"
403,25,"1",NA,"Negative/Non-Social"
403,27,"1",NA,"Negative/Non-Social"
403,28,"1",NA,"Negative/Non-Social"
403,30,"1",NA,"Negative/Non-Social"
403,31,"1",NA,"Negative/Non-Social"
403,32,"1",1,"Negative/Non-Social"
403,33,"1",NA,"Negative/Non-Social"
403,34,"1",NA,"Negative/Non-Social"
403,35,"1",NA,"Negative/Non-Social"
403,36,"1",NA,"Negative/Non-Social"
403,38,"1",NA,"Negative/Non-Social"
403,40,"1",NA,"Negative/Non-Social"
403,41,"1",10,"Negative/Non-Social"
403,42,"1",NA,"Negative/Non-Social"
403,43,"1",NA,"Negative/Non-Social"
404,1,"2",NA,"Negative/Non-Social"
404,2,"2",4,"Negative/Non-Social"
404,3,"2",NA,"Negative/Non-Social"
404,4,"2",3,"Negative/Non-Social"
404,5,"2",5,"Negative/Non-Social"
404,6,"2",2,"Negative/Non-Social"
404,7,"2",NA,"Negative/Non-Social"
404,8,"2",4,"Negative/Non-Social"
404,9,"2",NA,"Negative/Non-Social"
404,10,"2",5,"Negative/Non-Social"
404,11,"2",6,"Negative/Non-Social"
404,12,"2",NA,"Negative/Non-Social"
404,13,"2",3,"Negative/Non-Social"
404,14,"2",NA,"Negative/Non-Social"
404,15,"2",NA,"Negative/Non-Social"
404,16,"2",NA,"Negative/Non-Social"
404,17,"2",NA,"Negative/Non-Social"
404,18,"2",2,"Negative/Non-Social"
404,19,"2",3,"Negative/Non-Social"
404,20,"2",NA,"Negative/Non-Social"
404,21,"2",4,"Negative/Non-Social"
404,22,"2",2,"Negative/Non-Social"
404,23,"2",4,"Negative/Non-Social"
404,24,"2",NA,"Negative/Non-Social"
404,25,"2",3,"Negative/Non-Social"
404,26,"2",1,"Negative/Non-Social"
404,28,"2",NA,"Negative/Non-Social"
404,29,"2",3,"Negative/Non-Social"
404,30,"2",NA,"Negative/Non-Social"
404,31,"2",5,"Negative/Non-Social"
404,32,"2",7,"Negative/Non-Social"
404,33,"2",NA,"Negative/Non-Social"
404,34,"2",NA,"Negative/Non-Social"
404,36,"2",NA,"Negative/Non-Social"
404,37,"2",5,"Negative/Non-Social"
404,39,"2",6,"Negative/Non-Social"
404,40,"2",5,"Negative/Non-Social"
404,41,"2",1,"Negative/Non-Social"
404,42,"2",NA,"Negative/Non-Social"
404,43,"2",NA,"Negative/Non-Social"
405,1,"2",NA,"Negative/Non-Social"
405,2,"2",NA,"Negative/Non-Social"
405,3,"2",NA,"Negative/Non-Social"
405,4,"2",NA,"Negative/Non-Social"
405,5,"2",NA,"Negative/Non-Social"
405,6,"2",NA,"Negative/Non-Social"
405,7,"2",NA,"Negative/Non-Social"
405,8,"2",NA,"Negative/Non-Social"
405,10,"2",2,"Negative/Non-Social"
405,11,"2",NA,"Negative/Non-Social"
405,12,"2",3,"Negative/Non-Social"
405,13,"2",NA,"Negative/Non-Social"
405,14,"2",NA,"Negative/Non-Social"
405,15,"2",NA,"Negative/Non-Social"
405,16,"2",NA,"Negative/Non-Social"
405,17,"2",NA,"Negative/Non-Social"
405,18,"2",NA,"Negative/Non-Social"
405,19,"2",NA,"Negative/Non-Social"
405,20,"2",NA,"Negative/Non-Social"
405,21,"2",NA,"Negative/Non-Social"
405,22,"2",NA,"Negative/Non-Social"
405,23,"2",3,"Negative/Non-Social"
405,24,"2",5,"Negative/Non-Social"
405,25,"2",NA,"Negative/Non-Social"
405,26,"2",3,"Negative/Non-Social"
405,27,"2",NA,"Negative/Non-Social"
405,28,"2",NA,"Negative/Non-Social"
405,29,"2",NA,"Negative/Non-Social"
405,30,"2",NA,"Negative/Non-Social"
405,31,"2",3,"Negative/Non-Social"
405,32,"2",NA,"Negative/Non-Social"
405,33,"2",NA,"Negative/Non-Social"
405,34,"2",NA,"Negative/Non-Social"
405,35,"2",NA,"Negative/Non-Social"
405,36,"2",NA,"Negative/Non-Social"
405,37,"2",1,"Negative/Non-Social"
405,38,"2",NA,"Negative/Non-Social"
405,39,"2",NA,"Negative/Non-Social"
405,40,"2",NA,"Negative/Non-Social"
405,41,"2",NA,"Negative/Non-Social"
405,42,"2",NA,"Negative/Non-Social"
405,43,"2",NA,"Negative/Non-Social"
406,1,"2",NA,"Negative/Non-Social"
406,2,"2",NA,"Negative/Non-Social"
406,3,"2",NA,"Negative/Non-Social"
406,4,"2",4,"Negative/Non-Social"
406,5,"2",NA,"Negative/Non-Social"
406,6,"2",2,"Negative/Non-Social"
406,7,"2",NA,"Negative/Non-Social"
406,8,"2",NA,"Negative/Non-Social"
406,9,"2",5,"Negative/Non-Social"
406,10,"2",7,"Negative/Non-Social"
406,12,"2",2,"Negative/Non-Social"
406,14,"2",2,"Negative/Non-Social"
406,15,"2",NA,"Negative/Non-Social"
406,16,"2",NA,"Negative/Non-Social"
406,17,"2",NA,"Negative/Non-Social"
406,18,"2",5,"Negative/Non-Social"
406,19,"2",NA,"Negative/Non-Social"
406,20,"2",3,"Negative/Non-Social"
406,21,"2",5,"Negative/Non-Social"
406,22,"2",NA,"Negative/Non-Social"
406,23,"2",NA,"Negative/Non-Social"
406,25,"2",NA,"Negative/Non-Social"
406,27,"2",NA,"Negative/Non-Social"
406,28,"2",NA,"Negative/Non-Social"
406,29,"2",NA,"Negative/Non-Social"
406,30,"2",NA,"Negative/Non-Social"
406,31,"2",NA,"Negative/Non-Social"
406,32,"2",NA,"Negative/Non-Social"
406,33,"2",2,"Negative/Non-Social"
406,34,"2",NA,"Negative/Non-Social"
406,35,"2",6,"Negative/Non-Social"
406,36,"2",1,"Negative/Non-Social"
406,37,"2",NA,"Negative/Non-Social"
406,38,"2",NA,"Negative/Non-Social"
406,39,"2",NA,"Negative/Non-Social"
406,41,"2",9,"Negative/Non-Social"
406,42,"2",NA,"Negative/Non-Social"
406,43,"2",NA,"Negative/Non-Social"
407,1,"2",5,"Positive/Social"
407,2,"2",5,"Positive/Social"
407,3,"2",NA,"Positive/Social"
407,4,"2",NA,"Positive/Social"
407,5,"2",15,"Positive/Social"
407,6,"2",2,"Positive/Social"
407,7,"2",NA,"Positive/Social"
407,8,"2",NA,"Positive/Social"
407,10,"2",NA,"Positive/Social"
407,11,"2",NA,"Positive/Social"
407,12,"2",1,"Positive/Social"
407,13,"2",NA,"Positive/Social"
407,14,"2",NA,"Positive/Social"
407,15,"2",NA,"Positive/Social"
407,16,"2",6,"Positive/Social"
407,17,"2",3,"Positive/Social"
407,18,"2",NA,"Positive/Social"
407,20,"2",8,"Positive/Social"
407,21,"2",6,"Positive/Social"
407,22,"2",9,"Positive/Social"
407,24,"2",3,"Positive/Social"
407,25,"2",12,"Positive/Social"
407,26,"2",2,"Positive/Social"
407,27,"2",NA,"Positive/Social"
407,28,"2",1,"Positive/Social"
407,29,"2",NA,"Positive/Social"
407,31,"2",2,"Positive/Social"
407,32,"2",NA,"Positive/Social"
407,33,"2",NA,"Positive/Social"
407,34,"2",2,"Positive/Social"
407,35,"2",2,"Positive/Social"
407,37,"2",9,"Positive/Social"
407,38,"2",3,"Positive/Social"
407,40,"2",4,"Positive/Social"
407,41,"2",1,"Positive/Social"
407,42,"2",NA,"Positive/Social"
407,43,"2",NA,"Positive/Social"
407,43,"2",NA,"Positive/Social"
408,1,"2",NA,"Positive/Social"
408,2,"2",NA,"Positive/Social"
408,3,"2",NA,"Positive/Social"
408,4,"2",NA,"Positive/Social"
408,5,"2",NA,"Positive/Social"
408,6,"2",NA,"Positive/Social"
408,7,"2",NA,"Positive/Social"
408,9,"2",NA,"Positive/Social"
408,13,"2",NA,"Positive/Social"
408,14,"2",NA,"Positive/Social"
408,14,"2",NA,"Positive/Social"
408,15,"2",NA,"Positive/Social"
408,15,"2",NA,"Positive/Social"
408,16,"2",1,"Positive/Social"
408,17,"2",NA,"Positive/Social"
408,19,"2",NA,"Positive/Social"
408,20,"2",NA,"Positive/Social"
408,21,"2",NA,"Positive/Social"
408,23,"2",NA,"Positive/Social"
408,24,"2",NA,"Positive/Social"
408,26,"2",6,"Positive/Social"
408,28,"2",NA,"Positive/Social"
408,29,"2",NA,"Positive/Social"
408,30,"2",NA,"Positive/Social"
408,33,"2",NA,"Positive/Social"
408,34,"2",1,"Positive/Social"
408,35,"2",NA,"Positive/Social"
408,37,"2",NA,"Positive/Social"
408,38,"2",NA,"Positive/Social"
408,40,"2",1,"Positive/Social"
408,41,"2",2,"Positive/Social"
408,42,"2",NA,"Positive/Social"
408,43,"2",NA,"Positive/Social"
409,2,"2",10,"Positive/Social"
409,3,"2",10,"Positive/Social"
409,4,"2",0,"Positive/Social"
409,5,"2",NA,"Positive/Social"
409,6,"2",3,"Positive/Social"
409,11,"2",4,"Positive/Social"
409,12,"2",5,"Positive/Social"
409,14,"2",NA,"Positive/Social"
409,17,"2",10,"Positive/Social"
409,28,"2",10,"Positive/Social"
409,29,"2",NA,"Positive/Social"
409,30,"2",NA,"Positive/Social"
410,1,"2",1,"Positive/Social"
410,2,"2",8,"Positive/Social"
410,6,"2",NA,"Positive/Social"
410,9,"2",7,"Positive/Social"
410,10,"2",NA,"Positive/Social"
410,11,"2",NA,"Positive/Social"
410,16,"2",7,"Positive/Social"
410,17,"2",NA,"Positive/Social"
412,1,"1",NA,"Positive/Social"
412,2,"1",NA,"Positive/Social"
412,3,"1",10,"Positive/Social"
412,4,"1",3,"Positive/Social"
412,5,"1",15,"Positive/Social"
412,6,"1",NA,"Positive/Social"
412,7,"1",NA,"Positive/Social"
412,8,"1",2,"Positive/Social"
412,9,"1",NA,"Positive/Social"
412,10,"1",2,"Positive/Social"
412,11,"1",3,"Positive/Social"
412,12,"1",15,"Positive/Social"
412,13,"1",NA,"Positive/Social"
412,14,"1",NA,"Positive/Social"
412,15,"1",1,"Positive/Social"
412,16,"1",3,"Positive/Social"
412,17,"1",20,"Positive/Social"
412,18,"1",10,"Positive/Social"
412,19,"1",30,"Positive/Social"
412,20,"1",NA,"Positive/Social"
412,21,"1",NA,"Positive/Social"
412,22,"1",8,"Positive/Social"
412,23,"1",NA,"Positive/Social"
412,24,"1",15,"Positive/Social"
412,25,"1",4,"Positive/Social"
412,26,"1",20,"Positive/Social"
412,27,"1",2,"Positive/Social"
412,28,"1",NA,"Positive/Social"
412,29,"1",10,"Positive/Social"
412,30,"1",NA,"Positive/Social"
412,31,"1",10,"Positive/Social"
412,32,"1",10,"Positive/Social"
412,33,"1",20,"Positive/Social"
412,34,"1",4,"Positive/Social"
412,35,"1",NA,"Positive/Social"
412,36,"1",NA,"Positive/Social"
412,37,"1",NA,"Positive/Social"
412,38,"1",20,"Positive/Social"
412,39,"1",2,"Positive/Social"
412,40,"1",30,"Positive/Social"
412,41,"1",NA,"Positive/Social"
412,42,"1",NA,"Positive/Social"
412,43,"1",2,"Positive/Social"
413,1,"2",NA,"Positive/Social"
413,2,"2",NA,"Positive/Social"
413,3,"2",NA,"Positive/Social"
413,4,"2",1,"Positive/Social"
413,5,"2",2,"Positive/Social"
413,7,"2",NA,"Positive/Social"
413,7,"2",NA,"Positive/Social"
413,8,"2",NA,"Positive/Social"
413,11,"2",5,"Positive/Social"
413,13,"2",NA,"Positive/Social"
413,14,"2",1,"Positive/Social"
413,15,"2",5,"Positive/Social"
413,16,"2",NA,"Positive/Social"
413,17,"2",3,"Positive/Social"
413,19,"2",6,"Positive/Social"
413,20,"2",2,"Positive/Social"
413,21,"2",NA,"Positive/Social"
413,22,"2",NA,"Positive/Social"
413,26,"2",2,"Positive/Social"
413,27,"2",1,"Positive/Social"
413,28,"2",NA,"Positive/Social"
414,1,"2",3,"Positive/Social"
414,2,"2",NA,"Positive/Social"
414,3,"2",9,"Positive/Social"
414,4,"2",2,"Positive/Social"
414,5,"2",8,"Positive/Social"
414,6,"2",NA,"Positive/Social"
414,7,"2",NA,"Positive/Social"
414,8,"2",NA,"Positive/Social"
414,9,"2",NA,"Positive/Social"
414,10,"2",9,"Positive/Social"
414,11,"2",NA,"Positive/Social"
414,12,"2",12,"Positive/Social"
414,13,"2",NA,"Positive/Social"
414,14,"2",NA,"Positive/Social"
414,15,"2",NA,"Positive/Social"
414,16,"2",7,"Positive/Social"
414,17,"2",NA,"Positive/Social"
414,18,"2",3,"Positive/Social"
414,20,"2",NA,"Positive/Social"
414,21,"2",NA,"Positive/Social"
414,22,"2",2,"Positive/Social"
414,23,"2",NA,"Positive/Social"
414,25,"2",3,"Positive/Social"
414,26,"2",7,"Positive/Social"
414,27,"2",NA,"Positive/Social"
414,29,"2",NA,"Positive/Social"
414,30,"2",3,"Positive/Social"
414,31,"2",NA,"Positive/Social"
414,32,"2",3,"Positive/Social"
414,33,"2",10,"Positive/Social"
414,34,"2",NA,"Positive/Social"
414,35,"2",5,"Positive/Social"
414,36,"2",1,"Positive/Social"
414,37,"2",7,"Positive/Social"
414,38,"2",3,"Positive/Social"
414,39,"2",5,"Positive/Social"
414,41,"2",NA,"Positive/Social"
414,42,"2",NA,"Positive/Social"
414,43,"2",2,"Positive/Social"
415,1,"2",NA,"Negative/Social"
415,2,"2",1,"Negative/Social"
415,3,"2",NA,"Negative/Social"
415,5,"2",NA,"Negative/Social"
415,6,"2",NA,"Negative/Social"
415,7,"2",NA,"Negative/Social"
415,8,"2",NA,"Negative/Social"
415,9,"2",NA,"Negative/Social"
415,10,"2",NA,"Negative/Social"
415,11,"2",1,"Negative/Social"
415,12,"2",NA,"Negative/Social"
415,13,"2",NA,"Negative/Social"
415,14,"2",NA,"Negative/Social"
415,15,"2",1,"Negative/Social"
415,16,"2",NA,"Negative/Social"
415,17,"2",NA,"Negative/Social"
415,18,"2",NA,"Negative/Social"
415,19,"2",NA,"Negative/Social"
415,20,"2",1,"Negative/Social"
415,21,"2",NA,"Negative/Social"
415,22,"2",NA,"Negative/Social"
415,23,"2",NA,"Negative/Social"
415,24,"2",NA,"Negative/Social"
415,25,"2",NA,"Negative/Social"
415,26,"2",NA,"Negative/Social"
415,27,"2",NA,"Negative/Social"
415,28,"2",NA,"Negative/Social"
415,29,"2",NA,"Negative/Social"
415,30,"2",NA,"Negative/Social"
415,31,"2",NA,"Negative/Social"
415,32,"2",NA,"Negative/Social"
415,33,"2",NA,"Negative/Social"
415,34,"2",NA,"Negative/Social"
415,35,"2",NA,"Negative/Social"
415,36,"2",NA,"Negative/Social"
415,37,"2",NA,"Negative/Social"
415,38,"2",NA,"Negative/Social"
415,39,"2",NA,"Negative/Social"
415,40,"2",NA,"Negative/Social"
415,41,"2",1,"Negative/Social"
415,42,"2",NA,"Negative/Social"
415,43,"2",NA,"Negative/Social"
416,1,"1",NA,"Negative/Social"
416,4,"1",NA,"Negative/Social"
417,2,"1",6,"Negative/Social"
417,2,"1",7,"Negative/Social"
417,4,"1",NA,"Negative/Social"
417,5,"1",16,"Negative/Social"
417,7,"1",NA,"Negative/Social"
417,8,"1",NA,"Negative/Social"
417,8,"1",1,"Negative/Social"
417,9,"1",1,"Negative/Social"
417,10,"1",NA,"Negative/Social"
417,11,"1",4,"Negative/Social"
417,12,"1",2,"Negative/Social"
417,13,"1",2,"Negative/Social"
417,15,"1",NA,"Negative/Social"
417,18,"1",4,"Negative/Social"
417,18,"1",1,"Negative/Social"
417,19,"1",2,"Negative/Social"
417,20,"1",NA,"Negative/Social"
417,21,"1",2,"Negative/Social"
417,23,"1",NA,"Negative/Social"
417,23,"1",3,"Negative/Social"
417,26,"1",15,"Negative/Social"
417,26,"1",10,"Negative/Social"
417,27,"1",2,"Negative/Social"
417,29,"1",6,"Negative/Social"
417,30,"1",NA,"Negative/Social"
417,31,"1",4,"Negative/Social"
417,32,"1",10,"Negative/Social"
417,34,"1",NA,"Negative/Social"
417,35,"1",2,"Negative/Social"
417,36,"1",NA,"Negative/Social"
417,37,"1",10,"Negative/Social"
417,40,"1",8,"Negative/Social"
417,41,"1",NA,"Negative/Social"
417,42,"1",2,"Negative/Social"
417,43,"1",2,"Negative/Social"
418,1,"1",NA,"Negative/Social"
418,2,"1",4,"Negative/Social"
418,3,"1",3,"Negative/Social"
418,4,"1",3,"Negative/Social"
418,5,"1",2,"Negative/Social"
418,6,"1",NA,"Negative/Social"
418,7,"1",1,"Negative/Social"
418,8,"1",4,"Negative/Social"
418,9,"1",NA,"Negative/Social"
418,10,"1",1,"Negative/Social"
418,11,"1",6,"Negative/Social"
418,12,"1",10,"Negative/Social"
418,13,"1",NA,"Negative/Social"
418,14,"1",3,"Negative/Social"
418,15,"1",NA,"Negative/Social"
418,16,"1",NA,"Negative/Social"
418,17,"1",1,"Negative/Social"
418,18,"1",15,"Negative/Social"
418,19,"1",1,"Negative/Social"
418,20,"1",NA,"Negative/Social"
418,21,"1",NA,"Negative/Social"
418,22,"1",2,"Negative/Social"
418,23,"1",NA,"Negative/Social"
418,24,"1",NA,"Negative/Social"
418,25,"1",6,"Negative/Social"
418,26,"1",NA,"Negative/Social"
418,27,"1",NA,"Negative/Social"
418,28,"1",6,"Negative/Social"
418,29,"1",NA,"Negative/Social"
418,30,"1",3,"Negative/Social"
418,32,"1",NA,"Negative/Social"
418,33,"1",1,"Negative/Social"
418,34,"1",1,"Negative/Social"
418,35,"1",1,"Negative/Social"
418,36,"1",12,"Negative/Social"
418,37,"1",2,"Negative/Social"
418,38,"1",6,"Negative/Social"
418,40,"1",NA,"Negative/Social"
418,41,"1",1,"Negative/Social"
418,42,"1",4,"Negative/Social"
418,43,"1",NA,"Negative/Social"
420,1,"2",8,"Positive/Non-Social"
420,2,"2",NA,"Positive/Non-Social"
420,3,"2",NA,"Positive/Non-Social"
420,4,"2",4,"Positive/Non-Social"
420,5,"2",6,"Positive/Non-Social"
420,6,"2",4,"Positive/Non-Social"
420,7,"2",NA,"Positive/Non-Social"
420,8,"2",1,"Positive/Non-Social"
420,9,"2",NA,"Positive/Non-Social"
420,10,"2",NA,"Positive/Non-Social"
420,11,"2",2,"Positive/Non-Social"
420,12,"2",5,"Positive/Non-Social"
420,12,"2",5,"Positive/Non-Social"
420,13,"2",NA,"Positive/Non-Social"
420,14,"2",2,"Positive/Non-Social"
420,15,"2",2,"Positive/Non-Social"
420,17,"2",5,"Positive/Non-Social"
420,18,"2",1,"Positive/Non-Social"
420,19,"2",3,"Positive/Non-Social"
420,20,"2",NA,"Positive/Non-Social"
420,21,"2",NA,"Positive/Non-Social"
420,22,"2",1,"Positive/Non-Social"
420,23,"2",NA,"Positive/Non-Social"
420,24,"2",1,"Positive/Non-Social"
420,25,"2",2,"Positive/Non-Social"
420,26,"2",NA,"Positive/Non-Social"
420,27,"2",NA,"Positive/Non-Social"
420,28,"2",NA,"Positive/Non-Social"
420,29,"2",NA,"Positive/Non-Social"
420,30,"2",NA,"Positive/Non-Social"
420,31,"2",2,"Positive/Non-Social"
420,32,"2",1,"Positive/Non-Social"
420,33,"2",3,"Positive/Non-Social"
420,34,"2",1,"Positive/Non-Social"
420,35,"2",1,"Positive/Non-Social"
420,36,"2",2,"Positive/Non-Social"
420,37,"2",4,"Positive/Non-Social"
420,38,"2",NA,"Positive/Non-Social"
420,39,"2",NA,"Positive/Non-Social"
420,40,"2",4,"Positive/Non-Social"
420,41,"2",1,"Positive/Non-Social"
420,42,"2",1,"Positive/Non-Social"
420,43,"2",1,"Positive/Non-Social"
423,2,"1",15,"Positive/Non-Social"
423,3,"1",20,"Positive/Non-Social"
423,5,"1",1,"Positive/Non-Social"
423,6,"1",NA,"Positive/Non-Social"
423,7,"1",NA,"Positive/Non-Social"
423,8,"1",NA,"Positive/Non-Social"
423,9,"1",NA,"Positive/Non-Social"
423,10,"1",NA,"Positive/Non-Social"
423,11,"1",6,"Positive/Non-Social"
423,12,"1",1,"Positive/Non-Social"
423,13,"1",NA,"Positive/Non-Social"
423,14,"1",NA,"Positive/Non-Social"
423,15,"1",NA,"Positive/Non-Social"
423,16,"1",4,"Positive/Non-Social"
423,17,"1",20,"Positive/Non-Social"
423,19,"1",NA,"Positive/Non-Social"
423,20,"1",2,"Positive/Non-Social"
423,21,"1",3,"Positive/Non-Social"
423,23,"1",2,"Positive/Non-Social"
423,24,"1",20,"Positive/Non-Social"
423,25,"1",NA,"Positive/Non-Social"
423,26,"1",3,"Positive/Non-Social"
423,27,"1",1,"Positive/Non-Social"
423,28,"1",13,"Positive/Non-Social"
423,29,"1",NA,"Positive/Non-Social"
423,30,"1",2,"Positive/Non-Social"
423,31,"1",20,"Positive/Non-Social"
423,32,"1",NA,"Positive/Non-Social"
423,33,"1",NA,"Positive/Non-Social"
423,34,"1",NA,"Positive/Non-Social"
423,35,"1",5,"Positive/Non-Social"
423,36,"1",4,"Positive/Non-Social"
423,37,"1",NA,"Positive/Non-Social"
423,38,"1",25,"Positive/Non-Social"
423,39,"1",6,"Positive/Non-Social"
423,40,"1",25,"Positive/Non-Social"
423,42,"1",4,"Positive/Non-Social"
423,42,"1",2,"Positive/Non-Social"
423,43,"1",3,"Positive/Non-Social"
426,1,"1",NA,"Negative/Social"
426,2,"1",5,"Negative/Social"
426,3,"1",NA,"Negative/Social"
426,4,"1",6,"Negative/Social"
426,5,"1",1,"Negative/Social"
426,6,"1",NA,"Negative/Social"
426,7,"1",NA,"Negative/Social"
426,8,"1",NA,"Negative/Social"
426,9,"1",NA,"Negative/Social"
426,11,"1",NA,"Negative/Social"
426,13,"1",NA,"Negative/Social"
426,15,"1",NA,"Negative/Social"
426,16,"1",NA,"Negative/Social"
426,17,"1",NA,"Negative/Social"
426,18,"1",6,"Negative/Social"
426,19,"1",NA,"Negative/Social"
426,20,"1",NA,"Negative/Social"
426,21,"1",NA,"Negative/Social"
426,22,"1",NA,"Negative/Social"
426,23,"1",NA,"Negative/Social"
426,24,"1",NA,"Negative/Social"
426,25,"1",NA,"Negative/Social"
426,27,"1",NA,"Negative/Social"
426,30,"1",NA,"Negative/Social"
426,31,"1",NA,"Negative/Social"
426,32,"1",NA,"Negative/Social"
426,33,"1",3,"Negative/Social"
426,35,"1",NA,"Negative/Social"
426,36,"1",NA,"Negative/Social"
426,37,"1",NA,"Negative/Social"
426,38,"1",NA,"Negative/Social"
426,39,"1",NA,"Negative/Social"
426,40,"1",NA,"Negative/Social"
426,41,"1",1,"Negative/Social"
426,42,"1",NA,"Negative/Social"
426,43,"1",NA,"Negative/Social"
427,1,"2",NA,"Negative/Non-Social"
427,2,"2",5,"Negative/Non-Social"
427,3,"2",1,"Negative/Non-Social"
427,4,"2",NA,"Negative/Non-Social"
427,5,"2",7,"Negative/Non-Social"
427,6,"2",NA,"Negative/Non-Social"
427,8,"2",NA,"Negative/Non-Social"
427,9,"2",7,"Negative/Non-Social"
427,10,"2",2,"Negative/Non-Social"
427,12,"2",NA,"Negative/Non-Social"
427,13,"2",NA,"Negative/Non-Social"
427,14,"2",NA,"Negative/Non-Social"
427,16,"2",NA,"Negative/Non-Social"
427,17,"2",NA,"Negative/Non-Social"
427,18,"2",2,"Negative/Non-Social"
427,19,"2",3,"Negative/Non-Social"
427,21,"2",2,"Negative/Non-Social"
427,23,"2",NA,"Negative/Non-Social"
427,26,"2",5,"Negative/Non-Social"
427,28,"2",1,"Negative/Non-Social"
427,29,"2",NA,"Negative/Non-Social"
427,30,"2",NA,"Negative/Non-Social"
427,31,"2",2,"Negative/Non-Social"
427,32,"2",5,"Negative/Non-Social"
427,33,"2",7,"Negative/Non-Social"
427,34,"2",NA,"Negative/Non-Social"
427,35,"2",NA,"Negative/Non-Social"
427,36,"2",NA,"Negative/Non-Social"
427,37,"2",5,"Negative/Non-Social"
427,38,"2",3,"Negative/Non-Social"
427,39,"2",4,"Negative/Non-Social"
427,40,"2",2,"Negative/Non-Social"
427,42,"2",NA,"Negative/Non-Social"
427,43,"2",NA,"Negative/Non-Social"
431,1,"1",NA,"Negative/Non-Social"
431,2,"1",NA,"Negative/Non-Social"
431,3,"1",NA,"Negative/Non-Social"
431,4,"1",2,"Negative/Non-Social"
431,5,"1",NA,"Negative/Non-Social"
431,6,"1",NA,"Negative/Non-Social"
431,7,"1",NA,"Negative/Non-Social"
431,7,"1",NA,"Negative/Non-Social"
431,8,"1",NA,"Negative/Non-Social"
431,8,"1",NA,"Negative/Non-Social"
431,9,"1",NA,"Negative/Non-Social"
431,10,"1",NA,"Negative/Non-Social"
431,10,"1",NA,"Negative/Non-Social"
431,11,"1",NA,"Negative/Non-Social"
431,12,"1",NA,"Negative/Non-Social"
431,12,"1",NA,"Negative/Non-Social"
431,13,"1",NA,"Negative/Non-Social"
431,13,"1",NA,"Negative/Non-Social"
431,14,"1",6,"Negative/Non-Social"
431,15,"1",NA,"Negative/Non-Social"
431,16,"1",NA,"Negative/Non-Social"
431,17,"1",NA,"Negative/Non-Social"
431,18,"1",9,"Negative/Non-Social"
431,19,"1",5,"Negative/Non-Social"
431,20,"1",NA,"Negative/Non-Social"
431,21,"1",2,"Negative/Non-Social"
431,22,"1",NA,"Negative/Non-Social"
431,23,"1",NA,"Negative/Non-Social"
431,25,"1",NA,"Negative/Non-Social"
431,26,"1",NA,"Negative/Non-Social"
431,27,"1",1,"Negative/Non-Social"
431,28,"1",NA,"Negative/Non-Social"
431,29,"1",NA,"Negative/Non-Social"
431,30,"1",1,"Negative/Non-Social"
431,31,"1",NA,"Negative/Non-Social"
431,32,"1",5,"Negative/Non-Social"
431,33,"1",NA,"Negative/Non-Social"
431,34,"1",2,"Negative/Non-Social"
431,37,"1",NA,"Negative/Non-Social"
431,38,"1",2,"Negative/Non-Social"
431,40,"1",1,"Negative/Non-Social"
431,41,"1",3,"Negative/Non-Social"
431,42,"1",NA,"Negative/Non-Social"
431,43,"1",NA,"Negative/Non-Social"
432,1,"2",NA,"Negative/Non-Social"
432,2,"2",NA,"Negative/Non-Social"
432,3,"2",NA,"Negative/Non-Social"
432,5,"2",3,"Negative/Non-Social"
432,6,"2",NA,"Negative/Non-Social"
432,7,"2",NA,"Negative/Non-Social"
432,8,"2",NA,"Negative/Non-Social"
432,9,"2",NA,"Negative/Non-Social"
432,10,"2",NA,"Negative/Non-Social"
432,12,"2",NA,"Negative/Non-Social"
432,12,"2",NA,"Negative/Non-Social"
432,13,"2",NA,"Negative/Non-Social"
432,14,"2",NA,"Negative/Non-Social"
432,16,"2",NA,"Negative/Non-Social"
432,17,"2",NA,"Negative/Non-Social"
432,18,"2",NA,"Negative/Non-Social"
432,19,"2",NA,"Negative/Non-Social"
432,20,"2",2,"Negative/Non-Social"
432,21,"2",1,"Negative/Non-Social"
432,22,"2",NA,"Negative/Non-Social"
432,23,"2",NA,"Negative/Non-Social"
432,24,"2",NA,"Negative/Non-Social"
432,25,"2",NA,"Negative/Non-Social"
432,26,"2",NA,"Negative/Non-Social"
432,27,"2",NA,"Negative/Non-Social"
432,28,"2",NA,"Negative/Non-Social"
432,29,"2",NA,"Negative/Non-Social"
432,30,"2",NA,"Negative/Non-Social"
432,31,"2",NA,"Negative/Non-Social"
432,32,"2",4,"Negative/Non-Social"
432,33,"2",NA,"Negative/Non-Social"
432,34,"2",NA,"Negative/Non-Social"
432,35,"2",NA,"Negative/Non-Social"
432,36,"2",NA,"Negative/Non-Social"
432,37,"2",NA,"Negative/Non-Social"
432,39,"2",NA,"Negative/Non-Social"
432,40,"2",NA,"Negative/Non-Social"
432,41,"2",NA,"Negative/Non-Social"
432,42,"2",NA,"Negative/Non-Social"
432,43,"2",NA,"Negative/Non-Social"
437,1,"2",NA,"Positive/Non-Social"
437,3,"2",2,"Positive/Non-Social"
437,4,"2",3,"Positive/Non-Social"
437,5,"2",2,"Positive/Non-Social"
437,6,"2",NA,"Positive/Non-Social"
437,7,"2",NA,"Positive/Non-Social"
437,8,"2",NA,"Positive/Non-Social"
437,9,"2",NA,"Positive/Non-Social"
437,10,"2",NA,"Positive/Non-Social"
437,11,"2",NA,"Positive/Non-Social"
437,13,"2",NA,"Positive/Non-Social"
437,14,"2",NA,"Positive/Non-Social"
437,17,"2",5,"Positive/Non-Social"
437,18,"2",6,"Positive/Non-Social"
437,20,"2",NA,"Positive/Non-Social"
437,22,"2",NA,"Positive/Non-Social"
437,23,"2",NA,"Positive/Non-Social"
437,25,"2",7,"Positive/Non-Social"
437,26,"2",5,"Positive/Non-Social"
437,28,"2",NA,"Positive/Non-Social"
437,29,"2",NA,"Positive/Non-Social"
437,30,"2",2,"Positive/Non-Social"
437,31,"2",NA,"Positive/Non-Social"
437,32,"2",5,"Positive/Non-Social"
437,33,"2",NA,"Positive/Non-Social"
437,34,"2",NA,"Positive/Non-Social"
437,35,"2",NA,"Positive/Non-Social"
437,36,"2",NA,"Positive/Non-Social"
437,37,"2",NA,"Positive/Non-Social"
437,38,"2",7,"Positive/Non-Social"
437,39,"2",2,"Positive/Non-Social"
437,40,"2",NA,"Positive/Non-Social"
437,41,"2",NA,"Positive/Non-Social"
437,42,"2",1,"Positive/Non-Social"
437,43,"2",NA,"Positive/Non-Social"
438,NA,NA,NA,"NA/NA"
439,1,"2",NA,"Negative/Social"
439,2,"2",NA,"Negative/Social"
439,3,"2",NA,"Negative/Social"
439,4,"2",NA,"Negative/Social"
439,5,"2",10,"Negative/Social"
439,7,"2",NA,"Negative/Social"
439,8,"2",NA,"Negative/Social"
439,9,"2",NA,"Negative/Social"
439,10,"2",1,"Negative/Social"
439,12,"2",NA,"Negative/Social"
439,13,"2",NA,"Negative/Social"
439,13,"2",NA,"Negative/Social"
439,14,"2",NA,"Negative/Social"
439,15,"2",1,"Negative/Social"
439,16,"2",NA,"Negative/Social"
439,17,"2",2,"Negative/Social"
439,18,"2",15,"Negative/Social"
439,19,"2",15,"Negative/Social"
439,20,"2",NA,"Negative/Social"
439,21,"2",3,"Negative/Social"
439,22,"2",3,"Negative/Social"
439,23,"2",1,"Negative/Social"
439,25,"2",15,"Negative/Social"
439,26,"2",NA,"Negative/Social"
439,28,"2",NA,"Negative/Social"
439,29,"2",NA,"Negative/Social"
439,30,"2",3,"Negative/Social"
439,31,"2",2,"Negative/Social"
439,32,"2",8,"Negative/Social"
439,33,"2",NA,"Negative/Social"
439,34,"2",1,"Negative/Social"
439,35,"2",NA,"Negative/Social"
439,36,"2",NA,"Negative/Social"
439,37,"2",4,"Negative/Social"
439,38,"2",10,"Negative/Social"
439,39,"2",1,"Negative/Social"
439,40,"2",NA,"Negative/Social"
439,41,"2",NA,"Negative/Social"
439,42,"2",NA,"Negative/Social"
439,43,"2",NA,"Negative/Social"
440,1,"2",NA,"Positive/Social"
440,2,"2",NA,"Positive/Social"
440,3,"2",NA,"Positive/Social"
440,5,"2",NA,"Positive/Social"
440,6,"2",NA,"Positive/Social"
440,7,"2",NA,"Positive/Social"
440,8,"2",NA,"Positive/Social"
440,9,"2",NA,"Positive/Social"
440,10,"2",NA,"Positive/Social"
440,12,"2",NA,"Positive/Social"
440,14,"2",NA,"Positive/Social"
440,15,"2",NA,"Positive/Social"
440,16,"2",NA,"Positive/Social"
440,17,"2",NA,"Positive/Social"
440,18,"2",2,"Positive/Social"
440,19,"2",NA,"Positive/Social"
440,21,"2",3,"Positive/Social"
440,22,"2",NA,"Positive/Social"
440,23,"2",NA,"Positive/Social"
440,25,"2",3,"Positive/Social"
440,26,"2",NA,"Positive/Social"
440,29,"2",NA,"Positive/Social"
440,30,"2",NA,"Positive/Social"
440,31,"2",NA,"Positive/Social"
440,32,"2",NA,"Positive/Social"
440,33,"2",NA,"Positive/Social"
440,34,"2",NA,"Positive/Social"
440,35,"2",NA,"Positive/Social"
440,36,"2",NA,"Positive/Social"
440,37,"2",NA,"Positive/Social"
440,38,"2",NA,"Positive/Social"
440,39,"2",NA,"Positive/Social"
440,40,"2",NA,"Positive/Social"
440,41,"2",NA,"Positive/Social"
440,42,"2",NA,"Positive/Social"
440,43,"2",NA,"Positive/Social"
441,1,"1",2,"Positive/Non-Social"
441,2,"1",4,"Positive/Non-Social"
441,3,"1",NA,"Positive/Non-Social"
441,4,"1",10,"Positive/Non-Social"
441,5,"1",2,"Positive/Non-Social"
441,6,"1",10,"Positive/Non-Social"
441,7,"1",NA,"Positive/Non-Social"
441,8,"1",NA,"Positive/Non-Social"
441,9,"1",1,"Positive/Non-Social"
441,10,"1",8,"Positive/Non-Social"
441,12,"1",1,"Positive/Non-Social"
441,13,"1",NA,"Positive/Non-Social"
441,14,"1",NA,"Positive/Non-Social"
441,15,"1",NA,"Positive/Non-Social"
441,16,"1",5,"Positive/Non-Social"
441,17,"1",15,"Positive/Non-Social"
441,18,"1",10,"Positive/Non-Social"
441,19,"1",3,"Positive/Non-Social"
441,20,"1",2,"Positive/Non-Social"
441,21,"1",NA,"Positive/Non-Social"
441,22,"1",NA,"Positive/Non-Social"
441,23,"1",3,"Positive/Non-Social"
441,24,"1",NA,"Positive/Non-Social"
441,25,"1",3,"Positive/Non-Social"
441,27,"1",6,"Positive/Non-Social"
441,28,"1",NA,"Positive/Non-Social"
441,29,"1",NA,"Positive/Non-Social"
441,30,"1",1,"Positive/Non-Social"
441,31,"1",3,"Positive/Non-Social"
441,32,"1",4,"Positive/Non-Social"
441,33,"1",10,"Positive/Non-Social"
441,34,"1",NA,"Positive/Non-Social"
441,35,"1",NA,"Positive/Non-Social"
441,36,"1",NA,"Positive/Non-Social"
441,37,"1",NA,"Positive/Non-Social"
441,38,"1",5,"Positive/Non-Social"
441,39,"1",6,"Positive/Non-Social"
441,40,"1",10,"Positive/Non-Social"
441,41,"1",4,"Positive/Non-Social"
441,43,"1",NA,"Positive/Non-Social"
442,1,"2",NA,"Positive/Non-Social"
442,2,"2",NA,"Positive/Non-Social"
442,3,"2",NA,"Positive/Non-Social"
442,4,"2",6,"Positive/Non-Social"
442,5,"2",NA,"Positive/Non-Social"
442,6,"2",NA,"Positive/Non-Social"
442,7,"2",NA,"Positive/Non-Social"
442,8,"2",NA,"Positive/Non-Social"
442,9,"2",NA,"Positive/Non-Social"
442,10,"2",NA,"Positive/Non-Social"
442,11,"2",NA,"Positive/Non-Social"
442,12,"2",NA,"Positive/Non-Social"
442,13,"2",NA,"Positive/Non-Social"
442,14,"2",NA,"Positive/Non-Social"
442,15,"2",NA,"Positive/Non-Social"
442,16,"2",NA,"Positive/Non-Social"
442,17,"2",5,"Positive/Non-Social"
442,18,"2",NA,"Positive/Non-Social"
442,19,"2",NA,"Positive/Non-Social"
442,20,"2",1,"Positive/Non-Social"
442,21,"2",NA,"Positive/Non-Social"
442,22,"2",NA,"Positive/Non-Social"
442,23,"2",3,"Positive/Non-Social"
442,24,"2",NA,"Positive/Non-Social"
442,25,"2",NA,"Positive/Non-Social"
442,26,"2",NA,"Positive/Non-Social"
442,27,"2",NA,"Positive/Non-Social"
442,28,"2",NA,"Positive/Non-Social"
442,29,"2",NA,"Positive/Non-Social"
442,30,"2",NA,"Positive/Non-Social"
442,31,"2",1,"Positive/Non-Social"
442,32,"2",7,"Positive/Non-Social"
442,33,"2",1,"Positive/Non-Social"
442,34,"2",NA,"Positive/Non-Social"
442,35,"2",NA,"Positive/Non-Social"
442,36,"2",NA,"Positive/Non-Social"
442,37,"2",2,"Positive/Non-Social"
442,38,"2",2,"Positive/Non-Social"
442,39,"2",NA,"Positive/Non-Social"
442,40,"2",4,"Positive/Non-Social"
442,41,"2",NA,"Positive/Non-Social"
442,42,"2",NA,"Positive/Non-Social"
442,43,"2",NA,"Positive/Non-Social"
443,1,"2",NA,"Negative/Non-Social"
443,1,"2",NA,"Negative/Non-Social"
443,2,"2",NA,"Negative/Non-Social"
443,3,"2",NA,"Negative/Non-Social"
443,4,"2",NA,"Negative/Non-Social"
443,5,"2",NA,"Negative/Non-Social"
443,6,"2",NA,"Negative/Non-Social"
443,8,"2",NA,"Negative/Non-Social"
443,9,"2",NA,"Negative/Non-Social"
443,10,"2",NA,"Negative/Non-Social"
443,10,"2",NA,"Negative/Non-Social"
443,11,"2",NA,"Negative/Non-Social"
443,13,"2",NA,"Negative/Non-Social"
443,14,"2",NA,"Negative/Non-Social"
443,15,"2",NA,"Negative/Non-Social"
443,16,"2",NA,"Negative/Non-Social"
443,18,"2",NA,"Negative/Non-Social"
443,19,"2",1,"Negative/Non-Social"
443,20,"2",NA,"Negative/Non-Social"
443,21,"2",NA,"Negative/Non-Social"
443,22,"2",NA,"Negative/Non-Social"
443,24,"2",NA,"Negative/Non-Social"
443,25,"2",NA,"Negative/Non-Social"
443,26,"2",NA,"Negative/Non-Social"
443,27,"2",NA,"Negative/Non-Social"
443,28,"2",NA,"Negative/Non-Social"
443,29,"2",NA,"Negative/Non-Social"
443,30,"2",NA,"Negative/Non-Social"
443,31,"2",NA,"Negative/Non-Social"
443,32,"2",NA,"Negative/Non-Social"
443,33,"2",NA,"Negative/Non-Social"
443,34,"2",NA,"Negative/Non-Social"
443,34,"2",NA,"Negative/Non-Social"
443,35,"2",NA,"Negative/Non-Social"
443,36,"2",NA,"Negative/Non-Social"
443,37,"2",NA,"Negative/Non-Social"
443,38,"2",NA,"Negative/Non-Social"
443,39,"2",NA,"Negative/Non-Social"
443,40,"2",NA,"Negative/Non-Social"
443,41,"2",NA,"Negative/Non-Social"
443,42,"2",NA,"Negative/Non-Social"
443,43,"2",NA,"Negative/Non-Social"
444,1,"2",3,"Positive/Non-Social"
444,2,"2",NA,"Positive/Non-Social"
444,3,"2",NA,"Positive/Non-Social"
444,4,"2",1,"Positive/Non-Social"
444,5,"2",NA,"Positive/Non-Social"
444,6,"2",NA,"Positive/Non-Social"
444,7,"2",NA,"Positive/Non-Social"
444,8,"2",3,"Positive/Non-Social"
444,9,"2",NA,"Positive/Non-Social"
444,10,"2",NA,"Positive/Non-Social"
444,11,"2",NA,"Positive/Non-Social"
444,12,"2",1,"Positive/Non-Social"
444,13,"2",NA,"Positive/Non-Social"
444,14,"2",NA,"Positive/Non-Social"
444,15,"2",3,"Positive/Non-Social"
444,16,"2",NA,"Positive/Non-Social"
444,17,"2",NA,"Positive/Non-Social"
444,18,"2",NA,"Positive/Non-Social"
444,19,"2",1,"Positive/Non-Social"
444,20,"2",2,"Positive/Non-Social"
444,21,"2",1,"Positive/Non-Social"
444,22,"2",4,"Positive/Non-Social"
444,23,"2",NA,"Positive/Non-Social"
444,24,"2",NA,"Positive/Non-Social"
444,25,"2",NA,"Positive/Non-Social"
444,27,"2",1,"Positive/Non-Social"
444,28,"2",NA,"Positive/Non-Social"
444,29,"2",NA,"Positive/Non-Social"
444,30,"2",NA,"Positive/Non-Social"
444,31,"2",NA,"Positive/Non-Social"
444,32,"2",1,"Positive/Non-Social"
444,33,"2",NA,"Positive/Non-Social"
444,34,"2",1,"Positive/Non-Social"
444,35,"2",NA,"Positive/Non-Social"
444,36,"2",3,"Positive/Non-Social"
444,37,"2",NA,"Positive/Non-Social"
444,37,"2",NA,"Positive/Non-Social"
444,38,"2",NA,"Positive/Non-Social"
444,39,"2",NA,"Positive/Non-Social"
444,40,"2",NA,"Positive/Non-Social"
444,41,"2",2,"Positive/Non-Social"
444,42,"2",NA,"Positive/Non-Social"
444,43,"2",5,"Positive/Non-Social"
445,1,"2",NA,"Positive/Social"
445,2,"2",NA,"Positive/Social"
445,3,"2",NA,"Positive/Social"
445,4,"2",NA,"Positive/Social"
445,5,"2",NA,"Positive/Social"
445,6,"2",NA,"Positive/Social"
445,7,"2",NA,"Positive/Social"
445,8,"2",NA,"Positive/Social"
445,9,"2",NA,"Positive/Social"
445,10,"2",NA,"Positive/Social"
445,10,"2",NA,"Positive/Social"
445,12,"2",7,"Positive/Social"
445,13,"2",NA,"Positive/Social"
445,14,"2",NA,"Positive/Social"
445,16,"2",NA,"Positive/Social"
445,17,"2",1,"Positive/Social"
445,20,"2",NA,"Positive/Social"
445,21,"2",NA,"Positive/Social"
445,22,"2",NA,"Positive/Social"
445,23,"2",NA,"Positive/Social"
445,24,"2",2,"Positive/Social"
445,25,"2",2,"Positive/Social"
445,27,"2",1,"Positive/Social"
445,27,"2",1,"Positive/Social"
445,29,"2",NA,"Positive/Social"
445,30,"2",NA,"Positive/Social"
445,31,"2",NA,"Positive/Social"
445,33,"2",NA,"Positive/Social"
445,33,"2",NA,"Positive/Social"
445,35,"2",NA,"Positive/Social"
445,36,"2",NA,"Positive/Social"
445,38,"2",NA,"Positive/Social"
445,39,"2",NA,"Positive/Social"
445,40,"2",4,"Positive/Social"
445,41,"2",NA,"Positive/Social"
445,42,"2",NA,"Positive/Social"
445,43,"2",NA,"Positive/Social"
447,1,"1",NA,"Negative/Social"
447,2,"1",NA,"Negative/Social"
447,2,"1",NA,"Negative/Social"
447,3,"1",NA,"Negative/Social"
447,4,"1",NA,"Negative/Social"
447,5,"1",NA,"Negative/Social"
447,6,"1",NA,"Negative/Social"
447,7,"1",NA,"Negative/Social"
447,8,"1",NA,"Negative/Social"
447,9,"1",NA,"Negative/Social"
447,10,"1",NA,"Negative/Social"
447,11,"1",2,"Negative/Social"
447,12,"1",8,"Negative/Social"
447,13,"1",NA,"Negative/Social"
447,14,"1",NA,"Negative/Social"
447,15,"1",NA,"Negative/Social"
447,16,"1",NA,"Negative/Social"
447,17,"1",7,"Negative/Social"
447,18,"1",NA,"Negative/Social"
447,19,"1",8,"Negative/Social"
447,20,"1",NA,"Negative/Social"
447,21,"1",NA,"Negative/Social"
447,22,"1",NA,"Negative/Social"
447,23,"1",NA,"Negative/Social"
447,24,"1",NA,"Negative/Social"
447,25,"1",4,"Negative/Social"
447,26,"1",5,"Negative/Social"
447,27,"1",NA,"Negative/Social"
447,28,"1",NA,"Negative/Social"
447,29,"1",NA,"Negative/Social"
447,30,"1",NA,"Negative/Social"
447,31,"1",NA,"Negative/Social"
447,32,"1",5,"Negative/Social"
447,33,"1",NA,"Negative/Social"
447,34,"1",NA,"Negative/Social"
447,35,"1",NA,"Negative/Social"
447,36,"1",NA,"Negative/Social"
447,37,"1",NA,"Negative/Social"
447,38,"1",NA,"Negative/Social"
447,39,"1",11,"Negative/Social"
447,40,"1",1,"Negative/Social"
447,41,"1",NA,"Negative/Social"
447,42,"1",NA,"Negative/Social"
447,43,"1",8,"Negative/Social"
448,NA,NA,NA,"NA/NA"
449,1,"2",4,"Positive/Social"
449,2,"2",NA,"Positive/Social"
449,3,"2",2,"Positive/Social"
449,4,"2",10,"Positive/Social"
449,5,"2",5,"Positive/Social"
449,6,"2",NA,"Positive/Social"
449,7,"2",NA,"Positive/Social"
449,8,"2",3,"Positive/Social"
449,9,"2",NA,"Positive/Social"
449,10,"2",NA,"Positive/Social"
449,11,"2",4,"Positive/Social"
449,12,"2",8,"Positive/Social"
449,13,"2",NA,"Positive/Social"
449,14,"2",1,"Positive/Social"
449,15,"2",NA,"Positive/Social"
449,17,"2",7,"Positive/Social"
449,18,"2",NA,"Positive/Social"
449,20,"2",NA,"Positive/Social"
449,21,"2",NA,"Positive/Social"
449,22,"2",NA,"Positive/Social"
449,24,"2",3,"Positive/Social"
449,25,"2",6,"Positive/Social"
449,26,"2",3,"Positive/Social"
449,27,"2",4,"Positive/Social"
449,28,"2",NA,"Positive/Social"
449,29,"2",NA,"Positive/Social"
449,30,"2",5,"Positive/Social"
449,31,"2",NA,"Positive/Social"
449,32,"2",NA,"Positive/Social"
449,33,"2",4,"Positive/Social"
449,34,"2",NA,"Positive/Social"
449,35,"2",NA,"Positive/Social"
449,37,"2",NA,"Positive/Social"
449,38,"2",8,"Positive/Social"
449,39,"2",NA,"Positive/Social"
449,40,"2",8,"Positive/Social"
449,41,"2",NA,"Positive/Social"
449,42,"2",3,"Positive/Social"
449,43,"2",NA,"Positive/Social"
450,1,"1",NA,"Negative/Social"
450,2,"1",NA,"Negative/Social"
450,3,"1",NA,"Negative/Social"
450,4,"1",10,"Negative/Social"
450,5,"1",NA,"Negative/Social"
450,6,"1",NA,"Negative/Social"
450,7,"1",NA,"Negative/Social"
450,9,"1",NA,"Negative/Social"
450,10,"1",NA,"Negative/Social"
450,11,"1",NA,"Negative/Social"
450,12,"1",3,"Negative/Social"
450,14,"1",NA,"Negative/Social"
450,14,"1",NA,"Negative/Social"
450,15,"1",NA,"Negative/Social"
450,16,"1",NA,"Negative/Social"
450,17,"1",15,"Negative/Social"
450,18,"1",NA,"Negative/Social"
450,20,"1",12,"Negative/Social"
450,20,"1",4,"Negative/Social"
450,21,"1",NA,"Negative/Social"
450,23,"1",NA,"Negative/Social"
450,24,"1",NA,"Negative/Social"
450,25,"1",NA,"Negative/Social"
450,25,"1",NA,"Negative/Social"
450,26,"1",1,"Negative/Social"
450,27,"1",NA,"Negative/Social"
450,28,"1",NA,"Negative/Social"
450,29,"1",NA,"Negative/Social"
450,31,"1",NA,"Negative/Social"
450,32,"1",8,"Negative/Social"
450,33,"1",3,"Negative/Social"
450,34,"1",NA,"Negative/Social"
450,35,"1",NA,"Negative/Social"
450,36,"1",NA,"Negative/Social"
450,37,"1",2,"Negative/Social"
450,39,"1",10,"Negative/Social"
450,40,"1",1,"Negative/Social"
450,41,"1",NA,"Negative/Social"
450,42,"1",NA,"Negative/Social"
450,43,"1",NA,"Negative/Social"
451,3,"1",NA,"Negative/Social"
451,4,"1",NA,"Negative/Social"
451,5,"1",NA,"Negative/Social"
452,1,"2",NA,"Positive/Social"
452,2,"2",NA,"Positive/Social"
452,3,"2",3,"Positive/Social"
452,6,"2",NA,"Positive/Social"
452,7,"2",NA,"Positive/Social"
452,8,"2",NA,"Positive/Social"
452,10,"2",4,"Positive/Social"
452,12,"2",1,"Positive/Social"
452,13,"2",NA,"Positive/Social"
452,14,"2",NA,"Positive/Social"
452,17,"2",10,"Positive/Social"
452,18,"2",11,"Positive/Social"
452,19,"2",2,"Positive/Social"
452,20,"2",NA,"Positive/Social"
452,22,"2",NA,"Positive/Social"
452,24,"2",NA,"Positive/Social"
452,25,"2",10,"Positive/Social"
452,26,"2",NA,"Positive/Social"
452,27,"2",NA,"Positive/Social"
452,28,"2",NA,"Positive/Social"
452,31,"2",3,"Positive/Social"
452,32,"2",6,"Positive/Social"
452,34,"2",NA,"Positive/Social"
452,35,"2",NA,"Positive/Social"
452,37,"2",NA,"Positive/Social"
452,38,"2",NA,"Positive/Social"
452,39,"2",7,"Positive/Social"
452,40,"2",NA,"Positive/Social"
452,41,"2",6,"Positive/Social"
452,42,"2",NA,"Positive/Social"
452,43,"2",NA,"Positive/Social"
453,1,"1",1,"Negative/Social"
453,2,"1",NA,"Negative/Social"
453,3,"1",NA,"Negative/Social"
453,5,"1",9,"Negative/Social"
453,6,"1",NA,"Negative/Social"
453,7,"1",NA,"Negative/Social"
453,9,"1",NA,"Negative/Social"
453,10,"1",NA,"Negative/Social"
453,11,"1",15,"Negative/Social"
453,12,"1",NA,"Negative/Social"
453,14,"1",NA,"Negative/Social"
453,15,"1",NA,"Negative/Social"
453,17,"1",NA,"Negative/Social"
453,18,"1",NA,"Negative/Social"
453,19,"1",NA,"Negative/Social"
453,21,"1",4,"Negative/Social"
453,22,"1",3,"Negative/Social"
453,23,"1",1,"Negative/Social"
453,26,"1",7,"Negative/Social"
453,28,"1",NA,"Negative/Social"
453,30,"1",1,"Negative/Social"
453,31,"1",1,"Negative/Social"
453,32,"1",1,"Negative/Social"
453,33,"1",NA,"Negative/Social"
453,35,"1",NA,"Negative/Social"
453,36,"1",2,"Negative/Social"
453,38,"1",4,"Negative/Social"
453,39,"1",NA,"Negative/Social"
453,42,"1",NA,"Negative/Social"
453,43,"1",1,"Negative/Social"
454,1,"1",1,"Positive/Non-Social"
454,2,"1",NA,"Positive/Non-Social"
454,4,"1",4,"Positive/Non-Social"
454,7,"1",NA,"Positive/Non-Social"
454,9,"1",NA,"Positive/Non-Social"
454,9,"1",NA,"Positive/Non-Social"
454,10,"1",NA,"Positive/Non-Social"
454,10,"1",NA,"Positive/Non-Social"
454,11,"1",10,"Positive/Non-Social"
454,12,"1",NA,"Positive/Non-Social"
454,13,"1",1,"Positive/Non-Social"
454,14,"1",NA,"Positive/Non-Social"
454,15,"1",NA,"Positive/Non-Social"
454,16,"1",NA,"Positive/Non-Social"
454,17,"1",NA,"Positive/Non-Social"
454,18,"1",3,"Positive/Non-Social"
454,19,"1",NA,"Positive/Non-Social"
454,21,"1",1,"Positive/Non-Social"
454,22,"1",NA,"Positive/Non-Social"
454,23,"1",3,"Positive/Non-Social"
454,24,"1",NA,"Positive/Non-Social"
454,25,"1",10,"Positive/Non-Social"
454,26,"1",3,"Positive/Non-Social"
454,28,"1",NA,"Positive/Non-Social"
454,29,"1",NA,"Positive/Non-Social"
454,30,"1",NA,"Positive/Non-Social"
454,31,"1",8,"Positive/Non-Social"
454,32,"1",6,"Positive/Non-Social"
454,33,"1",NA,"Positive/Non-Social"
454,34,"1",NA,"Positive/Non-Social"
454,35,"1",NA,"Positive/Non-Social"
454,36,"1",NA,"Positive/Non-Social"
454,37,"1",1,"Positive/Non-Social"
454,38,"1",NA,"Positive/Non-Social"
454,39,"1",12,"Positive/Non-Social"
454,40,"1",NA,"Positive/Non-Social"
454,42,"1",NA,"Positive/Non-Social"
454,43,"1",NA,"Positive/Non-Social"
458,1,"2",NA,"Positive/Non-Social"
458,2,"2",2,"Positive/Non-Social"
458,4,"2",1,"Positive/Non-Social"
458,4,"2",NA,"Positive/Non-Social"
458,6,"2",NA,"Positive/Non-Social"
458,8,"2",NA,"Positive/Non-Social"
458,9,"2",NA,"Positive/Non-Social"
458,12,"2",NA,"Positive/Non-Social"
458,14,"2",NA,"Positive/Non-Social"
458,15,"2",NA,"Positive/Non-Social"
458,16,"2",NA,"Positive/Non-Social"
458,17,"2",NA,"Positive/Non-Social"
458,19,"2",8,"Positive/Non-Social"
458,20,"2",8,"Positive/Non-Social"
458,21,"2",NA,"Positive/Non-Social"
458,22,"2",NA,"Positive/Non-Social"
458,23,"2",NA,"Positive/Non-Social"
458,24,"2",NA,"Positive/Non-Social"
458,25,"2",8,"Positive/Non-Social"
458,26,"2",NA,"Positive/Non-Social"
458,27,"2",NA,"Positive/Non-Social"
458,28,"2",NA,"Positive/Non-Social"
458,29,"2",NA,"Positive/Non-Social"
458,30,"2",2,"Positive/Non-Social"
458,31,"2",NA,"Positive/Non-Social"
458,34,"2",3,"Positive/Non-Social"
458,35,"2",NA,"Positive/Non-Social"
458,36,"2",NA,"Positive/Non-Social"
458,37,"2",NA,"Positive/Non-Social"
458,38,"2",NA,"Positive/Non-Social"
458,40,"2",NA,"Positive/Non-Social"
458,42,"2",2,"Positive/Non-Social"
458,43,"2",NA,"Positive/Non-Social"
460,1,"2",1,"Positive/Social"
460,2,"2",15,"Positive/Social"
460,3,"2",NA,"Positive/Social"
460,4,"2",4,"Positive/Social"
460,5,"2",12,"Positive/Social"
460,6,"2",NA,"Positive/Social"
460,7,"2",NA,"Positive/Social"
460,8,"2",1,"Positive/Social"
460,9,"2",12,"Positive/Social"
460,10,"2",NA,"Positive/Social"
460,11,"2",NA,"Positive/Social"
460,12,"2",6,"Positive/Social"
460,13,"2",NA,"Positive/Social"
460,14,"2",NA,"Positive/Social"
460,15,"2",3,"Positive/Social"
460,16,"2",NA,"Positive/Social"
460,17,"2",NA,"Positive/Social"
460,18,"2",NA,"Positive/Social"
460,19,"2",4,"Positive/Social"
460,20,"2",5,"Positive/Social"
460,21,"2",NA,"Positive/Social"
460,22,"2",1,"Positive/Social"
460,23,"2",NA,"Positive/Social"
460,24,"2",1,"Positive/Social"
460,25,"2",8,"Positive/Social"
460,26,"2",NA,"Positive/Social"
460,27,"2",NA,"Positive/Social"
460,29,"2",NA,"Positive/Social"
460,30,"2",5,"Positive/Social"
460,31,"2",NA,"Positive/Social"
460,32,"2",2,"Positive/Social"
460,33,"2",2,"Positive/Social"
460,34,"2",NA,"Positive/Social"
460,35,"2",NA,"Positive/Social"
460,36,"2",2,"Positive/Social"
460,37,"2",5,"Positive/Social"
460,38,"2",7,"Positive/Social"
460,39,"2",7,"Positive/Social"
460,40,"2",2,"Positive/Social"
460,41,"2",NA,"Positive/Social"
460,42,"2",NA,"Positive/Social"
460,43,"2",2,"Positive/Social"
461,NA,"1",NA,"Positive/Non-Social"
462,1,"1",NA,"Negative/Social"
462,2,"1",NA,"Negative/Social"
462,3,"1",NA,"Negative/Social"
462,4,"1",NA,"Negative/Social"
462,7,"1",NA,"Negative/Social"
462,9,"1",NA,"Negative/Social"
462,10,"1",NA,"Negative/Social"
463,NA,"1",NA,"Positive/Non-Social"
466,NA,"2",NA,"Negative/Non-Social"
467,1,"2",NA,"Positive/Non-Social"
467,2,"2",NA,"Positive/Non-Social"
467,3,"2",1,"Positive/Non-Social"
467,4,"2",1,"Positive/Non-Social"
467,5,"2",3,"Positive/Non-Social"
467,7,"2",NA,"Positive/Non-Social"
467,8,"2",NA,"Positive/Non-Social"
467,10,"2",NA,"Positive/Non-Social"
467,11,"2",3,"Positive/Non-Social"
467,12,"2",10,"Positive/Non-Social"
467,13,"2",NA,"Positive/Non-Social"
467,14,"2",NA,"Positive/Non-Social"
467,15,"2",NA,"Positive/Non-Social"
467,16,"2",2,"Positive/Non-Social"
467,20,"2",NA,"Positive/Non-Social"
467,22,"2",NA,"Positive/Non-Social"
467,23,"2",NA,"Positive/Non-Social"
467,25,"2",1,"Positive/Non-Social"
467,26,"2",2,"Positive/Non-Social"
467,28,"2",NA,"Positive/Non-Social"
467,30,"2",NA,"Positive/Non-Social"
467,31,"2",NA,"Positive/Non-Social"
467,32,"2",NA,"Positive/Non-Social"
467,34,"2",NA,"Positive/Non-Social"
467,37,"2",NA,"Positive/Non-Social"
467,38,"2",NA,"Positive/Non-Social"
467,39,"2",5,"Positive/Non-Social"
467,40,"2",NA,"Positive/Non-Social"
467,41,"2",NA,"Positive/Non-Social"
467,42,"2",NA,"Positive/Non-Social"
467,43,"2",NA,"Positive/Non-Social"
468,1,"2",NA,"Positive/Social"
468,1,"2",NA,"Positive/Social"
468,1,"2",NA,"Positive/Social"
468,2,"2",NA,"Positive/Social"
468,3,"2",NA,"Positive/Social"
468,3,"2",NA,"Positive/Social"
468,4,"2",NA,"Positive/Social"
468,6,"2",5,"Positive/Social"
468,6,"2",NA,"Positive/Social"
468,7,"2",NA,"Positive/Social"
468,8,"2",NA,"Positive/Social"
468,10,"2",NA,"Positive/Social"
468,11,"2",NA,"Positive/Social"
468,12,"2",NA,"Positive/Social"
468,13,"2",NA,"Positive/Social"
468,14,"2",NA,"Positive/Social"
468,15,"2",NA,"Positive/Social"
468,16,"2",NA,"Positive/Social"
468,17,"2",NA,"Positive/Social"
468,19,"2",NA,"Positive/Social"
468,21,"2",3,"Positive/Social"
468,22,"2",NA,"Positive/Social"
468,23,"2",NA,"Positive/Social"
468,24,"2",NA,"Positive/Social"
468,25,"2",NA,"Positive/Social"
468,26,"2",5,"Positive/Social"
468,27,"2",NA,"Positive/Social"
468,28,"2",NA,"Positive/Social"
468,29,"2",NA,"Positive/Social"
468,30,"2",NA,"Positive/Social"
468,31,"2",NA,"Positive/Social"
468,33,"2",10,"Positive/Social"
468,34,"2",NA,"Positive/Social"
468,35,"2",NA,"Positive/Social"
468,37,"2",NA,"Positive/Social"
468,38,"2",NA,"Positive/Social"
468,41,"2",NA,"Positive/Social"
468,42,"2",NA,"Positive/Social"
468,43,"2",NA,"Positive/Social"
469,1,"2",NA,"Negative/Non-Social"
469,2,"2",NA,"Negative/Non-Social"
469,5,"2",1,"Negative/Non-Social"
469,6,"2",NA,"Negative/Non-Social"
469,7,"2",NA,"Negative/Non-Social"
469,8,"2",NA,"Negative/Non-Social"
469,9,"2",NA,"Negative/Non-Social"
469,10,"2",NA,"Negative/Non-Social"
469,11,"2",NA,"Negative/Non-Social"
469,12,"2",NA,"Negative/Non-Social"
469,13,"2",NA,"Negative/Non-Social"
469,14,"2",NA,"Negative/Non-Social"
469,15,"2",NA,"Negative/Non-Social"
469,16,"2",NA,"Negative/Non-Social"
469,17,"2",NA,"Negative/Non-Social"
469,18,"2",1,"Negative/Non-Social"
469,19,"2",4,"Negative/Non-Social"
469,20,"2",1,"Negative/Non-Social"
469,21,"2",4,"Negative/Non-Social"
469,22,"2",NA,"Negative/Non-Social"
469,23,"2",NA,"Negative/Non-Social"
469,24,"2",NA,"Negative/Non-Social"
469,26,"2",5,"Negative/Non-Social"
469,27,"2",NA,"Negative/Non-Social"
469,28,"2",NA,"Negative/Non-Social"
469,29,"2",2,"Negative/Non-Social"
469,31,"2",1,"Negative/Non-Social"
469,32,"2",4,"Negative/Non-Social"
469,33,"2",7,"Negative/Non-Social"
469,34,"2",NA,"Negative/Non-Social"
469,35,"2",NA,"Negative/Non-Social"
469,36,"2",1,"Negative/Non-Social"
469,37,"2",1,"Negative/Non-Social"
469,38,"2",2,"Negative/Non-Social"
469,39,"2",3,"Negative/Non-Social"
469,40,"2",1,"Negative/Non-Social"
469,41,"2",4,"Negative/Non-Social"
469,42,"2",NA,"Negative/Non-Social"
469,43,"2",2,"Negative/Non-Social"
470,14,"2",5,"Negative/Social"
470,15,"2",2,"Negative/Social"
470,17,"2",1,"Negative/Social"
470,19,"2",4,"Negative/Social"
470,21,"2",5,"Negative/Social"
470,22,"2",6,"Negative/Social"
470,24,"2",2,"Negative/Social"
470,25,"2",7,"Negative/Social"
470,29,"2",3,"Negative/Social"
470,30,"2",NA,"Negative/Social"
471,NA,NA,NA,"NA/NA"
472,NA,NA,NA,"NA/NA"
473,NA,NA,NA,"NA/NA"
